ranker_a,team,age,wins,losses,wins_pyth,losses_pyth,mov,sos,srs,ORtg,def_rtg,net_rtg,Pace,FTr,w,TS,DUMMY,efg_pct,TOV,orb_pct,ft_rate,opp_efg_pct,opp_tov_pct,drb_pct,opp_ft_rate,arena_name,attendance,attendance_per_g,ranker_b,g,mp,fg,FGA,fg_pct,fg3,fg3a,p3,fg2,fg2a,p2,ft,FTA,q,orb,drb,trb,ast,stl,blk,tov,pf,pts,season,FGA100,TSA100,ftm_fga,v2,v3,var100,sd100,w2
1,San Antonio Spurs,28.9,62,20,61,21,7.72,0.28,8.0,110.5,102.4,8.1,95.0,0.24,0.257,0.571,,0.537,13.5,22.7,0.188,0.482,12.8,76.4,0.184,AT&T Center,"755,031","18,415",6,82,19755,42.5,87.5,0.486,8.9,22.5,0.397,33.6,65.1,0.517,16.5,21.0,0.785,9.7,35.6,45.4,26.4,7.7,5.4,15.1,19.1,110.5,2014,92.10526315789474,101.83157894736844,0.1883999999999999,1.0171891086956522,2.1568930728900257,120.66646305862164,10.984828767833465,0.066049
2,Los Angeles Clippers,28.1,57,25,59,23,6.98,0.3,7.27,112.1,104.8,7.3,95.9,0.353,0.291,0.567,,0.526,12.7,25.0,0.258,0.484,13.8,72.5,0.222,STAPLES Center,"787,692","19,212",1,82,19755,40.6,85.6,0.474,8.8,24.9,0.352,31.8,60.7,0.525,22.0,30.2,0.73,10.9,33.8,44.6,25.5,8.9,5.0,14.4,22.4,112.1,2014,89.25964546402503,103.1157455683003,0.2575467289719626,1.0189239130434782,2.0556365063938618,117.8769374054666,10.857114598523246,0.0846809999999999
3,Oklahoma City Thunder,26.2,59,23,58,24,6.34,0.32,6.66,110.5,103.9,6.6,95.4,0.303,0.271,0.566,,0.52,14.0,26.5,0.244,0.488,13.9,75.6,0.221,Chesapeake Energy Arena,"746,323","18,203",7,82,19805,40.6,86.1,0.471,8.4,23.3,0.361,32.1,62.8,0.512,21.0,26.1,0.806,11.3,35.3,46.6,22.8,8.6,6.4,15.9,23.6,110.5,2014,90.25157232704402,102.28930817610062,0.2443275261324042,1.0164200869565216,2.0783104936061383,117.70541355802168,10.849212577787462,0.073441
4,Miami Heat,30.6,54,28,54,28,4.76,-0.61,4.15,110.9,105.8,5.1,91.2,0.3,0.292,0.59,,0.554,14.6,20.6,0.228,0.511,15.8,73.0,0.212,AmericanAirlines Arena,"811,036","19,781",5,82,19880,41.6,83.0,0.501,8.8,24.2,0.364,32.8,58.8,0.558,18.9,24.9,0.76,8.3,31.7,40.0,24.4,9.7,4.9,16.0,21.1,110.9,2014,91.00877192982456,103.0219298245614,0.2279999999999999,1.0063700869565215,2.086101728900256,120.28190053896893,10.967310542652148,0.0852639999999999
5,Golden State Warriors,26.3,51,31,54,28,4.8,0.34,5.15,107.5,102.6,4.9,96.2,0.247,0.291,0.55,,0.517,13.8,25.1,0.186,0.477,13.6,76.3,0.224,Oracle Arena,"803,436","19,596",12,82,19830,40.7,88.1,0.462,9.7,25.6,0.38,31.0,62.5,0.496,16.4,21.8,0.753,11.3,35.5,46.7,24.0,8.1,5.1,15.7,22.4,107.5,2014,91.58004158004158,101.55093555093552,0.1863269012485812,1.0201524130434785,2.12301624168798,122.8166921522582,11.08226926907383,0.0846809999999999
6,Indiana Pacers,27.2,56,26,54,28,4.4,-0.77,3.63,104.1,99.3,4.8,92.5,0.29,0.235,0.535,,0.49,14.3,24.9,0.226,0.46,12.9,76.8,0.197,Bankers Life Fieldhouse,"717,542","17,501",23,82,19780,38.7,86.2,0.449,7.2,20.2,0.357,31.5,66.0,0.477,19.5,25.0,0.779,10.9,37.1,48.1,21.7,7.2,5.9,16.2,22.0,104.1,2014,93.1891891891892,105.08108108108108,0.2259280742459397,1.0165969347826087,2.068380673913044,117.769339439812,10.852158284867208,0.0552249999999999
7,Houston Rockets,25.4,54,28,53,29,4.56,0.5,5.06,111.0,106.3,4.7,96.3,0.386,0.33,0.571,,0.531,14.6,27.4,0.275,0.489,12.5,74.1,0.193,Toyota Center,"743,082","18,124",4,82,19830,39.2,83.0,0.472,9.8,27.4,0.358,29.4,55.6,0.529,22.8,32.0,0.712,11.6,35.1,46.7,22.1,7.8,5.8,16.6,21.1,111.0,2014,86.18899273104881,100.80996884735202,0.2745060240963855,1.0189246956521738,2.0714084194373403,117.75522215327742,10.851507828559008,0.1089
8,Portland Trail Blazers,25.8,54,28,52,30,3.99,0.45,4.44,111.5,107.4,4.1,94.9,0.27,0.29,0.548,,0.504,12.4,28.0,0.22,0.488,10.9,74.7,0.194,Moda Center,"809,612","19,747",2,82,19855,40.9,90.9,0.45,9.8,26.4,0.372,31.1,64.5,0.481,20.0,24.5,0.815,13.0,35.5,48.5,24.3,5.8,4.9,14.3,20.1,111.5,2014,95.78503688092728,107.14436248682824,0.2196644664466446,1.0149445869565217,2.104664875959079,127.48638513460928,11.290986898168349,0.0841
9,Toronto Raptors,25.6,48,34,50,32,3.24,-0.69,2.55,108.8,105.3,3.5,91.8,0.306,0.285,0.545,,0.498,13.2,27.2,0.239,0.493,14.1,74.9,0.237,Air Canada Centre,"748,339","18,252",10,82,19955,39.2,88.0,0.445,9.3,25.1,0.372,29.8,62.9,0.475,21.1,26.9,0.782,12.2,33.4,45.7,22.7,7.6,4.5,15.2,24.6,108.8,2014,95.86056644880176,108.7538126361656,0.2390431818181818,1.01603,2.104942,127.14657185185185,11.275928868694226,0.0812249999999999
10,Phoenix Suns,26.2,48,34,48,34,2.63,0.39,3.02,109.5,106.7,2.8,95.8,0.293,0.3,0.558,,0.519,14.0,26.4,0.222,0.496,13.9,73.7,0.237,US Airways Center,"650,739","15,872",8,82,19755,40.2,86.8,0.463,9.7,26.1,0.372,30.5,60.8,0.503,19.3,25.4,0.758,11.8,33.0,44.8,19.8,8.7,4.7,16.0,22.8,109.5,2014,90.60542797494782,102.2713987473904,0.2218110599078341,1.019902695652174,2.105124301790281,121.9068106539092,11.041141727824582,0.09
11,Minnesota Timberwolves,26.3,40,42,48,34,2.67,0.43,3.1,108.9,106.2,2.7,97.3,0.321,0.245,0.535,,0.486,12.2,27.4,0.249,0.518,14.8,74.4,0.177,Target Center,"597,157","14,565",9,82,19855,39.6,89.1,0.444,7.5,21.8,0.341,32.2,67.3,0.478,22.2,28.6,0.778,12.7,32.8,45.6,24.4,8.9,3.7,14.2,18.7,108.9,2014,91.57245632065776,104.50565262076051,0.2497283950617284,1.0168374782608696,2.024900508951407,115.73045348561416,10.757808953760712,0.0600249999999999
12,Dallas Mavericks,30.6,49,33,48,34,2.4,0.5,2.91,111.2,108.7,2.5,93.5,0.253,0.274,0.564,,0.526,12.7,24.6,0.201,0.515,14.8,72.7,0.229,American Airlines Center,"817,982","19,951",3,82,19830,42.0,88.7,0.474,9.3,24.3,0.384,32.7,64.4,0.508,17.8,22.4,0.795,10.9,32.5,43.4,25.0,9.1,4.6,14.4,21.2,111.2,2014,94.8663101604278,105.40748663101604,0.2007666290868094,1.0174586739130431,2.131188487212276,125.47214012037308,11.201434734906645,0.075076
13,Chicago Bulls,28.6,48,34,47,35,1.85,-0.66,1.2,102.5,100.5,2.0,90.2,0.29,0.222,0.518,,0.471,14.2,27.2,0.226,0.471,13.7,75.4,0.189,United Center,"890,370","21,716",28,82,19930,38.0,87.8,0.432,6.8,19.5,0.348,31.2,68.3,0.456,19.8,25.5,0.779,12.5,35.8,48.3,24.8,7.9,5.7,16.3,20.9,102.5,2014,97.33924611973391,109.77827050997784,0.2262471526195899,1.0109689347826087,2.0444856739130435,120.74054029528584,10.98820004801905,0.049284
14,Memphis Grizzlies,28.5,50,32,46,36,1.57,0.61,2.18,106.3,104.6,1.7,89.9,0.248,0.171,0.529,,0.494,13.1,28.3,0.184,0.497,13.8,75.7,0.199,FedEx Forum,"685,458","16,718",15,82,19805,42.1,90.7,0.464,5.5,15.5,0.353,36.6,75.2,0.487,16.7,22.5,0.741,12.8,34.1,46.9,24.2,8.5,5.1,15.2,21.1,106.3,2014,100.88987764182424,111.90211345939932,0.1838202866593164,1.020184760869565,2.058218627877238,120.83465147719517,10.992481588667554,0.029241
15,Washington Wizards,26.3,44,38,45,37,1.27,-0.79,0.48,106.0,104.6,1.4,93.2,0.248,0.246,0.538,,0.506,13.6,25.2,0.181,0.504,15.0,75.7,0.22,Verizon Center,"698,068","17,026",16,82,20055,40.8,88.8,0.459,8.3,21.9,0.38,32.5,67.0,0.485,16.1,22.0,0.731,11.4,33.0,44.4,24.5,8.6,4.8,15.5,21.5,106.0,2014,95.27896995708154,105.66523605150212,0.1811036036036036,1.020473804347826,2.1231660217391304,123.07528409501774,11.09393005634242,0.060516
16,Charlotte Bobcats,25.5,43,39,40,42,-0.22,-0.67,-0.89,103.6,103.8,-0.2,92.4,0.297,0.219,0.522,,0.481,11.7,21.9,0.219,0.491,12.6,77.6,0.183,Time Warner Cable Arena,"636,268","15,519",24,82,19905,38.8,87.8,0.442,6.7,19.2,0.351,32.1,68.6,0.468,19.2,26.1,0.737,10.1,35.5,45.6,23.2,6.5,5.5,13.2,19.5,103.6,2014,95.021645021645,107.45021645021644,0.2190854214123007,1.0169725869565218,2.052917523017902,118.1921531973572,10.871621461279693,0.047961
17,Atlanta Hawks,27.5,38,44,40,42,-0.48,-0.4,-0.88,105.9,106.4,-0.5,94.6,0.266,0.316,0.554,,0.515,14.3,21.0,0.208,0.51,14.0,74.4,0.196,Philips Arena,"587,927","14,231",19,82,19830,39.1,85.5,0.458,9.8,27.1,0.363,29.3,58.5,0.502,17.8,22.8,0.781,9.1,32.8,41.9,26.1,8.7,4.2,16.0,20.2,105.9,2014,90.38054968287528,100.98520084566596,0.2082666666666667,1.0185751956521738,2.08348491943734,122.47347795506182,11.066773601870684,0.099856
18,New York Knicks,28.3,37,45,39,43,-0.79,-0.61,-1.4,108.3,109.1,-0.8,90.3,0.248,0.302,0.541,,0.505,12.5,25.1,0.189,0.514,14.0,74.3,0.245,Madison Square Garden (IV),"812,292","19,812",11,82,19855,40.5,90.2,0.449,10.2,27.3,0.372,30.4,63.0,0.482,17.0,22.4,0.761,11.7,32.6,44.3,22.0,8.5,4.9,14.2,24.3,108.3,2014,99.88925802879292,110.80398671096346,0.1889844789356984,1.0184734565217393,2.1051024002557543,134.5144106945215,11.59803477725953,0.091204
19,Brooklyn Nets,30.0,44,38,38,44,-1.0,-0.58,-1.58,106.7,107.7,-1.0,91.4,0.313,0.301,0.555,,0.514,14.1,21.7,0.236,0.509,14.9,72.3,0.236,Barclays Center,"707,331","17,252",14,82,19880,38.7,84.4,0.459,9.4,25.4,0.369,29.3,59.0,0.497,19.9,26.4,0.753,9.5,31.8,41.3,22.6,9.3,4.1,15.7,23.5,106.7,2014,92.3413566739606,105.05032822757111,0.2355355450236966,1.0201804130434782,2.0981672416879795,124.16721602897802,11.14303441747256,0.0906009999999999
20,Denver Nuggets,26.0,36,46,35,47,-2.15,0.75,-1.4,106.0,108.2,-2.2,98.1,0.306,0.278,0.536,,0.497,14.0,27.5,0.222,0.5,12.8,74.5,0.233,Pepsi Center,"692,898","16,900",17,82,19755,39.0,87.2,0.447,8.7,24.3,0.358,30.3,63.0,0.481,19.4,26.7,0.726,12.5,33.7,46.2,22.8,7.6,5.7,16.2,23.4,106.0,2014,88.8888888888889,100.86442405708462,0.222295871559633,1.0201781739130436,2.0713221636828645,116.6574402728048,10.800807389857704,0.077284
21,New Orleans Pelicans,24.3,34,48,33,49,-2.71,0.73,-1.98,107.2,110.1,-2.9,92.2,0.286,0.193,0.537,,0.495,12.9,26.9,0.22,0.515,13.6,73.8,0.249,Smoothie King Center,"672,029","16,391",13,82,19855,40.7,88.7,0.459,6.4,17.1,0.373,34.3,71.6,0.479,19.5,25.4,0.769,12.2,32.6,44.8,22.9,8.5,6.9,14.8,24.4,107.2,2014,96.20390455531454,108.32537960954448,0.2202096956031566,1.0175445869565218,2.1073377583120205,118.12633746507092,10.868594088706732,0.037249
22,Sacramento Kings,24.9,28,54,33,49,-2.9,0.82,-2.08,105.7,108.8,-3.1,94.4,0.331,0.218,0.532,,0.484,13.9,27.8,0.251,0.512,12.7,76.6,0.234,Sleep Train Arena,"667,949","16,291",20,82,19830,38.8,86.8,0.447,6.3,18.9,0.333,32.5,67.9,0.479,21.8,28.7,0.759,12.7,34.1,46.8,19.8,7.5,4.1,16.0,23.7,105.7,2014,91.94915254237289,105.32627118644066,0.2509596774193549,1.0181185,2.001572029411765,113.32837591625125,10.645580111776496,0.047524
23,Cleveland Cavaliers,24.9,33,49,32,50,-3.29,-0.57,-3.86,104.2,107.7,-3.5,93.1,0.268,0.236,0.518,,0.479,13.0,27.2,0.201,0.508,13.0,75.8,0.199,Quicken Loans Arena,"710,522","17,330",22,82,19930,39.3,90.0,0.437,7.6,21.2,0.356,31.7,68.7,0.461,18.1,24.1,0.751,12.8,34.0,46.8,22.5,7.5,3.9,15.0,21.2,104.2,2014,96.6702470461869,108.06015037593986,0.2011011111111111,1.0142419782608694,2.0660064207161124,122.0421641259158,11.04726953260016,0.0556959999999999
24,Detroit Pistons,24.7,29,53,31,51,-3.66,-0.48,-4.13,105.9,109.7,-3.8,94.9,0.296,0.222,0.514,,0.482,12.9,31.4,0.199,0.52,13.8,73.4,0.218,The Palace of Auburn Hills,"616,005","15,025",18,82,19780,40.7,91.1,0.447,6.5,20.2,0.321,34.2,70.9,0.483,18.1,27.0,0.67,15.3,32.3,47.6,21.9,8.8,5.0,15.2,21.3,105.9,2014,95.99578503688092,108.51422550052683,0.1985729967069155,1.0228766086956522,1.9647411023017909,118.2639778121846,10.874924266963175,0.049284
25,Boston Celtics,25.4,25,57,28,54,-4.46,-0.51,-4.97,102.9,107.7,-4.8,93.3,0.248,0.251,0.517,,0.477,14.2,27.4,0.193,0.505,13.4,74.2,0.227,TD Garden,"742,400","18,107",27,82,19730,39.1,89.7,0.435,7.5,22.5,0.333,31.6,67.2,0.47,17.3,22.2,0.777,12.8,32.7,45.4,22.5,7.6,4.5,16.4,22.7,102.9,2014,96.14147909967846,106.61093247588424,0.1923010033444816,1.015233804347826,2.001436315856778,121.40463658721391,11.018377221134422,0.063001
26,Orlando Magic,24.6,23,59,26,56,-5.44,-0.44,-5.88,101.7,107.4,-5.7,93.6,0.253,0.235,0.525,,0.487,13.9,22.4,0.193,0.504,13.0,75.5,0.211,Amway Center,"666,046","16,245",29,82,19955,38.8,87.1,0.445,7.2,20.5,0.353,31.6,66.6,0.474,16.8,22.0,0.763,10.2,34.1,44.3,22.2,8.1,4.5,15.7,21.6,101.7,2014,93.05555555555556,103.3974358974359,0.1927210103329506,1.0169515434782608,2.0580626585677746,117.40006655573316,10.835131127759052,0.0552249999999999
27,Los Angeles Lakers,26.8,27,55,25,57,-6.29,0.96,-5.33,104.2,110.6,-6.4,98.7,0.263,0.291,0.542,,0.505,13.7,20.2,0.199,0.513,12.4,71.0,0.192,STAPLES Center,"771,974","18,829",21,82,19705,38.7,86.2,0.45,9.6,25.1,0.381,29.2,61.1,0.478,17.2,22.6,0.757,9.2,32.3,41.5,24.8,7.5,5.5,15.3,20.1,104.2,2014,87.3353596757852,97.41033434650456,0.1984709976798143,1.0180586739130435,2.1251385460358057,117.04850113435272,10.818895559822764,0.0846809999999999
28,Utah Jazz,24.5,25,57,22,60,-7.17,0.91,-6.27,103.5,111.3,-7.8,91.4,0.271,0.237,0.523,,0.484,13.9,25.5,0.202,0.518,12.1,74.5,0.227,EnergySolutions Arena,"745,203","18,176",25,82,19780,39.2,88.3,0.444,7.2,20.9,0.344,32.0,67.4,0.474,17.9,23.9,0.747,12.0,32.9,44.9,22.1,7.6,4.9,15.9,22.6,103.5,2014,96.60831509846828,108.11378555798689,0.2021891279728199,1.0178385,2.03363444117647,121.5894997708907,11.026762887216297,0.056169
29,Milwaukee Bucks,24.7,15,67,20,62,-8.18,-0.23,-8.41,103.0,111.8,-8.8,91.8,0.274,0.231,0.519,,0.479,14.1,27.1,0.204,0.52,13.2,71.4,0.225,BMO Harris Bradley Center,"552,067","13,465",26,82,19880,38.8,88.6,0.438,7.2,20.4,0.353,31.6,68.2,0.464,18.1,24.2,0.747,12.8,31.6,44.3,23.2,7.1,5.3,16.3,22.5,103.0,2014,96.51416122004358,108.11328976034858,0.2040338600451467,1.0153585,2.0581774411764706,121.24588370531846,11.0111708598731,0.053361
30,Philadelphia 76ers,23.4,19,63,16,66,-10.45,-0.21,-10.66,99.4,109.9,-10.5,99.2,0.268,0.258,0.51,,0.475,14.8,24.8,0.19,0.524,14.9,72.4,0.244,Wells Fargo Center,"568,632","13,869",30,82,19855,37.9,87.2,0.435,7.0,22.5,0.312,30.9,64.6,0.477,16.6,23.4,0.71,11.6,31.2,42.7,21.8,9.3,4.0,16.9,22.5,99.4,2014,87.90322580645162,98.28225806451611,0.1905275229357798,1.0202644347826086,1.934800291560102,110.42532319000082,10.508345406865956,0.066564
1,Golden State Warriors,26.6,67,15,65,17,10.1,-0.09,10.01,111.6,101.4,10.2,98.3,0.239,0.311,0.571,,0.54,13.1,24.1,0.184,0.47,14.3,74.5,0.217,Oracle Arena,"803,436","19,596",2,82,19730,42.2,88.3,0.478,10.9,27.4,0.398,31.3,60.9,0.514,16.3,21.2,0.768,10.6,34.8,45.4,27.8,9.4,6.1,14.7,20.2,111.6,2015,89.82706002034588,99.31637843336723,0.1843895809739524,1.018582956521739,2.1588703120204604,123.35162585597824,11.106377710846065,0.096721
2,Los Angeles Clippers,28.8,56,26,58,24,6.59,0.22,6.8,112.4,105.5,6.9,94.7,0.303,0.322,0.565,,0.533,11.6,22.8,0.215,0.493,13.2,75.7,0.231,STAPLES Center,"785,892","19,168",1,82,19730,41.5,87.7,0.473,10.6,28.3,0.376,30.8,59.4,0.519,18.9,26.5,0.71,10.1,34.8,44.9,26.1,8.2,5.3,13.0,22.5,112.4,2015,92.60823653643084,104.9208025343189,0.2145381984036487,1.0209364347826086,2.1145122915601022,127.15739322103182,11.27640870228779,0.103684
3,San Antonio Spurs,29.8,55,27,58,24,6.2,0.14,6.34,108.5,102.0,6.5,93.8,0.256,0.269,0.555,,0.517,13.1,23.4,0.2,0.484,13.3,77.3,0.19,AT&T Center,"762,855","18,606",7,82,19955,41.1,87.9,0.468,8.7,23.7,0.367,32.5,64.2,0.505,17.5,22.5,0.78,10.3,35.6,45.9,25.7,8.4,5.7,14.7,20.1,108.5,2015,93.71002132196162,104.26439232409383,0.1996587030716723,1.0185521739130434,2.093212810741688,122.53858668532357,11.06971484209614,0.072361
4,Atlanta Hawks,27.8,60,22,56,26,5.43,-0.68,4.75,108.9,103.1,5.8,93.9,0.259,0.321,0.563,,0.527,13.5,21.4,0.201,0.492,14.9,73.4,0.185,Philips Arena,"713,909","17,412",6,82,19730,40.4,86.7,0.466,10.6,27.9,0.38,29.8,58.9,0.506,17.5,22.5,0.778,9.3,33.8,43.1,27.3,9.6,4.9,15.1,18.9,108.9,2015,92.33226837060704,102.87539936102236,0.2019031141868512,1.0186294782608696,2.1228295089514067,126.77937759249896,11.259634878294188,0.103041
5,Cleveland Cavaliers,26.9,53,29,53,29,4.48,-0.4,4.08,111.1,106.3,4.8,92.3,0.287,0.334,0.557,,0.52,13.4,26.8,0.216,0.502,12.6,74.7,0.177,Quicken Loans Arena,"843,042","20,562",3,82,19780,40.6,88.6,0.458,10.9,29.6,0.367,29.7,58.9,0.504,19.1,25.4,0.751,12.0,34.3,46.3,23.8,7.9,4.5,15.4,19.8,111.1,2015,95.99133261105092,108.0996749729144,0.2152979683972911,1.0202619782608695,2.0934294207161126,132.343241059616,11.504053244818367,0.111556
6,Portland Trail Blazers,27.0,51,31,53,29,4.23,0.18,4.41,108.2,103.7,4.5,94.2,0.225,0.316,0.544,,0.508,12.6,24.2,0.18,0.476,11.3,76.2,0.182,Moda Center,"798,368","19,472",9,82,19855,40.7,90.4,0.45,10.4,28.6,0.362,30.4,61.8,0.491,16.3,20.4,0.801,11.3,37.0,48.2,23.1,6.7,4.8,14.3,19.2,108.2,2015,95.96602972399153,105.49469214437369,0.1807566371681415,1.0170019782608697,2.080846185421995,129.85899999387493,11.39556931416219,0.099856
7,Houston Rockets,27.6,56,26,50,32,3.44,0.38,3.82,107.0,103.4,3.6,96.5,0.312,0.392,0.548,,0.512,15.0,26.8,0.223,0.486,14.6,72.9,0.208,Toyota Center,"747,412","18,230",12,82,19805,38.1,85.8,0.444,11.7,33.6,0.348,26.3,52.1,0.506,19.1,26.8,0.715,12.0,32.9,45.0,22.8,9.8,5.1,17.1,22.6,107.0,2015,88.9119170984456,101.1316062176166,0.2233333333333333,1.0220054565217391,2.0449304002557542,126.52094980014256,11.248153172860984,0.153664
8,Memphis Grizzlies,29.6,55,27,50,32,3.24,0.38,3.62,105.7,102.2,3.5,92.0,0.276,0.184,0.531,,0.489,12.6,24.7,0.214,0.492,14.5,75.3,0.183,FedEx Forum,"710,502","17,329",13,82,19905,40.6,88.7,0.458,5.5,16.3,0.339,35.1,72.3,0.485,18.9,24.5,0.773,11.2,34.5,45.8,23.3,9.2,4.5,14.3,20.5,105.7,2015,96.41304347826087,108.1304347826087,0.2135118376550169,1.0181729347826087,2.019179262148338,115.92300367705218,10.766754556367122,0.033856
9,Toronto Raptors,26.1,49,33,49,33,3.07,-0.62,2.45,111.0,107.7,3.3,92.8,0.295,0.302,0.553,,0.508,12.0,25.6,0.232,0.506,13.4,73.3,0.208,Air Canada Centre,"809,824","19,752",4,82,19855,40.5,88.9,0.455,9.5,26.8,0.352,31.0,62.1,0.499,20.6,26.2,0.787,11.5,32.9,44.4,22.1,8.0,4.6,13.8,22.3,111.0,2015,95.79741379310344,108.21982758620692,0.2319392575928008,1.0182167608695651,2.0552219808184145,127.54394265673174,11.293535436555365,0.091204
10,Chicago Bulls,28.8,50,32,50,32,3.0,-0.46,2.54,107.5,104.3,3.2,92.8,0.304,0.269,0.536,,0.489,12.9,27.0,0.238,0.473,11.3,74.4,0.182,United Center,"886,612","21,625",11,82,19880,39.0,88.4,0.442,8.4,23.7,0.353,30.7,64.7,0.474,21.1,26.9,0.783,12.5,36.3,48.8,23.2,6.7,6.2,14.9,19.5,107.5,2015,95.25862068965516,108.01293103448276,0.2382658371040723,1.0157645869565215,2.0579090524296677,123.46483622642428,11.11147317984543,0.072361
11,Dallas Mavericks,29.9,50,32,49,33,2.9,0.46,3.36,109.5,106.4,3.1,95.2,0.262,0.296,0.55,,0.515,11.9,23.6,0.197,0.503,14.7,72.2,0.204,American Airlines Center,"827,702","20,188",5,82,19880,41.3,89.3,0.463,9.3,26.4,0.352,32.0,62.8,0.509,17.6,23.4,0.752,10.9,33.1,44.0,23.4,8.4,4.7,13.5,20.9,109.5,2015,93.80252100840336,104.61764705882354,0.1970526315789473,1.019947304347826,2.055487345268542,124.4259633108298,11.154638645461796,0.0876159999999999
12,Oklahoma City Thunder,25.4,45,37,47,35,2.18,0.28,2.47,107.8,105.5,2.3,95.7,0.284,0.262,0.532,,0.492,13.1,28.9,0.214,0.489,12.4,75.6,0.213,Chesapeake Energy Arena,"746,323","18,203",10,82,19830,40.3,90.0,0.447,8.0,23.6,0.339,32.3,66.4,0.486,19.3,25.5,0.754,13.3,36.0,49.3,21.3,7.6,5.7,15.2,23.1,107.8,2015,94.04388714733544,105.7680250783699,0.2136333333333333,1.019377304347826,2.019320109974425,120.50429336257008,10.97744475561458,0.068644
13,New Orleans Pelicans,25.3,45,37,43,39,0.79,0.34,1.13,108.2,107.3,0.9,91.4,0.263,0.233,0.537,,0.501,12.5,27.1,0.198,0.496,11.7,75.1,0.195,Smoothie King Center,"683,757","16,677",8,82,19780,41.3,90.2,0.457,7.8,21.0,0.37,33.5,69.2,0.484,17.9,23.8,0.751,12.5,34.8,47.3,24.0,7.3,6.8,14.4,20.3,108.2,2015,98.6870897155361,110.144420131291,0.1981574279379157,1.0193019782608694,2.1005304207161126,125.45381195058566,11.200616587964506,0.054289
14,Washington Wizards,28.6,46,36,43,39,0.72,-0.55,0.17,103.7,103.0,0.7,93.7,0.259,0.203,0.534,,0.499,14.0,24.9,0.192,0.481,12.9,77.3,0.21,Verizon Center,"747,796","18,239",22,82,19955,40.3,87.2,0.462,6.4,17.7,0.36,33.9,69.4,0.488,16.8,22.6,0.742,11.1,36.0,47.0,25.3,7.7,4.9,15.8,21.9,103.7,2015,93.06296691568836,103.67556029882606,0.1923073394495413,1.020232260869565,2.0762928337595907,114.8967075612552,10.718988178053712,0.041209
15,Milwaukee Bucks,24.6,41,41,42,40,0.43,-0.52,-0.09,102.7,102.2,0.5,94.1,0.258,0.223,0.536,,0.499,15.5,25.4,0.195,0.487,15.9,73.3,0.221,BMO Harris Bradley Center,"593,910","14,813",26,82,19930,39.5,86.0,0.459,7.0,19.2,0.363,32.5,66.8,0.486,16.8,22.2,0.757,11.2,32.9,44.2,24.7,10.1,5.2,17.6,23.2,102.7,2015,91.39213602550478,101.77258235919234,0.1954116279069767,1.0192106739130435,2.083666546035805,114.84192632528382,10.716432537243158,0.049729
16,Indiana Pacers,28.3,38,44,42,40,0.28,-0.51,-0.23,103.5,103.2,0.3,93.2,0.266,0.255,0.523,,0.484,13.1,24.0,0.201,0.478,12.0,77.9,0.217,Bankers Life Fieldhouse,"691,434","16,864",23,82,19855,38.9,88.5,0.439,7.9,22.6,0.352,31.0,66.0,0.469,17.8,23.6,0.756,11.1,36.6,47.7,22.8,6.6,4.9,14.9,22.6,103.5,2015,94.95708154506436,106.09871244635193,0.2016,1.0162064347826087,2.0554587621483376,121.6605111331405,11.029982372295091,0.065025
17,Utah Jazz,23.4,38,44,42,40,0.22,0.49,0.71,105.1,104.9,0.2,90.4,0.297,0.274,0.531,,0.494,14.6,29.1,0.214,0.491,12.8,76.3,0.199,EnergySolutions Arena,"772,059","18,831",17,82,19705,39.1,87.5,0.447,8.2,24.0,0.343,30.9,63.5,0.486,18.7,26.0,0.721,13.3,35.3,48.6,22.0,8.4,6.6,16.9,21.3,105.1,2015,96.79203539823008,109.44690265486724,0.2142399999999999,1.0210811086956522,2.0309886023017905,125.6162933297309,11.207867474668449,0.075076
18,Boston Celtics,25.0,40,42,41,41,0.16,-0.56,-0.4,104.7,104.5,0.2,95.8,0.233,0.28,0.523,,0.489,12.5,24.7,0.176,0.494,13.7,75.0,0.208,TD Garden,"721,350","17,594",18,82,19880,40.2,90.8,0.443,8.3,25.5,0.327,31.9,65.4,0.488,15.9,21.1,0.754,11.5,33.8,45.3,25.3,8.5,3.7,14.3,21.9,104.7,2015,94.78079331941544,104.47181628392484,0.1752136563876652,1.019585304347826,1.9832481099744248,122.21138706162137,11.054925918413987,0.0784
19,Phoenix Suns,25.7,39,43,38,44,-0.9,0.52,-0.38,105.3,106.2,-0.9,96.3,0.251,0.291,0.537,,0.501,13.7,24.5,0.191,0.497,14.0,73.5,0.221,US Airways Center,"693,862","16,923",16,82,19880,39.8,88.3,0.452,8.8,25.7,0.341,31.1,62.6,0.497,16.8,22.2,0.76,11.2,33.1,44.4,20.8,8.8,4.8,15.5,21.9,105.3,2015,91.6926272066459,101.83592938733123,0.1910758776896942,1.0197900869565215,2.025036728900256,120.3297805991669,10.96949317877389,0.0846809999999999
20,Detroit Pistons,25.9,32,50,38,44,-1.0,-0.39,-1.39,105.3,106.4,-1.1,92.8,0.261,0.29,0.515,,0.482,12.3,27.7,0.184,0.502,13.2,75.0,0.192,The Palace of Auburn Hills,"625,917","15,266",14,82,19830,39.7,91.8,0.432,9.2,26.6,0.344,30.5,65.1,0.468,16.8,24.0,0.703,13.7,34.3,48.0,23.1,8.1,5.0,14.3,20.3,105.3,2015,98.92241379310344,110.30172413793105,0.1837908496732026,1.0185986739130437,2.0339129578005117,129.88906802895428,11.39688852402068,0.0841
21,Miami Heat,28.5,37,45,33,49,-2.6,-0.32,-2.92,103.9,106.7,-2.8,90.9,0.306,0.262,0.54,,0.5,14.5,23.2,0.227,0.505,14.2,73.4,0.213,AmericanAirlines Arena,"808,223","19,713",21,82,19730,38.6,84.7,0.456,7.4,22.2,0.335,31.2,62.5,0.499,19.2,26.0,0.741,10.0,32.9,42.9,21.8,8.6,5.0,16.2,21.9,103.9,2015,93.17931793179318,105.76457645764576,0.227461629279811,1.0208567608695651,2.0076746278772384,119.21390281580445,10.918511932301234,0.068644
22,Brooklyn Nets,28.6,38,44,33,49,-2.88,-0.25,-3.13,104.4,107.4,-3.0,92.7,0.267,0.24,0.529,,0.491,13.0,23.9,0.2,0.506,12.9,73.7,0.185,Barclays Center,"698,529","17,037",20,82,19930,39.9,88.4,0.451,7.0,21.2,0.331,32.8,67.2,0.489,17.6,23.6,0.748,11.0,34.1,45.1,22.3,7.5,4.4,14.7,20.5,104.4,2015,95.361380798274,106.56310679611651,0.1996923076923077,1.0200046956521738,1.9956024782608697,119.5973005949064,10.93605507461015,0.0576
23,Charlotte Hornets,26.0,33,49,32,50,-3.17,-0.27,-3.44,100.1,103.5,-3.4,93.0,0.269,0.226,0.498,,0.456,11.2,22.1,0.202,0.487,12.0,79.3,0.188,Time Warner Cable Arena,"704,886","17,192",28,82,19905,37.8,89.9,0.42,6.5,20.3,0.318,31.3,69.6,0.45,18.1,24.2,0.748,10.6,36.2,46.9,21.5,6.5,5.8,12.7,19.4,100.1,2015,96.66666666666669,108.11612903225806,0.2013526140155728,1.010488695652174,1.9545354782608693,118.3048492904348,10.876803266145563,0.051076
24,Denver Nuggets,26.4,30,52,31,51,-3.55,0.48,-3.07,104.5,108.2,-3.7,96.1,0.278,0.284,0.518,,0.479,12.7,26.6,0.204,0.504,13.0,74.7,0.239,Pepsi Center,"602,707","14,700",19,82,19880,38.9,89.9,0.433,8.3,25.5,0.325,30.6,64.4,0.476,18.4,25.0,0.734,12.7,33.3,46.0,22.5,8.1,4.6,14.6,23.6,104.5,2015,93.5483870967742,104.99479708636838,0.2041156840934371,1.0189181739130435,1.9771213989769825,120.77544775840276,10.989788340018327,0.0806559999999999
25,Sacramento Kings,26.0,29,53,31,51,-3.71,0.64,-3.07,105.3,109.2,-3.9,95.4,0.363,0.204,0.542,,0.49,14.8,26.5,0.276,0.507,11.8,75.2,0.2,Sleep Train Arena,"680,049","16,587",15,82,19855,38.2,83.9,0.455,5.8,17.1,0.341,32.3,66.8,0.484,23.2,30.4,0.762,11.3,34.6,45.9,21.1,7.0,4.1,16.9,21.5,105.3,2015,87.94549266247378,101.9664570230608,0.2761001191895113,1.018688608695652,2.0250220434782613,107.643579461143,10.37514238269254,0.0416159999999999
26,Orlando Magic,24.3,25,57,25,57,-5.72,-0.15,-5.87,101.6,107.7,-6.1,93.8,0.23,0.235,0.524,,0.494,14.0,23.1,0.168,0.514,13.6,76.0,0.21,Amway Center,"688,194","16,785",27,82,19755,39.8,87.9,0.453,7.2,20.7,0.347,32.6,67.2,0.486,14.8,20.3,0.729,10.6,33.7,44.4,21.9,8.4,4.1,15.8,22.2,101.6,2015,93.71002132196162,103.23240938166312,0.168358361774744,1.020689804347826,2.042097962915601,118.14216570322938,10.869322228328194,0.0552249999999999
27,Los Angeles Lakers,27.0,21,61,23,59,-6.84,0.67,-6.17,103.4,110.6,-7.2,94.0,0.276,0.22,0.513,,0.473,12.1,25.4,0.204,0.518,12.1,76.3,0.231,STAPLES Center,"768,244","18,738",24,82,19930,39.1,89.9,0.435,6.8,19.8,0.344,32.3,70.1,0.461,18.4,24.8,0.741,12.2,33.9,46.1,22.0,7.4,4.7,13.9,22.3,103.4,2015,95.63829787234044,107.2468085106383,0.2044137931034482,1.014776760869565,2.033675627877238,118.48958786579963,10.88529227286983,0.0484
28,Minnesota Timberwolves,24.4,16,66,19,63,-8.79,0.79,-8.0,102.9,112.2,-9.3,94.4,0.309,0.179,0.517,,0.468,13.7,26.6,0.24,0.537,13.9,71.6,0.187,Target Center,"595,652","14,416",25,82,19805,38.3,87.5,0.438,5.2,15.7,0.332,33.1,71.8,0.461,21.0,27.1,0.776,12.2,30.9,43.1,22.7,8.6,4.2,15.8,20.2,102.9,2015,92.69067796610167,105.3220338983051,0.2403382857142857,1.0128099130434782,1.998429094629156,110.23106760899364,10.499098418864053,0.032041
29,Philadelphia 76ers,23.2,18,64,18,64,-8.98,-0.07,-9.04,95.5,104.8,-9.3,95.7,0.288,0.319,0.494,,0.459,16.0,25.5,0.195,0.497,15.2,73.0,0.225,Wells Fargo Center,"571,572","13,941",30,82,19805,35.0,85.8,0.408,8.8,27.3,0.32,26.2,58.4,0.449,16.7,24.7,0.676,12.4,32.1,44.5,21.3,10.0,6.2,18.4,22.5,95.5,2015,89.6551724137931,101.01149425287356,0.1946060606060606,1.013402956521739,1.9614809002557545,117.97184598239704,10.861484520193224,0.101761
30,New York Knicks,26.9,17,65,17,65,-9.32,-0.18,-9.5,99.9,110.0,-10.1,91.2,0.234,0.24,0.508,,0.47,14.0,24.5,0.18,0.512,13.3,73.1,0.234,Madison Square Garden (IV),"812,292","19,812",29,82,19855,38.2,89.2,0.428,7.4,21.4,0.347,30.8,67.8,0.454,16.1,20.9,0.769,11.5,32.4,43.9,23.1,7.6,5.1,16.0,23.4,99.9,2015,97.80701754385964,107.890350877193,0.1801804932735425,1.010844586956522,2.0418177583120203,123.0684329044959,11.09362127100506,0.0576
1,San Antonio Spurs,30.3,67,15,67,15,10.63,-0.36,10.28,110.3,99.0,11.3,93.8,0.246,0.223,0.564,,0.526,12.4,23.0,0.197,0.477,14.1,79.1,0.182,AT&T Center,"756,445","18,450",4,82,19705,42.7,88.3,0.484,7.4,19.7,0.375,35.3,68.6,0.515,17.4,21.7,0.803,10.0,36.8,46.8,26.1,8.8,6.3,13.9,18.6,110.3,2016,94.136460554371,104.31556503198294,0.1973397508493771,1.0162946739130434,2.1116001930946293,118.66350869314972,10.89327814265062,0.049729
2,Golden State Warriors,27.4,73,9,65,17,10.76,-0.38,10.38,114.5,103.8,10.7,99.3,0.25,0.362,0.593,,0.563,13.5,23.5,0.191,0.479,12.6,76.0,0.208,Oracle Arena,"803,436","19,596",1,82,19880,42.4,87.0,0.487,13.1,31.5,0.416,29.3,55.5,0.528,16.6,21.8,0.763,9.9,36.1,46.0,28.8,8.4,6.1,15.1,20.7,114.5,2016,87.61329305135952,97.27291037260828,0.1911885057471264,1.0165195434782608,2.1890396585677747,126.24828679480146,11.236026290232749,0.131044
3,Oklahoma City Thunder,25.8,55,27,59,23,7.28,-0.19,7.09,113.1,105.6,7.5,96.7,0.292,0.275,0.565,,0.524,14.0,31.1,0.228,0.484,11.7,76.0,0.205,Chesapeake Energy Arena,"746,323","18,203",2,82,19830,42.2,88.6,0.476,8.5,24.3,0.349,33.7,64.3,0.524,20.2,25.9,0.782,13.4,36.5,49.9,23.6,7.5,6.1,16.3,21.2,113.1,2016,91.62357807652532,103.40847983453982,0.2285981941309255,1.016226,2.047189,119.08690495863496,10.912694669907838,0.075625
4,Cleveland Cavaliers,28.1,57,25,57,25,6.0,-0.55,5.45,110.9,104.5,6.4,93.3,0.259,0.352,0.558,,0.524,12.7,25.1,0.194,0.496,12.6,78.5,0.205,Quicken Loans Arena,"843,042","20,562",3,82,19855,41.1,89.3,0.46,11.4,31.5,0.362,29.7,57.8,0.514,17.3,23.1,0.748,11.3,36.0,47.3,24.1,7.1,4.1,14.4,21.6,110.9,2016,95.71275455519827,106.60664523043944,0.193491601343785,1.0197046956521738,2.0812554782608697,133.36333547904377,11.548304441737054,0.1239039999999999
5,Toronto Raptors,26.3,56,26,53,29,4.5,-0.42,4.08,110.0,105.2,4.8,92.9,0.328,0.287,0.552,,0.504,12.3,24.6,0.255,0.498,12.7,77.7,0.201,Air Canada Centre,"812,863","19,826",5,82,19780,39.3,87.1,0.451,9.2,25.0,0.37,30.0,62.1,0.483,22.2,28.6,0.777,10.9,35.6,46.5,20.1,8.3,5.9,14.0,21.0,110.0,2016,93.756727664155,107.30247578040904,0.255134328358209,1.017677804347826,2.1003373158567777,124.54653867550373,11.16004205527487,0.0823689999999999
6,Los Angeles Clippers,29.7,53,29,53,29,4.28,-0.15,4.13,108.3,103.8,4.5,95.8,0.318,0.324,0.556,,0.524,12.1,20.1,0.22,0.48,13.8,73.8,0.222,STAPLES Center,"786,910","19,193",8,82,19830,39.7,85.4,0.465,10.1,27.7,0.364,29.6,57.7,0.513,18.8,27.2,0.692,9.1,34.5,43.6,23.7,9.0,5.8,13.4,22.1,108.3,2016,89.14405010438414,101.63674321503132,0.2204028103044496,1.022490956521739,2.086534076726343,121.88139374297477,11.039990658645268,0.104976
7,Atlanta Hawks,28.2,48,34,51,31,3.61,-0.12,3.49,105.1,101.4,3.7,97.1,0.237,0.336,0.552,,0.516,13.8,19.1,0.185,0.48,14.4,74.6,0.194,Philips Arena,"690,150","16,833",22,82,19830,39.5,86.3,0.458,10.2,29.0,0.35,29.3,57.3,0.512,16.0,20.4,0.783,8.5,34.5,43.0,26.2,9.3,6.1,15.3,19.6,105.1,2016,88.87744593202883,98.12152420185376,0.1850892236384704,1.0178925869565216,2.0498900524296677,121.2860498055402,11.012994588464128,0.112896
8,Boston Celtics,25.2,48,34,50,32,3.21,-0.37,2.84,106.8,103.6,3.2,98.5,0.264,0.293,0.531,,0.488,12.1,25.1,0.208,0.487,14.6,74.6,0.231,TD Garden,"749,076","18,270",10,82,19780,39.6,90.2,0.439,8.8,26.4,0.335,30.8,63.8,0.483,18.7,23.8,0.788,11.7,33.7,45.4,24.4,9.3,4.3,13.9,22.1,106.8,2016,91.57360406091372,102.20507614213196,0.207920177383592,1.0170022608695652,2.0073248925831204,119.7019742486697,10.940839741476417,0.085849
9,Charlotte Hornets,26.0,48,34,49,33,2.72,-0.36,2.36,107.2,104.3,2.9,95.6,0.28,0.348,0.545,,0.502,11.7,20.0,0.222,0.496,12.5,79.8,0.191,Time Warner Cable Arena,"716,894","17,485",9,82,19855,38.4,87.5,0.439,11.0,30.5,0.362,27.3,57.0,0.479,19.4,24.5,0.79,9.3,36.3,45.5,22.5,7.5,5.5,13.0,18.8,107.2,2016,91.52719665271968,102.80334728033472,0.2212,1.0162686086956525,2.080937631713555,126.9274843219296,11.266209847234766,0.1211039999999999
10,Utah Jazz,24.2,40,42,46,36,1.79,0.05,1.84,105.9,103.9,2.0,91.0,0.286,0.297,0.54,,0.501,14.2,25.9,0.213,0.495,13.5,77.7,0.21,Vivint Smart Home Arena,"791,489","19,305",16,82,19955,39.1,87.1,0.449,9.2,25.9,0.355,29.9,61.3,0.488,18.5,24.9,0.744,11.6,35.2,46.9,20.5,8.3,5.6,16.2,21.9,105.9,2016,95.71428571428572,107.75384615384615,0.2126934557979334,1.0201266086956522,2.06345416112532,127.29951106915236,11.28270849881146,0.088209
11,Miami Heat,28.4,48,34,46,36,1.65,-0.14,1.5,106.1,104.4,1.7,93.6,0.282,0.221,0.545,,0.508,13.3,23.8,0.21,0.485,12.1,77.8,0.196,AmericanAirlines Arena,"809,350","19,740",13,82,19830,40.7,86.6,0.47,6.4,19.1,0.336,34.3,67.5,0.508,18.2,24.4,0.744,10.4,36.4,46.8,22.1,7.2,6.9,14.9,19.4,106.1,2016,92.52136752136752,103.991452991453,0.2096258660508083,1.020446608695652,2.01061516112532,114.65931214804904,10.70790885971902,0.048841
12,Indiana Pacers,26.9,45,37,46,36,1.71,-0.09,1.62,104.6,102.9,1.7,96.6,0.268,0.27,0.536,,0.497,13.5,23.4,0.205,0.489,14.3,76.0,0.205,Bankers Life Fieldhouse,"690,733","16,847",25,82,19880,39.3,87.3,0.45,8.3,23.6,0.351,31.0,63.7,0.486,17.9,23.4,0.764,10.6,34.7,45.3,21.7,9.3,4.9,15.2,20.5,104.6,2016,90.37267080745342,101.03105590062113,0.2047835051546391,1.0188142608695652,2.0527272455242964,117.30108481905768,10.830562534746646,0.0729
13,Portland Trail Blazers,24.3,44,38,43,39,0.83,0.15,0.98,108.8,108.0,0.8,96.0,0.268,0.332,0.548,,0.511,13.2,25.9,0.202,0.503,12.1,76.2,0.225,Moda Center,"794,085","19,368",6,82,19805,40.0,88.9,0.45,10.9,29.5,0.37,29.1,59.4,0.49,18.0,23.8,0.754,12.0,35.1,47.1,22.1,7.1,4.8,15.1,22.5,108.8,2016,92.60416666666669,103.5125,0.2018582677165354,1.0197613043478262,2.100509109974425,127.6612867604476,11.29872943124348,0.110224
14,Detroit Pistons,25.0,44,38,43,39,0.61,-0.18,0.43,106.1,105.5,0.6,95.1,0.296,0.303,0.522,,0.491,12.2,27.0,0.197,0.504,12.5,79.3,0.196,The Palace of Auburn Hills,"677,138","16,516",14,82,19880,39.5,90.0,0.439,9.4,27.3,0.345,30.1,62.7,0.48,17.8,26.6,0.668,13.0,35.3,48.2,20.2,7.3,3.9,14.1,19.8,106.1,2016,94.63722397476342,106.944269190326,0.1974311111111111,1.0225060869565217,2.0368946112531967,125.85480850016542,11.218502952719025,0.091809
15,Houston Rockets,27.8,41,41,42,40,0.2,0.14,0.34,108.3,108.1,0.2,97.6,0.352,0.37,0.553,,0.516,14.2,25.7,0.244,0.516,14.8,72.8,0.219,Toyota Center,"737,244","17,982",7,82,19830,38.4,84.9,0.452,10.9,31.4,0.347,27.5,53.5,0.514,20.7,29.8,0.694,11.5,32.2,43.8,22.6,10.2,5.3,16.2,22.2,108.3,2016,86.98770491803279,100.422131147541,0.2435948174322732,1.0222990434782608,2.042306217391304,121.75683826376516,11.034348112315705,0.1369
16,Dallas Mavericks,30.3,42,40,40,42,-0.3,0.29,-0.02,106.7,107.0,-0.3,94.3,0.265,0.339,0.544,,0.502,12.0,20.6,0.211,0.504,12.8,76.2,0.198,American Airlines Center,"825,901","20,144",11,82,20005,39.0,87.8,0.444,10.3,29.8,0.344,28.7,58.0,0.495,18.5,23.3,0.794,9.6,35.4,44.9,23.1,7.1,3.9,13.3,20.3,106.7,2016,93.10710498409333,103.97879109225876,0.2107084282460137,1.017678695652174,2.033276772378517,126.8087526548877,11.26093924390358,0.114921
17,Washington Wizards,27.3,41,41,40,42,-0.5,0.0,-0.5,105.3,105.8,-0.5,98.5,0.263,0.282,0.544,,0.511,13.1,20.6,0.192,0.515,14.6,77.7,0.218,Verizon Center,"725,426","17,693",20,82,19755,40.0,86.8,0.46,8.7,24.5,0.358,31.2,62.3,0.501,16.6,22.8,0.73,9.2,33.2,42.3,24.7,8.7,4.0,14.6,21.1,105.3,2016,88.12182741116752,98.30659898477155,0.1917511520737327,1.0214199130434782,2.0712965063938618,116.09919568890076,10.774933674454834,0.0795239999999999
18,Chicago Bulls,27.6,42,40,37,45,-1.48,0.01,-1.46,105.0,106.5,-1.5,95.7,0.24,0.244,0.526,,0.487,12.6,24.5,0.189,0.485,10.7,74.9,0.182,United Center,"894,659","21,821",23,82,19905,39.9,90.3,0.441,8.2,22.1,0.371,31.7,68.2,0.464,17.1,21.7,0.787,11.4,36.4,47.8,23.6,6.2,5.9,14.4,19.5,105.0,2016,94.35736677115987,104.33437826541274,0.1891240310077519,1.0130367608695654,2.1025889808184144,120.67245713594434,10.985101598799364,0.059536
19,Orlando Magic,23.9,35,47,36,46,-1.62,-0.06,-1.68,105.1,106.8,-1.7,96.0,0.232,0.255,0.533,,0.5,12.8,23.1,0.175,0.513,13.8,76.5,0.215,Amway Center,"719,275","17,515",21,82,19905,40.7,89.4,0.455,8.0,22.8,0.35,32.7,66.6,0.492,15.7,20.7,0.757,10.6,34.0,44.6,24.3,8.5,5.2,14.5,21.4,105.1,2016,93.125,102.6125,0.1752785234899328,1.0197386739130434,2.050087546035805,119.43072988084238,10.92843675375588,0.065025
20,Sacramento Kings,26.6,33,49,34,48,-2.48,0.16,-2.32,106.0,108.4,-2.4,100.0,0.295,0.26,0.546,,0.51,14.2,23.9,0.214,0.521,14.0,74.9,0.202,Sleep Train Arena,"707,526","17,222",15,82,19805,39.8,85.9,0.464,8.0,22.3,0.359,31.8,63.6,0.5,18.4,25.3,0.725,10.5,33.5,44.0,24.4,8.9,4.5,16.1,20.3,106.0,2016,85.9,97.032,0.2135331781140861,1.021671195652174,2.0738755076726343,111.26148681118671,10.54805606788221,0.0676
21,Memphis Grizzlies,30.5,42,40,35,47,-2.24,0.11,-2.14,105.4,107.8,-2.4,93.3,0.295,0.222,0.524,,0.477,12.3,25.3,0.231,0.518,15.2,75.1,0.251,FedEx Forum,"701,894","17,119",19,82,19830,39.2,89.0,0.44,6.5,19.7,0.331,32.6,69.3,0.471,20.6,26.3,0.783,11.9,32.4,44.3,22.0,9.4,4.5,14.1,23.1,105.4,2016,95.39121114683816,107.79421221864952,0.2313808988764045,1.0151045869565216,1.995341052429668,117.59037548118847,10.843909603145374,0.049284
22,New York Knicks,27.2,32,50,33,49,-2.73,0.0,-2.74,104.6,107.6,-3.0,93.4,0.255,0.256,0.527,,0.483,12.6,23.7,0.205,0.487,10.5,75.8,0.204,Madison Square Garden (IV),"812,292","19,812",24,82,19805,39.2,89.3,0.439,7.9,22.9,0.346,31.3,66.5,0.471,18.3,22.7,0.805,11.0,36.2,47.2,21.8,6.1,6.0,14.3,21.0,104.6,2016,95.610278372591,106.30406852248392,0.2046304591265398,1.0136985,2.038764088235294,122.00973816866104,11.045801834573217,0.065536
23,Denver Nuggets,24.7,33,49,33,49,-3.1,0.29,-2.81,105.6,108.9,-3.3,95.7,0.282,0.277,0.531,,0.489,13.2,25.8,0.216,0.515,12.6,77.3,0.216,Pepsi Center,"577,898","14,095",17,82,19830,39.1,88.5,0.442,8.3,24.6,0.338,30.8,64.0,0.482,19.1,25.0,0.766,11.9,34.4,46.3,23.5,7.7,5.0,15.2,21.8,105.6,2016,92.47648902821317,103.97074190177638,0.2163841807909604,1.018187043478261,2.016325335038363,119.72666091564912,10.941967872172224,0.076729
24,Minnesota Timberwolves,24.6,29,53,31,51,-3.54,0.15,-3.38,106.5,110.1,-3.6,95.2,0.332,0.202,0.549,,0.498,13.9,24.3,0.263,0.524,13.6,74.7,0.2,Target Center,"581,178","14,175",12,82,19880,39.2,84.5,0.464,5.8,17.1,0.338,33.5,67.5,0.496,22.2,28.1,0.792,10.4,32.8,43.2,24.3,8.3,4.8,15.6,21.5,106.5,2016,88.76050420168067,101.74789915966386,0.2633751479289941,1.0178420869565217,2.0161212583120203,108.24294487782888,10.4039869702835,0.040804
25,New Orleans Pelicans,26.6,30,52,31,51,-3.79,0.24,-3.56,105.6,109.5,-3.9,96.8,0.259,0.277,0.537,,0.498,12.3,21.2,0.201,0.523,12.7,78.8,0.225,Smoothie King Center,"688,549","16,794",18,82,19780,39.5,88.3,0.448,8.8,24.5,0.36,30.7,63.8,0.482,17.7,22.9,0.776,9.8,34.0,43.8,22.8,7.9,4.3,13.8,21.5,105.6,2016,91.2190082644628,101.62809917355372,0.2012502831257078,1.0175979130434782,2.076045094629156,119.56876155047664,10.934750182353351,0.076729
26,Milwaukee Bucks,23.5,33,49,29,53,-4.18,0.2,-3.98,104.3,108.7,-4.4,94.2,0.276,0.189,0.537,,0.499,14.2,24.9,0.207,0.51,14.2,73.1,0.221,BMO Harris Bradley Center,"621,808","15,166",26,82,19830,40.4,86.6,0.467,5.7,16.4,0.345,34.7,70.2,0.495,17.9,23.9,0.747,11.0,32.9,43.9,24.3,8.6,6.1,16.0,21.8,104.3,2016,91.932059447983,103.09554140127388,0.2061581986143187,1.0204425,2.03643344117647,111.46438495818656,10.557669485174584,0.035721
27,Phoenix Suns,26.0,23,59,24,58,-6.66,0.34,-6.32,102.2,109.0,-6.8,98.5,0.271,0.302,0.526,,0.487,15.2,25.4,0.204,0.523,13.5,77.1,0.237,Talking Stick Resort Arena,"701,405","17,107",28,82,19705,37.7,86.8,0.435,9.1,26.2,0.348,28.6,60.6,0.472,17.7,23.5,0.751,11.7,33.8,45.4,21.0,7.8,3.9,17.4,23.0,102.2,2016,88.12182741116752,98.61928934010152,0.203323732718894,1.0171899782608695,2.0446944207161124,116.98140158963272,10.815794080400789,0.091204
28,Brooklyn Nets,26.9,21,61,22,60,-7.35,0.24,-7.12,103.2,110.9,-7.7,95.2,0.246,0.218,0.527,,0.492,13.6,24.1,0.186,0.534,13.1,75.7,0.176,Barclays Center,"620,142","15,125",27,82,19755,40.0,88.3,0.453,6.8,19.2,0.352,33.2,69.0,0.481,16.4,21.7,0.757,11.0,33.3,44.4,23.3,8.0,4.2,15.5,18.8,103.2,2016,92.75210084033613,102.781512605042,0.1860351075877689,1.0185506739130434,2.0554515460358056,115.43880688483364,10.74424529154252,0.047524
29,Los Angeles Lakers,26.5,17,65,17,65,-9.56,0.64,-8.92,101.6,111.6,-10.0,95.6,0.292,0.29,0.509,,0.46,12.5,23.1,0.228,0.523,11.6,74.7,0.202,STAPLES Center,"778,877","18,997",29,82,19730,36.7,88.5,0.414,8.1,25.7,0.317,28.5,62.9,0.454,20.1,25.8,0.781,11.2,33.7,44.8,18.8,7.5,4.3,14.3,21.2,101.6,2016,92.5732217573222,104.4476987447699,0.2276813559322034,1.010127195652174,1.9510049194373404,118.7697527156524,10.898153637917408,0.0841
30,Philadelphia 76ers,23.3,10,72,16,66,-10.23,0.31,-9.92,98.8,109.2,-10.4,97.9,0.269,0.327,0.519,,0.487,14.8,20.6,0.186,0.51,13.5,74.0,0.24,Wells Fargo Center,"614,650","14,991",30,82,19805,36.7,85.2,0.431,9.5,27.9,0.339,27.3,57.3,0.476,15.9,22.9,0.694,9.6,32.2,41.8,21.8,8.4,6.1,16.6,22.0,98.8,2016,87.02757916241062,97.31971399387128,0.1865328638497652,1.0207790434782609,2.0196982173913045,117.26318923108762,10.828812918833146,0.106929
1,Golden State Warriors,28.2,67,15,67,15,11.63,-0.28,11.35,115.6,104.0,11.6,99.8,0.259,0.359,0.597,,0.563,13.2,22.8,0.204,0.486,13.5,74.9,0.198,Oracle Arena,"803,436","19,596",1,82,19780,43.0,86.8,0.495,11.9,31.2,0.383,31.0,55.7,0.557,17.7,22.5,0.788,9.4,34.9,44.3,30.3,9.5,6.7,14.7,19.3,115.6,2017,86.97394789579158,96.8937875751503,0.2042626728110599,1.0051622608695652,2.12914889258312,122.51789225614296,11.068780070818235,0.128881
2,San Antonio Spurs,29.6,61,21,60,22,7.2,-0.06,7.13,111.1,103.5,7.6,94.2,0.263,0.281,0.564,,0.524,12.6,24.0,0.21,0.492,13.5,77.6,0.192,AT&T Center,"755,347","18,423",9,82,19805,41.5,88.3,0.469,9.7,24.8,0.391,31.8,63.5,0.5,18.5,23.2,0.797,10.6,35.7,46.3,25.1,8.4,6.2,14.2,19.3,111.1,2017,93.73673036093416,104.5732484076433,0.2094043035107587,1.0175859782608696,2.1453468324808185,125.09042730742718,11.184383188510092,0.078961
3,Houston Rockets,27.4,55,27,55,27,5.77,0.08,5.84,114.7,109.0,5.7,100.0,0.304,0.462,0.583,,0.545,13.3,24.6,0.233,0.519,13.2,75.8,0.194,Toyota Center,"695,903","16,973",2,82,19780,40.1,86.8,0.462,14.3,40.1,0.357,25.8,46.7,0.552,20.2,26.4,0.766,10.8,33.3,44.1,25.1,8.1,4.3,15.0,19.8,114.7,2017,86.8,98.416,0.2329769585253456,1.0086670434782607,2.068480335038364,130.05250806673965,11.404056649576049,0.213444
4,Toronto Raptors,26.1,51,31,52,30,4.21,-0.56,3.65,112.3,107.8,4.5,94.7,0.293,0.289,0.561,,0.517,11.8,25.0,0.233,0.507,13.5,76.3,0.223,Air Canada Centre,"813,050","19,830",6,82,19780,41.1,88.6,0.464,9.3,25.6,0.363,31.9,63.1,0.505,20.7,26.0,0.796,11.2,34.3,45.4,19.4,8.7,5.1,13.3,21.9,112.3,2017,93.558606124604,105.63885955649418,0.233589164785553,1.0175504347826088,2.083363173913044,124.01851112172076,11.136359868544154,0.0835209999999999
5,Los Angeles Clippers,30.0,51,31,52,30,4.29,0.13,4.42,112.7,108.2,4.5,96.1,0.312,0.329,0.574,,0.537,12.0,21.5,0.233,0.506,12.1,76.9,0.211,STAPLES Center,"782,609","19,088",5,82,19755,41.0,86.3,0.475,10.6,28.4,0.375,30.4,57.9,0.525,20.1,26.9,0.745,9.3,35.3,44.6,23.4,7.7,4.4,13.4,20.6,112.7,2017,89.80228928199793,102.11862643080126,0.2322190034762456,1.018149456521739,2.112047282608696,123.75131207551011,11.124356703895742,0.108241
6,Utah Jazz,26.8,51,31,52,30,3.94,0.06,4.0,109.6,105.3,4.3,91.6,0.288,0.327,0.563,,0.526,13.2,23.2,0.215,0.493,11.8,78.9,0.195,Vivint Smart Home Arena,"806,142","19,662",12,82,19755,40.2,86.5,0.466,10.5,28.2,0.372,29.8,58.2,0.511,18.6,24.9,0.747,10.2,36.8,47.0,21.9,7.3,5.4,14.8,20.5,109.6,2017,94.43231441048036,106.39301310043668,0.2150323699421965,1.0200585,2.1052024411764707,129.83504279273697,11.394518102699076,0.106929
7,Cleveland Cavaliers,29.2,51,31,49,33,3.18,-0.31,2.87,113.6,110.3,3.3,96.2,0.275,0.399,0.58,,0.547,12.6,21.9,0.206,0.516,11.4,75.8,0.174,Quicken Loans Arena,"843,042","20,562",3,82,19880,41.1,87.4,0.47,13.4,34.9,0.384,27.7,52.5,0.528,18.0,24.0,0.748,9.6,35.4,45.0,23.3,6.8,4.1,14.1,18.7,113.6,2017,90.85239085239084,101.82952182952182,0.2054004576659038,1.017352695652174,2.13154747826087,132.81860143035345,11.524695285791877,0.159201
8,Boston Celtics,25.9,53,29,48,34,2.63,-0.39,2.25,111.2,108.4,2.8,96.8,0.273,0.393,0.567,,0.525,12.2,21.2,0.22,0.503,12.6,75.3,0.223,TD Garden,"760,690","18,553",7,82,19755,39.8,87.6,0.454,12.4,34.4,0.359,27.4,53.2,0.515,19.3,23.9,0.807,9.3,33.9,43.2,26.0,7.7,4.3,13.7,21.2,111.2,2017,90.49586776859503,101.3595041322314,0.2201746575342465,1.0160294565217391,2.07326187084399,129.54680709989012,11.381863076838084,0.154449
9,Washington Wizards,26.0,49,33,46,36,1.8,-0.45,1.36,111.2,109.3,1.9,97.4,0.254,0.284,0.564,,0.528,12.8,24.1,0.199,0.524,13.8,75.5,0.213,Verizon Center,"697,107","17,003",8,82,19855,42.1,88.6,0.475,9.4,25.2,0.372,32.7,63.4,0.515,17.6,22.5,0.784,10.5,33.2,43.6,24.3,8.6,4.2,14.4,21.7,111.2,2017,90.96509240246408,101.12936344969198,0.1990970654627539,1.0175069565217392,2.1049260767263425,120.65009365304148,10.984083651039876,0.0806559999999999
10,Miami Heat,26.5,41,41,44,38,1.06,-0.29,0.77,107.8,106.7,1.1,95.2,0.251,0.314,0.541,,0.512,12.4,24.2,0.177,0.496,12.6,76.4,0.22,AmericanAirlines Arena,"805,400","19,644",17,82,19780,40.8,89.7,0.455,10.3,28.2,0.365,30.5,61.5,0.496,15.9,22.5,0.706,11.1,34.5,45.6,22.2,7.5,6.0,14.0,21.4,107.8,2017,94.22268907563024,104.6218487394958,0.1770903010033444,1.022497304347826,2.0888946982097187,127.89279823112948,11.30896981299046,0.098596
11,Oklahoma City Thunder,24.7,47,35,43,39,0.76,0.39,1.14,108.3,107.5,0.8,97.8,0.295,0.295,0.54,,0.5,13.2,27.9,0.22,0.511,12.5,79.0,0.218,Chesapeake Energy Arena,"746,323","18,203",16,82,19805,40.1,88.8,0.452,8.6,26.2,0.327,31.5,62.6,0.504,19.5,26.2,0.745,12.4,34.9,47.4,21.3,8.0,5.1,15.2,21.2,108.3,2017,90.79754601226996,102.58486707566465,0.2198085585585585,1.0205854565217392,1.983311282608696,118.4535319829288,10.883635972547449,0.0870249999999999
12,Memphis Grizzlies,29.5,43,39,42,40,0.49,0.47,0.96,107.7,107.1,0.6,92.3,0.28,0.316,0.535,,0.491,12.1,24.8,0.219,0.506,13.6,77.5,0.256,FedEx Forum,"677,314","16,520",18,82,19905,39.0,89.6,0.435,10.0,28.3,0.354,29.0,61.2,0.473,19.7,25.1,0.784,11.6,34.3,45.8,22.8,8.5,4.5,13.8,24.0,107.7,2017,97.0747562296858,109.04008667388948,0.219625,1.0154909565217392,2.0605380767263424,130.63600850159574,11.429611038945977,0.099856
13,Denver Nuggets,25.2,40,42,42,40,0.51,0.19,0.7,113.2,112.7,0.5,98.3,0.276,0.329,0.568,,0.53,13.2,27.3,0.214,0.532,10.9,78.7,0.194,Pepsi Center,"605,585","14,672",4,82,19755,41.7,88.9,0.469,10.8,29.2,0.368,31.0,59.7,0.519,19.0,24.5,0.774,11.9,35.1,47.0,25.7,7.0,4.0,15.2,19.4,113.2,2017,90.43743641912512,101.40386571719228,0.2133070866141732,1.0175694782608695,2.095644567774936,124.1033312746772,11.140167470674632,0.108241
14,Chicago Bulls,26.9,41,41,42,40,0.43,-0.39,0.03,107.4,107.0,0.4,95.3,0.259,0.256,0.53,,0.487,12.3,27.0,0.206,0.507,12.4,76.8,0.169,United Center,"888,882","21,680",20,82,19780,40.4,90.9,0.444,7.9,23.3,0.34,32.4,67.6,0.479,18.8,23.5,0.798,12.7,35.6,48.3,23.6,8.2,5.0,14.2,18.5,107.4,2017,95.38300104931794,106.23294858342078,0.2063036303630362,1.015757304347826,2.021867462915601,121.45322644192336,11.02058194660896,0.065536
15,Charlotte Hornets,26.5,36,46,42,40,0.2,-0.26,-0.07,108.8,108.6,0.2,95.7,0.279,0.335,0.547,,0.501,10.7,19.9,0.227,0.523,12.1,79.6,0.164,Spectrum Center,"710,643","17,333",14,82,19830,39.1,88.5,0.442,10.4,29.7,0.351,28.7,58.9,0.488,20.1,24.7,0.815,9.1,36.1,45.2,23.9,7.2,4.9,11.9,17.2,108.8,2017,92.47648902821317,103.83281086729362,0.2274632768361581,1.0158125869565218,2.052311875959079,126.0491396200162,11.227160799597383,0.112225
16,Indiana Pacers,27.0,42,40,40,42,-0.22,-0.42,-0.64,108.6,108.8,-0.2,95.9,0.261,0.272,0.558,,0.516,12.8,21.2,0.212,0.512,13.6,75.5,0.225,Bankers Life Fieldhouse,"684,578","16,697",15,82,19855,40.6,87.4,0.465,8.9,23.8,0.376,31.7,63.6,0.498,18.5,22.8,0.81,9.4,34.1,43.4,23.2,8.4,5.2,14.2,20.1,108.6,2017,91.13660062565172,101.59749739311783,0.2113043478260869,1.0167122608695651,2.1137808337595905,119.85510257518246,10.947835520100876,0.073984
17,Milwaukee Bucks,25.6,42,40,40,42,-0.18,-0.26,-0.45,109.1,109.3,-0.2,94.5,0.274,0.29,0.565,,0.527,13.2,21.5,0.21,0.518,13.6,75.4,0.215,BMO Harris Bradley Center,"648,952","15,828",13,82,19780,40.9,86.2,0.474,9.2,25.0,0.37,31.6,61.2,0.516,18.1,23.6,0.768,9.3,33.2,42.5,25.5,8.6,5.6,14.7,21.3,109.1,2017,91.2169312169312,102.205291005291,0.2102645011600928,1.018342956521739,2.100406312020461,121.51384403484754,11.023331802810237,0.0841
18,Portland Trail Blazers,24.8,41,41,40,42,-0.52,0.3,-0.23,110.3,110.8,-0.5,96.7,0.275,0.322,0.559,,0.52,12.5,23.0,0.214,0.508,11.6,76.8,0.241,Moda Center,"792,029","19,318",11,82,19930,40.4,87.9,0.459,10.6,28.3,0.375,29.8,59.6,0.499,18.8,24.2,0.78,10.3,34.3,44.6,21.6,7.2,5.1,14.0,21.6,110.3,2017,90.89968976215098,101.91106514994829,0.2147440273037542,1.0186481739130435,2.111788810741688,124.59070159630518,11.162020497934286,0.103684
19,Atlanta Hawks,27.9,43,39,39,43,-0.85,-0.38,-1.23,104.9,105.7,-0.8,97.4,0.295,0.309,0.541,,0.504,14.2,23.6,0.215,0.507,13.8,76.1,0.179,Philips Arena,"654,306","15,959",27,82,19880,38.7,85.8,0.451,9.0,26.5,0.341,29.7,59.3,0.501,18.4,25.3,0.728,10.4,34.6,45.1,24.0,8.3,4.9,16.0,18.5,104.9,2017,88.09034907597535,99.51950718685832,0.2146666666666666,1.0215194782608696,2.025256391304348,117.30764375849478,10.830865328241082,0.095481
20,Detroit Pistons,25.4,37,45,38,44,-1.12,-0.17,-1.29,106.0,107.1,-1.1,95.0,0.218,0.263,0.521,,0.492,10.9,24.1,0.157,0.516,12.1,81.2,0.197,The Palace of Auburn Hills,"655,141","15,979",24,82,19805,41.7,92.9,0.449,8.0,24.4,0.33,33.6,68.5,0.492,14.5,20.2,0.719,11.6,36.2,47.8,22.1,7.3,4.0,12.4,18.7,106.0,2017,97.78947368421052,107.14526315789476,0.1563379978471474,1.0217047608695653,1.9927419808184144,124.88571933539669,11.175227932145129,0.069169
21,Minnesota Timberwolves,24.0,31,51,38,44,-1.11,0.47,-0.64,110.8,112.0,-1.2,94.6,0.287,0.249,0.555,,0.511,12.9,27.2,0.229,0.535,13.2,75.9,0.212,Target Center,"607,203","14,810",10,82,19805,41.4,88.6,0.467,7.7,22.1,0.349,33.7,66.6,0.507,20.3,25.4,0.799,12.0,32.5,44.5,24.8,8.4,4.7,14.7,21.1,110.8,2017,93.65750528541228,105.47145877378436,0.229058690744921,1.0172604130434784,2.0470500652173915,119.28950742930418,10.921973605045206,0.062001
22,New Orleans Pelicans,25.7,34,48,35,47,-2.1,0.41,-1.69,105.2,107.4,-2.2,98.0,0.256,0.308,0.539,,0.504,11.7,18.5,0.192,0.509,12.4,76.8,0.177,Smoothie King Center,"663,099","16,173",26,82,19905,39.5,87.7,0.45,9.4,27.0,0.35,30.0,60.7,0.495,16.8,22.4,0.75,8.6,35.4,44.1,23.0,7.8,5.6,13.0,18.3,105.2,2017,89.48979591836735,99.5469387755102,0.1915621436716077,1.0202804347826089,2.0501374680306905,119.69049017318233,10.940314902834483,0.094864
23,Dallas Mavericks,27.6,33,49,33,49,-2.93,0.4,-2.53,105.6,108.8,-3.2,92.2,0.225,0.366,0.541,,0.505,11.6,18.1,0.18,0.529,14.4,77.6,0.218,American Airlines Center,"811,366","19,789",25,82,19780,39.0,88.8,0.44,11.6,32.5,0.355,27.5,56.3,0.489,16.0,19.9,0.801,8.5,33.1,41.6,22.4,8.1,4.0,12.8,20.6,105.6,2017,96.31236442516268,105.80911062906723,0.1795033783783783,1.0168419782608695,2.063017185421995,134.81247162957433,11.610877298015613,0.133956
24,New York Knicks,27.3,31,51,31,51,-3.67,-0.2,-3.87,107.7,111.5,-3.8,96.0,0.239,0.279,0.534,,0.496,12.4,26.6,0.188,0.511,11.7,74.1,0.214,Madison Square Garden (IV),"810,741","19,774",19,82,19855,40.9,91.4,0.447,8.9,25.5,0.348,32.0,65.9,0.485,17.2,21.8,0.788,12.4,34.3,46.7,22.5,7.3,5.7,14.3,21.0,107.7,2017,95.20833333333331,105.2,0.1879474835886214,1.0172582608695653,2.04441389258312,124.13592702661764,11.141630357654916,0.077841
25,Sacramento Kings,27.9,32,50,31,51,-3.88,0.58,-3.29,107.3,111.3,-4.0,94.9,0.284,0.291,0.556,,0.516,13.7,21.0,0.22,0.528,12.9,76.3,0.227,Golden 1 Center,"721,928","17,608",21,82,19880,39.5,85.7,0.461,9.4,24.9,0.376,30.1,60.8,0.496,18.9,24.3,0.775,9.1,33.7,42.8,23.5,8.0,4.1,15.3,21.2,107.3,2017,90.30558482613276,101.57218124341412,0.2197491248541423,1.018889804347826,2.114068845268542,120.79156773489794,10.990521722597974,0.0846809999999999
26,Phoenix Suns,25.0,24,58,27,55,-5.63,0.49,-5.14,106.6,112.2,-5.6,100.3,0.297,0.255,0.538,,0.493,13.4,26.0,0.231,0.525,13.1,76.4,0.264,Talking Stick Resort Arena,"708,639","17,134",22,82,19830,39.5,87.6,0.45,7.4,22.4,0.332,32.0,65.3,0.491,20.2,26.1,0.776,11.8,32.7,44.5,19.4,8.1,4.8,15.3,24.5,106.6,2017,87.33798604187437,98.7876370887338,0.2312054794520548,1.0185699130434782,1.998429094629156,110.78247136676924,10.525325238051757,0.065025
27,Philadelphia 76ers,24.6,28,54,26,56,-5.7,-0.14,-5.83,103.2,108.9,-5.7,98.5,0.258,0.349,0.539,,0.501,14.9,22.4,0.199,0.512,13.5,75.3,0.234,Wells Fargo Center,"710,557","17,331",30,82,19830,37.9,85.9,0.442,10.2,30.0,0.34,27.7,55.9,0.496,17.1,22.2,0.771,9.9,33.2,43.2,23.9,8.5,5.2,16.8,22.0,103.2,2017,87.20812182741116,97.1248730964467,0.1992572759022118,1.019127195652174,2.022083566496163,119.4017821763358,10.92711225239019,0.1218009999999999
28,Brooklyn Nets,26.0,20,62,24,58,-6.73,-0.01,-6.74,104.1,110.7,-6.6,101.3,0.289,0.371,0.551,,0.507,14.7,19.6,0.228,0.513,11.6,76.1,0.212,Barclays Center,"632,608","15,429",28,82,19755,37.2,83.8,0.444,10.5,31.1,0.338,26.7,52.7,0.506,19.1,24.2,0.788,8.7,34.5,43.2,21.1,7.1,4.6,16.3,20.7,104.1,2017,82.72458045409674,93.23593287265548,0.2275608591885441,1.0180142608695653,2.01615389258312,114.84852574819114,10.716740444192494,0.1376409999999999
29,Orlando Magic,25.3,29,53,24,58,-6.57,-0.04,-6.61,103.7,110.5,-6.8,96.8,0.246,0.3,0.524,,0.489,12.1,21.6,0.184,0.523,11.9,77.4,0.201,Amway Center,"727,875","17,753",29,82,19805,39.3,89.3,0.44,8.8,26.8,0.328,30.5,62.5,0.488,16.4,21.9,0.747,10.1,34.2,44.3,22.8,7.3,5.0,13.7,19.8,103.7,2017,92.25206611570248,102.20661157024792,0.1831948488241881,1.0199665,1.9864024411764705,120.8407306964025,10.992758102332758,0.09
30,Los Angeles Lakers,25.1,26,56,24,58,-6.88,0.58,-6.29,106.0,113.0,-7.0,98.5,0.259,0.295,0.537,,0.501,13.5,25.0,0.195,0.542,13.0,75.8,0.213,STAPLES Center,"776,917","18,949",23,82,19705,39.9,88.6,0.45,9.0,26.1,0.346,30.8,62.5,0.493,17.3,22.9,0.754,11.5,32.6,44.1,21.2,8.3,4.0,15.4,21.0,106.0,2017,89.94923857868021,100.17868020304569,0.194882618510158,1.019965304347826,2.039165109974425,118.78959521307596,10.899063960408524,0.0870249999999999
1,Houston Rockets,29.8,65,17,61,21,8.48,-0.27,8.21,114.7,106.1,8.6,97.6,0.298,0.502,0.59,,0.551,12.7,21.3,0.233,0.521,13.4,79.9,0.171,Toyota Center,"732,722","17,871",1,82,19755,39.5,86.0,0.46,15.6,43.2,0.362,23.9,42.8,0.558,20.0,25.7,0.781,9.2,35.2,44.4,22.0,8.7,4.9,14.1,19.9,114.7,2018,88.11475409836066,99.70081967213116,0.2333918604651162,1.005135195652174,2.08100991943734,136.15705983743868,11.668635731628555,0.252004
2,Toronto Raptors,25.8,59,23,60,22,7.78,-0.49,7.29,113.8,105.9,7.9,97.4,0.25,0.377,0.575,,0.539,12.1,23.0,0.198,0.501,13.0,77.7,0.212,Air Canada Centre,"813,431","19,840",2,82,19830,42.0,89.1,0.472,12.0,33.6,0.358,30.0,55.5,0.541,17.7,22.2,0.794,9.9,34.9,44.8,24.8,7.8,6.2,13.6,22.2,113.8,2018,91.47843942505132,101.5071868583162,0.1978316498316498,1.0110546956521738,2.0708247723785167,129.03839024527747,11.35950660219349,0.142129
3,Golden State Warriors,28.8,58,24,56,26,5.98,-0.19,5.79,113.6,107.7,5.9,99.6,0.239,0.339,0.603,,0.569,14.1,21.0,0.195,0.504,12.6,76.3,0.186,Oracle Arena,"803,436","19,596",3,82,19730,42.9,85.3,0.503,11.3,28.9,0.391,31.6,56.3,0.56,16.6,20.4,0.815,8.4,35.1,43.6,29.3,8.0,7.5,15.5,19.6,113.6,2018,85.6425702811245,94.6546184738956,0.1949120750293083,1.0019885869565217,2.145191875959079,119.0033062394494,10.908863654819845,0.114921
4,Utah Jazz,26.7,48,34,53,29,4.3,0.17,4.47,108.4,103.9,4.5,95.7,0.26,0.357,0.564,,0.527,13.7,21.5,0.202,0.506,14.0,79.8,0.19,Vivint Smart Home Arena,"734,806","17,922",16,82,19755,39.8,86.3,0.462,11.3,30.8,0.366,28.6,55.5,0.515,17.5,22.4,0.779,9.4,35.6,45.0,23.3,9.0,5.3,15.3,20.4,108.4,2018,90.17763845350052,100.47648902821317,0.2021969872537659,1.0178129347826086,2.0908176739130435,126.32765577856073,11.23955763269003,0.1274489999999999
5,Philadelphia 76ers,25.8,52,30,53,29,4.5,-0.2,4.3,109.5,105.0,4.5,99.8,0.263,0.344,0.568,,0.535,14.6,25.3,0.198,0.492,12.6,78.6,0.218,Wells Fargo Center,"833,503","20,361",12,82,19780,40.7,86.3,0.472,11.0,29.7,0.369,29.8,56.6,0.526,17.1,22.7,0.752,10.9,36.4,47.3,27.0,8.3,5.1,16.4,22.0,109.5,2018,86.47294589178357,96.48096192384769,0.197803012746234,1.017567304347826,2.098174345268542,120.1365287679748,10.960681035773954,0.1183359999999999
6,Boston Celtics,24.7,55,27,51,31,3.59,-0.35,3.23,107.6,103.9,3.7,96.0,0.243,0.357,0.552,,0.518,12.9,21.5,0.188,0.495,13.0,78.4,0.191,TD Garden,"763,584","18,624",18,82,19805,39.6,88.0,0.45,11.8,31.4,0.377,27.8,56.6,0.491,16.5,21.4,0.771,9.7,36.3,46.0,23.2,7.6,4.7,14.5,20.4,107.6,2018,91.66666666666669,101.475,0.1874931818181817,1.018867195652174,2.116322566496164,129.3103866123189,11.371472490945,0.1274489999999999
7,Oklahoma City Thunder,27.3,48,34,50,32,3.41,0.0,3.42,110.7,107.2,3.5,96.7,0.275,0.345,0.546,,0.514,12.4,27.7,0.197,0.525,14.7,77.4,0.193,Chesapeake Energy Arena,"746,322","18,203",7,82,19830,40.9,90.4,0.453,11.0,31.2,0.354,29.9,59.2,0.505,17.8,24.8,0.716,12.8,33.4,46.2,21.9,9.3,5.2,14.4,20.7,110.7,2018,93.4850051706308,104.7693898655636,0.1964247787610619,1.0220026086956522,2.061016337595908,129.0525294757271,11.360128937460486,0.1190249999999999
8,San Antonio Spurs,29.3,47,35,49,33,2.89,0.0,2.89,107.9,104.8,3.1,95.0,0.245,0.282,0.543,,0.507,12.2,23.7,0.189,0.507,13.2,78.6,0.17,AT&T Center,"754,562","18,404",17,82,19730,41.0,89.6,0.457,8.9,25.3,0.352,32.1,64.3,0.499,17.0,22.0,0.772,10.9,35.6,46.4,23.9,8.0,5.9,13.8,18.0,107.9,2018,94.3157894736842,104.50526315789472,0.1895535714285714,1.0191281739130436,2.055339928388747,123.68005686873389,11.121153576348718,0.0795239999999999
9,Portland Trail Blazers,25.6,49,33,48,34,2.6,0.0,2.6,109.1,106.4,2.7,96.5,0.24,0.324,0.549,,0.511,12.3,23.3,0.192,0.503,11.7,79.1,0.193,Moda Center,"795,750","19,409",15,82,19755,40.6,89.8,0.452,10.6,29.1,0.366,29.9,60.7,0.493,17.3,21.6,0.8,10.5,36.4,46.9,20.1,7.2,5.3,14.0,20.1,109.1,2018,93.05699481865284,102.90569948186528,0.1924276169265033,1.017195304347826,2.0906466393861893,127.02219649082171,11.270412436589076,0.104976
10,Minnesota Timberwolves,27.1,47,35,47,35,2.23,0.12,2.35,113.4,111.1,2.3,96.0,0.28,0.261,0.566,,0.523,11.4,24.4,0.225,0.539,13.9,76.4,0.189,Target Center,"699,308","17,056",4,82,19805,42.5,89.2,0.476,8.3,23.3,0.357,34.2,65.9,0.519,20.1,25.0,0.804,10.7,32.7,43.4,23.5,8.7,4.4,12.9,18.9,113.4,2018,92.91666666666669,104.375,0.2253363228699551,1.015684695652174,2.068175654731458,119.89825767571932,10.94980628484903,0.068121
11,Denver Nuggets,25.1,46,36,45,37,1.48,0.09,1.57,112.5,111.0,1.5,96.8,0.258,0.357,0.57,,0.536,13.4,25.7,0.198,0.539,12.6,77.5,0.173,Pepsi Center,"702,796","17,141",6,82,19880,41.6,88.6,0.47,11.7,31.6,0.371,29.9,56.9,0.525,17.5,22.8,0.767,11.2,34.3,45.5,25.7,7.8,5.0,15.3,19.1,112.5,2018,91.52892561983472,101.89256198347108,0.1973769751693002,1.016925108695652,2.102744837595908,128.55811964823928,11.338347306739164,0.1274489999999999
12,Indiana Pacers,26.2,48,34,45,37,1.38,-0.2,1.18,109.5,108.1,1.4,96.0,0.222,0.284,0.557,,0.525,12.3,22.7,0.173,0.527,14.2,76.2,0.174,Bankers Life Fieldhouse,"658,119","16,052",11,82,19755,42.3,89.6,0.472,9.4,25.4,0.369,32.9,64.2,0.513,15.5,19.9,0.779,10.0,33.9,43.9,23.0,9.1,4.3,13.8,19.5,109.5,2018,93.33333333333331,102.45416666666664,0.1730145089285714,1.0180369347826086,2.0979726739130435,123.64227723826086,11.119454898431886,0.0806559999999999
13,New Orleans Pelicans,27.6,48,34,44,38,1.3,0.18,1.48,109.6,108.3,1.3,100.5,0.237,0.319,0.573,,0.541,13.3,20.0,0.183,0.513,12.5,76.7,0.175,Smoothie King Center,"673,920","16,437",10,82,19955,41.9,86.6,0.483,10.0,27.7,0.362,31.9,59.0,0.54,15.8,20.5,0.772,8.5,35.0,43.5,26.3,7.9,5.8,14.6,18.8,109.6,2018,86.16915422885572,95.14427860696516,0.1827482678983834,1.0127321739130437,2.0810799283887467,116.63297544016184,10.799674783999832,0.101761
14,Cleveland Cavaliers,30.6,50,32,43,39,0.94,-0.35,0.59,112.9,111.9,1.0,98.0,0.275,0.379,0.584,,0.547,12.6,20.1,0.214,0.54,12.2,77.3,0.166,Quicken Loans Arena,"843,042","20,562",5,82,19730,41.1,86.3,0.476,12.2,32.7,0.372,28.9,53.6,0.54,18.5,23.7,0.779,8.6,34.3,42.9,23.8,7.2,3.9,14.0,18.9,112.9,2018,88.06122448979592,98.70204081632652,0.2139316338354577,1.0123129347826088,2.104965673913044,125.61302476264862,11.2077216579753,0.143641
15,Washington Wizards,26.9,43,39,43,39,0.59,-0.06,0.53,109.3,108.7,0.6,96.6,0.254,0.31,0.56,,0.525,13.3,23.5,0.196,0.522,13.6,77.1,0.212,Capital One Arena,"739,302","18,032",14,82,19855,41.0,87.8,0.467,10.2,27.2,0.375,30.8,60.6,0.508,17.2,22.3,0.772,10.3,33.9,44.2,25.8,8.1,4.4,15.0,21.8,109.3,2018,90.89026915113872,101.04761904761904,0.1960774487471526,1.0188761739130434,2.1118509283887468,123.40156825764484,11.10862584920587,0.0961
16,Miami Heat,26.5,44,38,42,40,0.48,-0.33,0.15,106.8,106.3,0.5,95.6,0.229,0.358,0.551,,0.52,13.3,21.5,0.173,0.507,13.1,79.0,0.215,AmericanAirlines Arena,"804,850","19,630",22,82,19930,40.1,88.1,0.455,11.4,31.6,0.36,28.7,56.6,0.508,15.2,20.2,0.755,9.6,35.3,44.9,23.5,7.8,5.5,14.8,20.8,106.8,2018,92.15481171548116,101.45188284518828,0.1731101021566402,1.0198499782608694,2.076201950127877,128.83463703668792,11.350534658626788,0.128164
17,Charlotte Hornets,26.6,36,46,42,40,0.26,-0.19,0.07,109.4,109.1,0.3,98.4,0.312,0.314,0.549,,0.508,11.4,22.2,0.233,0.532,12.4,80.7,0.165,Spectrum Center,"671,404","16,376",13,82,19780,39.4,87.6,0.45,10.2,27.5,0.369,29.3,60.1,0.487,20.4,27.3,0.747,10.2,35.8,46.0,21.8,6.9,4.6,12.8,17.4,109.4,2018,89.02439024390243,101.23170731707316,0.2327979452054794,1.0198665,2.0982094411764707,120.93662365566712,10.99711887976424,0.098596
18,Los Angeles Clippers,27.0,42,40,41,41,0.04,0.11,0.15,110.3,110.2,0.1,98.7,0.299,0.314,0.564,,0.527,13.2,23.5,0.222,0.52,12.6,76.1,0.203,STAPLES Center,"697,812","17,020",8,82,19705,40.7,86.4,0.471,9.6,27.1,0.354,31.2,59.3,0.525,19.2,25.8,0.743,10.3,34.1,44.4,22.6,7.7,4.6,14.9,20.2,110.3,2018,87.53799392097264,99.03951367781156,0.2218680555555555,1.0182555434782607,2.060842011508951,117.79354893577218,10.853273650644407,0.098596
19,Detroit Pistons,25.9,39,43,41,41,-0.15,-0.11,-0.26,107.2,107.3,-0.1,96.2,0.227,0.333,0.543,,0.512,12.3,22.7,0.169,0.524,13.7,78.5,0.172,Little Caesars Arena,"713,945","17,413",19,82,19805,40.4,89.8,0.45,11.2,29.9,0.373,29.2,59.9,0.488,15.2,20.4,0.745,10.5,34.7,45.2,23.5,7.9,4.0,13.9,19.0,107.2,2018,93.34719334719334,102.67775467775468,0.1692427616926503,1.020073456521739,2.107511282608696,129.02358075286992,11.358854728927115,0.110889
20,Milwaukee Bucks,25.9,44,38,40,42,-0.3,-0.15,-0.45,109.8,110.1,-0.3,96.3,0.281,0.297,0.571,,0.531,12.9,20.4,0.22,0.528,14.2,75.9,0.22,BMO Harris Bradley Center,"685,303","16,856",9,82,19830,41.0,85.6,0.478,9.0,25.4,0.355,31.9,60.1,0.531,18.8,24.1,0.783,8.7,32.4,41.1,24.0,9.1,5.6,14.3,22.0,109.8,2018,88.88888888888889,99.90031152647975,0.220447429906542,1.0146245869565218,2.0631650524296674,117.87032046240412,10.856809865812522,0.088209
21,Los Angeles Lakers,23.7,35,47,37,45,-1.55,0.11,-1.44,106.5,108.0,-1.5,100.3,0.264,0.329,0.548,,0.517,13.8,23.6,0.188,0.514,12.5,77.7,0.19,STAPLES Center,"776,327","18,935",23,82,19905,40.1,87.1,0.461,9.9,28.6,0.345,30.2,58.4,0.517,16.4,23.0,0.714,10.5,35.2,45.7,23.4,7.6,4.7,15.6,20.9,106.5,2018,86.839481555334,96.92921236291129,0.1885419058553387,1.0210400869565217,2.0366474347826085,117.6826861141402,10.848165103561993,0.108241
22,Dallas Mavericks,27.7,24,58,33,49,-3.04,0.34,-2.7,106.3,109.5,-3.2,95.6,0.217,0.382,0.544,,0.513,11.5,18.0,0.166,0.532,12.8,78.9,0.193,American Airlines Center,"811,453","19,792",24,82,19805,39.6,89.2,0.444,12.3,34.1,0.36,27.4,55.2,0.496,14.8,19.4,0.763,8.4,34.4,42.9,23.5,7.3,3.9,12.8,20.0,106.3,2018,93.30543933054392,102.23430962343096,0.1659439461883408,1.019591543478261,2.0761436585677746,132.79178354463073,11.523531730534296,0.145924
23,New York Knicks,26.3,29,53,32,50,-3.56,0.03,-3.53,107.1,110.7,-3.6,96.8,0.216,0.266,0.544,,0.51,13.3,24.1,0.17,0.522,12.1,76.7,0.208,Madison Square Garden (IV),"792,608","19,332",20,82,19830,41.7,89.9,0.464,8.4,23.9,0.352,33.3,66.0,0.504,15.3,19.5,0.787,10.7,34.4,45.1,23.9,6.9,5.3,15.1,21.0,107.1,2018,92.87190082644628,101.73553719008264,0.1707063403781979,1.0181567608695652,2.0552219808184145,120.17773577778792,10.962560639640172,0.070756
24,Brooklyn Nets,25.1,28,54,31,51,-3.74,0.07,-3.67,106.9,110.6,-3.7,98.9,0.26,0.411,0.551,,0.514,13.6,21.0,0.201,0.517,11.0,77.0,0.201,Barclays Center,"640,010","15,376",21,82,19855,38.3,87.0,0.441,12.7,35.7,0.356,25.6,51.2,0.5,17.5,22.6,0.772,9.7,34.9,44.6,23.7,6.3,4.8,15.2,20.6,106.9,2018,87.96764408493428,98.02224469160768,0.2005425287356322,1.0191321739130434,2.0658519283887467,127.49449685664558,11.291346104723102,0.168921
25,Orlando Magic,25.6,25,57,28,54,-4.82,-0.1,-4.92,105.2,110.1,-4.9,98.1,0.238,0.342,0.545,,0.512,13.3,20.0,0.18,0.525,12.8,75.6,0.187,Amway Center,"734,531","17,915",25,82,19730,39.5,87.4,0.452,10.5,29.8,0.351,29.0,57.5,0.504,15.8,20.8,0.757,9.0,33.4,42.4,23.8,7.7,5.0,14.8,19.6,105.2,2018,89.0927624872579,98.42201834862388,0.1801556064073226,1.0199306739130436,2.052778546035805,122.33903167792768,11.060697612624969,0.116964
26,Atlanta Hawks,25.4,24,58,27,55,-5.45,0.15,-5.3,105.0,110.6,-5.6,98.3,0.236,0.363,0.547,,0.512,14.1,21.1,0.185,0.536,13.6,76.2,0.183,Philips Arena,"590,769","14,409",26,82,19705,38.8,87.0,0.446,11.4,31.5,0.36,27.4,55.4,0.495,16.1,20.5,0.785,9.2,33.4,42.6,24.1,7.9,4.3,15.8,19.9,105.0,2018,88.50457782299085,97.68056968463888,0.1849712643678161,1.018245108695652,2.0759740728900256,124.10118298549772,11.140071049391818,0.131769
27,Memphis Grizzlies,26.0,22,60,25,57,-6.21,0.39,-5.81,104.5,111.0,-6.5,94.9,0.255,0.317,0.539,,0.5,14.0,22.4,0.201,0.529,13.8,76.5,0.256,FedEx Forum,"653,863","15,948",27,82,19705,38.7,87.1,0.444,9.7,27.6,0.352,28.9,59.5,0.486,17.5,22.2,0.786,10.0,32.6,42.6,22.7,7.9,5.1,15.7,24.4,104.5,2018,91.7808219178082,102.07376185458376,0.2003352468427095,1.017499043478261,2.055230040920716,123.57918433934763,11.116617486418594,0.100489
28,Chicago Bulls,24.4,27,55,23,59,-7.04,0.2,-6.84,103.8,110.9,-7.1,98.3,0.216,0.35,0.529,,0.497,12.6,20.6,0.164,0.542,12.4,80.6,0.184,United Center,"851,824","20,776",28,82,19855,39.0,89.6,0.435,11.1,31.3,0.355,27.8,58.2,0.478,14.7,19.4,0.759,9.7,35.3,45.0,23.6,7.7,3.6,14.1,19.3,103.8,2018,91.14954221770093,99.83316378433368,0.1643370535714285,1.0179465,2.0633480294117645,126.13611227095925,11.231033446257706,0.1224999999999999
29,Sacramento Kings,26.4,27,55,23,59,-6.99,0.39,-6.6,103.7,111.1,-7.4,94.9,0.194,0.278,0.529,,0.502,12.8,21.5,0.143,0.542,13.5,77.6,0.199,Golden 1 Center,"714,680","17,431",29,82,19755,40.7,90.4,0.45,9.4,25.2,0.375,31.2,65.2,0.479,12.9,17.6,0.735,9.9,33.0,42.9,22.6,8.2,4.4,14.4,21.0,103.7,2018,95.2581664910432,103.41833508956798,0.1430973451327433,1.019407195652174,2.1121148017902813,126.04369217948845,11.22691819599165,0.077284
30,Phoenix Suns,23.7,21,61,19,63,-9.37,0.57,-8.8,103.5,112.9,-9.4,100.3,0.275,0.32,0.532,,0.495,13.9,22.5,0.203,0.533,11.9,76.5,0.212,Talking Stick Resort Arena,"690,576","16,843",30,82,19705,38.3,86.7,0.442,9.3,27.8,0.334,29.0,59.0,0.492,17.7,23.8,0.741,10.2,33.7,43.9,21.2,6.9,4.5,15.7,22.0,103.5,2018,86.4406779661017,96.88135593220338,0.2034117647058823,1.0206047608695652,2.004695627877238,115.44272161680178,10.744427468078593,0.1024
1,Milwaukee Bucks,26.9,60,22,61,21,8.87,-0.82,8.04,113.8,105.2,8.6,103.3,0.255,0.419,0.583,,0.55,12.0,20.8,0.197,0.503,11.5,80.3,0.162,Fiserv Forum,"721,692","17,602",4,82,19780,41.8,87.8,0.476,13.0,36.8,0.353,28.8,50.9,0.565,17.3,22.4,0.773,9.0,39.0,47.9,25.1,7.2,5.7,13.4,18.9,113.8,2019,84.99515972894483,94.53630203291384,0.1972118451025057,1.0021729347826087,2.057987262148337,122.78053466786928,11.080637827664493,0.175561
2,Golden State Warriors,28.4,57,25,56,26,6.46,-0.04,6.42,115.9,109.5,6.4,100.9,0.227,0.384,0.596,,0.565,12.6,22.5,0.182,0.508,11.7,77.1,0.205,Oracle Arena,"803,436","19,596",1,82,19805,43.4,88.4,0.491,13.1,33.9,0.385,30.3,54.5,0.557,16.1,20.1,0.801,9.6,35.9,45.5,29.0,7.5,6.3,14.0,21.1,115.9,2019,87.61149653121902,96.37661050545093,0.1821278280542986,1.0043299782608694,2.133217185421995,125.96979549818587,11.223626664237628,0.147456
3,Toronto Raptors,27.3,58,24,56,26,6.09,-0.6,5.49,113.1,107.1,6.0,100.2,0.247,0.379,0.579,,0.543,12.4,21.9,0.198,0.509,13.1,77.1,0.19,Scotiabank Arena,"812,822","19,825",5,82,19880,41.7,88.1,0.474,12.2,33.4,0.366,29.5,54.7,0.539,17.5,21.7,0.804,9.5,35.2,44.7,25.1,8.2,5.3,13.9,20.8,113.1,2019,87.92415169660678,97.45309381237524,0.1980340522133938,1.011044695652174,2.0906126547314576,124.86996395590609,11.174522985609098,0.143641
4,Utah Jazz,27.3,50,32,54,28,5.26,0.03,5.28,110.9,105.7,5.2,100.3,0.295,0.394,0.572,,0.538,13.4,22.9,0.217,0.507,12.4,80.3,0.189,Vivint Smart Home Arena,"750,546","18,306",15,82,19755,40.1,85.8,0.468,12.0,33.8,0.356,28.1,52.0,0.541,18.7,25.3,0.736,9.9,36.1,46.0,25.8,8.0,5.8,15.0,20.9,110.9,2019,85.54336989032902,96.642073778664,0.217025641025641,1.014396,2.066109176470588,122.2218854169726,11.055400735250288,0.155236
5,Houston Rockets,29.2,53,29,53,29,4.77,0.19,4.96,115.5,110.7,4.8,97.9,0.279,0.519,0.581,,0.542,12.0,22.8,0.221,0.525,13.4,74.4,0.21,Toyota Center,"740,392","18,058",2,82,19830,39.8,88.6,0.449,16.4,46.0,0.356,23.4,42.6,0.551,19.6,24.7,0.791,10.3,32.3,42.7,21.5,8.7,5.0,13.5,22.3,115.5,2019,90.50051072522982,101.60163432073544,0.2205158013544018,1.0075654565217391,2.065701459079284,140.88558785273818,11.869523488865852,0.269361
6,Boston Celtics,25.7,49,33,52,30,4.44,-0.54,3.9,112.2,107.8,4.4,99.6,0.215,0.381,0.567,,0.534,11.5,21.6,0.173,0.514,13.4,77.0,0.198,TD Garden,"763,584","18,624",10,82,19780,42.0,90.4,0.465,12.6,34.4,0.365,29.5,55.9,0.527,15.6,19.5,0.802,9.8,34.7,44.5,26.2,8.6,5.3,12.8,20.3,112.2,2019,90.76305220883536,99.37751004016064,0.1729977876106194,1.0143444347826087,2.088208703324808,129.1999995855278,11.366617772474264,0.145161
7,Portland Trail Blazers,26.2,53,29,51,31,4.2,0.24,4.43,114.7,110.5,4.2,99.1,0.258,0.339,0.568,,0.528,12.1,26.6,0.21,0.516,11.0,77.9,0.195,Moda Center,"799,345","19,496",3,82,19855,42.3,90.6,0.467,11.0,30.7,0.359,31.3,59.8,0.523,19.0,23.3,0.814,11.8,36.2,48.0,23.0,6.7,5.0,13.8,20.4,114.7,2019,91.42280524722504,101.76791120080726,0.2093399558498896,1.0143409565217392,2.073200723785166,125.550428089544,11.204928740940034,0.114921
8,Denver Nuggets,24.9,54,28,51,31,3.95,0.24,4.19,113.0,108.9,4.1,97.7,0.232,0.348,0.558,,0.527,11.9,26.6,0.175,0.521,12.3,78.0,0.194,Pepsi Center,"756,457","18,450",6,82,19730,42.8,91.9,0.466,11.2,32.0,0.351,31.6,59.9,0.527,16.1,21.3,0.755,12.1,35.3,47.3,27.9,7.9,4.5,13.7,20.5,113.0,2019,94.06345957011258,103.65609007164792,0.1749891186071817,1.0171899782608695,2.052792950127877,129.57992299493043,11.383317749888668,0.1211039999999999
9,Indiana Pacers,27.0,48,34,50,32,3.33,-0.57,2.76,109.9,106.5,3.4,98.1,0.242,0.292,0.561,,0.53,12.4,21.9,0.182,0.516,14.1,76.2,0.184,Bankers Life Fieldhouse,"689,310","16,812",18,82,19705,42.1,88.6,0.475,9.7,25.8,0.374,32.4,62.7,0.517,16.1,21.4,0.752,9.5,34.3,43.8,26.4,8.8,5.0,13.9,19.8,109.9,2019,90.31600407747196,99.914373088685,0.1816343115124153,1.019115304347826,2.109739345268542,120.80465713831336,10.991117192456525,0.0852639999999999
10,Oklahoma City Thunder,25.7,49,33,50,32,3.4,0.15,3.56,110.3,107.0,3.3,102.8,0.266,0.347,0.545,,0.514,11.7,26.0,0.19,0.523,14.4,78.2,0.206,Chesapeake Energy Arena,"746,323","18,203",17,82,19855,41.1,90.6,0.454,11.0,31.5,0.348,30.1,59.1,0.51,17.2,24.1,0.713,12.1,34.2,46.3,22.5,9.0,5.0,13.5,21.6,110.3,2019,88.13229571984436,98.44747081712062,0.1896611479028697,1.0218425,2.0449424411764703,121.34567224775694,11.015701169138392,0.1204089999999999
11,Philadelphia 76ers,26.4,51,31,48,34,2.7,-0.44,2.25,112.6,110.0,2.6,101.6,0.312,0.342,0.574,,0.532,12.9,24.5,0.241,0.512,11.1,78.6,0.206,Wells Fargo Center,"838,342","20,447",8,82,19805,40.6,86.2,0.471,10.6,29.5,0.359,30.0,56.7,0.529,20.8,26.9,0.771,10.6,36.1,46.7,26.3,7.2,5.2,14.6,20.8,112.6,2019,84.84251968503938,96.49212598425198,0.2406020881670533,1.0158271956521738,2.0735545664961634,116.87650615024268,10.810943814035973,0.116964
12,San Antonio Spurs,28.8,48,34,45,37,1.68,0.12,1.8,112.9,111.2,1.7,98.3,0.237,0.286,0.572,,0.534,11.0,21.0,0.194,0.528,11.0,79.4,0.17,AT&T Center,"750,616","18,308",7,82,19805,42.8,89.4,0.478,10.0,25.5,0.392,32.7,63.8,0.513,17.4,21.2,0.819,9.3,35.9,45.2,24.8,6.2,4.8,12.2,18.3,112.9,2019,90.94608341810785,100.4354018311292,0.1942147651006711,1.0154369347826089,2.147109203324808,121.78546409009112,11.035645159667428,0.0817959999999999
13,Los Angeles Clippers,27.2,48,34,43,39,0.85,0.23,1.09,112.4,111.5,0.9,101.7,0.326,0.295,0.575,,0.529,12.7,22.0,0.258,0.514,11.4,76.0,0.224,STAPLES Center,"710,327","17,325",9,82,19830,40.3,85.4,0.471,9.8,25.2,0.388,30.5,60.2,0.507,22.1,27.8,0.792,9.5,34.9,44.4,23.4,6.7,4.6,14.2,22.8,112.4,2019,83.9724680432645,96.0,0.2578173302107728,1.0177100869565217,2.13942125831202,113.24652012393904,10.641734826800516,0.0870249999999999
14,Orlando Magic,25.7,42,40,43,39,0.71,-0.43,0.28,108.9,108.1,0.8,98.1,0.216,0.36,0.55,,0.518,11.9,22.0,0.168,0.515,11.8,79.7,0.186,Amway Center,"720,024","17,431",22,82,19780,41.0,90.4,0.454,11.6,32.6,0.356,29.4,57.8,0.509,15.2,19.5,0.782,10.2,35.9,46.1,25.9,6.7,5.5,13.4,18.9,108.9,2019,92.15086646279308,100.89704383282366,0.168683628318584,1.018206,2.065774,128.58091273394496,11.33935239482154,0.1296
15,Brooklyn Nets,25.4,42,40,41,41,-0.07,-0.33,-0.4,109.6,109.7,-0.1,100.8,0.284,0.403,0.556,,0.52,13.0,23.8,0.211,0.512,11.6,76.4,0.19,Barclays Center,"612,597","14,941",19,82,19980,39.3,87.6,0.449,12.5,35.3,0.353,26.8,52.3,0.513,18.5,24.9,0.745,10.7,34.8,45.5,23.3,6.4,4.0,14.7,21.0,109.6,2019,86.90476190476191,97.77380952380952,0.211763698630137,1.019973456521739,2.0581912826086954,125.00165779968944,11.180414026309109,0.162409
16,Detroit Pistons,26.9,41,41,40,42,-0.24,-0.31,-0.56,109.0,109.2,-0.2,97.4,0.262,0.394,0.544,,0.509,12.3,24.8,0.195,0.526,12.8,78.7,0.211,Little Caesars Arena,"675,963","16,487",21,82,19855,39.5,89.9,0.44,12.3,35.4,0.348,27.2,54.4,0.5,17.6,23.5,0.747,11.6,34.2,45.8,22.9,7.1,4.1,14.1,22.5,109.0,2019,92.29979466119096,102.91581108829568,0.1952669632925472,1.0205425,2.0447224411764706,131.44131291009782,11.464785776895171,0.155236
17,Miami Heat,27.0,39,43,40,42,-0.23,-0.22,-0.45,107.3,107.6,-0.3,98.2,0.247,0.368,0.542,,0.515,13.1,24.8,0.172,0.51,12.7,77.6,0.201,AmericanAirlines Arena,"805,264","19,641",26,82,19730,40.3,89.4,0.45,11.5,32.9,0.349,28.8,56.5,0.509,15.3,22.1,0.695,11.4,35.6,47.1,24.7,7.8,5.5,15.0,21.2,107.3,2019,91.0386965376782,100.9409368635438,0.1718064876957494,1.022716760869565,2.0477727455242967,127.44847278217114,11.289307896508587,0.135424
18,Sacramento Kings,24.8,39,43,38,44,-1.12,0.31,-0.81,110.4,111.5,-1.1,103.1,0.244,0.321,0.554,,0.524,11.5,23.1,0.177,0.533,13.6,75.5,0.207,Golden 1 Center,"700,975","17,097",16,82,19730,41.8,90.1,0.464,10.9,29.0,0.378,30.8,61.1,0.504,16.0,22.0,0.726,10.7,33.2,43.9,24.6,8.0,4.3,12.9,20.7,110.4,2019,87.39088263821533,96.77982541222114,0.1772697003329633,1.0215581739130437,2.1188421636828645,120.05640033956058,10.957025159209984,0.103041
19,Charlotte Hornets,26.6,39,43,38,44,-1.1,-0.22,-1.32,111.4,112.5,-1.1,98.7,0.257,0.378,0.554,,0.514,10.9,21.7,0.205,0.538,12.1,77.1,0.179,Spectrum Center,"676,570","16,502",11,82,19830,40.4,90.3,0.448,12.0,34.1,0.351,28.4,56.1,0.507,18.5,23.2,0.797,10.0,34.1,44.0,23.4,7.2,5.0,12.3,19.0,111.4,2019,91.48936170212764,101.8318135764944,0.204766334440753,1.0173899782608695,2.0524668324808184,128.87640053980516,11.352374224795671,0.142884
20,New Orleans Pelicans,25.7,33,49,38,44,-1.33,0.23,-1.1,111.4,112.6,-1.2,103.3,0.254,0.324,0.563,,0.529,12.6,24.1,0.193,0.532,11.6,76.8,0.193,Smoothie King Center,"656,183","16,004",12,82,19755,42.1,89.0,0.473,9.9,28.8,0.344,32.2,60.2,0.536,17.2,22.6,0.761,10.7,34.9,45.6,26.1,7.2,5.2,14.3,20.4,111.4,2019,86.15682478218781,95.78315585672796,0.1932426966292135,1.0145854565217391,2.0335344002557543,115.85722882086046,10.763699588006926,0.104976
21,Dallas Mavericks,26.9,33,49,38,44,-1.28,0.42,-0.87,109.4,110.7,-1.3,99.0,0.291,0.422,0.555,,0.519,12.7,22.7,0.216,0.522,11.6,77.5,0.191,American Airlines Center,"820,569","20,014",20,82,19780,39.0,87.3,0.447,12.5,36.8,0.34,26.5,50.5,0.524,18.9,25.5,0.742,10.2,35.4,45.6,23.5,6.5,4.3,14.3,20.2,109.4,2019,88.18181818181819,99.51515151515152,0.2167353951890034,1.0185042608695651,2.0222928337595905,127.16726795184374,11.276846542887942,0.178084
22,Minnesota Timberwolves,26.2,36,46,37,45,-1.5,0.48,-1.02,111.4,112.9,-1.5,100.2,0.267,0.315,0.552,,0.511,11.4,24.6,0.21,0.538,12.9,74.9,0.19,Target Center,"627,543","15,306",13,82,19830,41.2,90.4,0.456,10.0,28.5,0.351,31.2,61.9,0.504,19.0,24.1,0.787,11.2,33.2,44.4,24.4,8.3,5.0,13.0,20.1,111.4,2019,90.21956087824351,100.80239520958084,0.2098086283185841,1.0181567608695652,2.0525489808184143,121.2542156066588,11.011549191946552,0.099225
23,Los Angeles Lakers,26.2,37,45,37,45,-1.72,0.39,-1.33,107.8,109.5,-1.7,103.2,0.257,0.342,0.554,,0.527,13.4,22.2,0.18,0.516,12.2,76.4,0.192,STAPLES Center,"778,877","18,997",24,82,19780,41.1,87.3,0.47,10.0,29.9,0.333,31.1,57.4,0.541,15.7,22.5,0.699,9.8,35.1,44.9,24.7,7.3,5.2,15.1,20.0,107.8,2019,84.59302325581395,94.18604651162792,0.1801546391752577,1.0161454565217392,2.0019585767263437,114.47919220838044,10.699494951089068,0.116964
24,Memphis Grizzlies,27.7,33,49,34,48,-2.6,0.51,-2.08,106.1,108.8,-2.7,96.6,0.272,0.342,0.548,,0.508,12.9,20.0,0.21,0.521,13.9,77.6,0.232,FedEx Forum,"638,332","15,569",27,82,19880,38.9,86.5,0.45,10.1,29.6,0.342,28.8,56.9,0.505,18.2,23.5,0.772,9.0,33.8,42.8,24.5,8.5,5.6,14.3,22.5,106.1,2019,89.54451345755695,100.24844720496895,0.2097341040462427,1.0190321739130437,2.0277999283887467,122.14146948668012,11.051763184518574,0.116964
25,Washington Wizards,26.5,32,50,34,48,-2.9,-0.4,-3.3,111.1,113.9,-2.8,101.4,0.266,0.37,0.567,,0.531,12.3,21.3,0.204,0.546,13.5,74.1,0.199,Capital One Arena,"716,996","17,448",14,82,19930,41.1,87.8,0.468,11.0,32.4,0.341,30.0,55.3,0.543,17.9,23.3,0.768,9.4,31.8,41.3,25.6,8.1,4.5,13.7,20.2,111.1,2019,86.58777120315581,96.698224852071,0.2038086560364465,1.0119709565217392,2.024977312020461,120.07847578633152,10.958032477882677,0.1369
26,Atlanta Hawks,25.1,29,53,27,55,-6.02,-0.04,-6.06,108.1,113.9,-5.8,103.9,0.255,0.403,0.555,,0.522,14.3,24.7,0.192,0.541,12.8,76.4,0.237,State Farm Arena,"628,440","15,328",23,82,19855,39.5,87.6,0.451,12.4,35.3,0.352,27.1,52.2,0.518,16.8,22.3,0.752,11.1,32.9,44.0,24.6,7.9,4.9,16.3,22.5,108.1,2019,84.31183830606352,93.75553416746872,0.1914337899543379,1.018975304347826,2.055487345268542,121.12994604339308,11.005905053351729,0.162409
27,Chicago Bulls,24.0,22,60,21,61,-8.41,0.1,-8.32,104.8,113.2,-8.4,99.0,0.235,0.295,0.541,,0.505,12.7,19.4,0.184,0.541,11.9,77.3,0.188,United Center,"823,475","20,085",29,82,19905,39.8,87.8,0.453,9.1,25.9,0.351,30.7,61.9,0.496,16.2,20.6,0.783,8.7,34.1,42.8,21.9,7.3,4.3,14.1,20.3,104.8,2019,88.68686868686869,97.84242424242424,0.1837107061503417,1.0184045869565217,2.0525810524296677,117.37588622929552,10.83401524040351,0.0870249999999999
28,New York Knicks,23.4,17,65,19,63,-9.21,0.28,-8.93,104.5,113.7,-9.2,99.6,0.27,0.334,0.529,,0.49,12.4,22.1,0.205,0.533,11.7,76.1,0.203,Madison Square Garden (IV),"779,087","19,002",30,82,19780,38.2,88.2,0.433,10.0,29.5,0.34,28.2,58.7,0.479,18.1,23.8,0.759,10.4,34.2,44.7,20.1,6.8,5.1,14.0,20.9,104.5,2019,88.55421686746989,99.06827309236948,0.2048095238095238,1.0181185,2.022173029411764,119.8557161355776,10.947863542060505,0.111556
29,Phoenix Suns,24.0,19,63,19,63,-9.34,0.73,-8.61,105.9,115.1,-9.2,100.5,0.259,0.335,0.552,,0.514,13.8,20.5,0.202,0.545,13.5,72.5,0.236,Talking Stick Resort Arena,"627,023","15,293",28,82,19880,39.5,86.0,0.459,9.5,28.8,0.329,30.0,57.2,0.525,17.4,22.3,0.779,9.0,30.8,39.8,23.5,8.8,5.0,15.4,23.2,105.9,2019,85.57213930348259,95.33532338308456,0.201996511627907,1.0162129347826083,1.989252673913044,114.85332067229072,10.716964153727991,0.112225
30,Cleveland Cavaliers,25.2,19,63,19,63,-9.61,0.22,-9.39,107.7,117.6,-9.9,96.6,0.236,0.332,0.54,,0.503,12.2,23.7,0.187,0.564,11.5,77.0,0.181,Quicken Loans Arena,"793,337","19,350",25,82,19755,40.1,90.3,0.444,10.6,30.0,0.355,29.4,60.3,0.488,16.9,21.3,0.792,11.0,32.9,44.0,21.3,6.7,2.5,13.9,20.6,107.7,2019,93.47826086956522,103.18012422360248,0.1868172757475083,1.0173300869565216,2.0630922583120204,127.55324890739462,11.2939474457514,0.110224
1,Milwaukee Bucks,29.2,56,17,57,16,10.08,-0.67,9.41,112.4,102.9,9.5,105.1,0.271,0.428,0.583,,0.552,12.9,20.7,0.201,0.489,12.0,81.6,0.178,Fiserv Forum,"549,036","17,711",9,73,17595,41.0,86.1,0.476,13.1,36.9,0.355,27.9,49.3,0.567,17.3,23.4,0.742,9.0,40.0,49.0,24.5,6.8,5.6,14.3,18.6,112.4,2020,81.92197906755472,91.7183634633682,0.2016585365853658,1.0028522608695654,2.063467833759591,119.34358897652268,10.924449138355795,0.1831839999999999
2,Boston Celtics,25.3,48,24,50,22,6.31,-0.47,5.83,113.3,107.0,6.3,99.5,0.259,0.386,0.57,,0.531,12.2,23.9,0.207,0.509,13.5,77.4,0.215,TD Garden,"610,864","19,090",4,72,17430,41.1,89.3,0.461,12.5,34.4,0.364,28.6,54.8,0.522,18.5,23.1,0.801,10.6,35.3,45.9,22.9,8.2,5.6,13.8,21.5,113.3,2020,89.74874371859296,99.96381909547738,0.2072015677491601,1.0153899782608695,2.085778185421995,128.21144973055095,11.323049489009176,0.148996
3,Los Angeles Clippers,27.4,49,23,50,22,6.44,0.21,6.66,113.9,107.6,6.3,101.5,0.295,0.375,0.577,,0.535,12.6,23.5,0.233,0.506,12.2,77.6,0.206,STAPLES Center,"610,176","19,068",2,72,17380,40.7,87.4,0.466,12.2,32.8,0.371,28.5,54.6,0.522,20.4,25.8,0.791,10.4,36.2,46.7,23.2,6.9,4.6,14.3,21.7,113.9,2020,86.10837438423646,97.29261083743845,0.2334988558352402,1.016033456521739,2.102556459079284,122.57351281657488,11.071292283043334,0.140625
4,Toronto Raptors,26.6,53,19,50,22,6.24,-0.26,5.97,111.1,105.0,6.1,100.9,0.264,0.421,0.574,,0.536,13.1,21.3,0.21,0.502,14.6,76.7,0.202,Scotiabank Arena,"633,456","19,796",14,72,17380,39.6,86.6,0.458,13.6,36.4,0.374,26.0,50.2,0.519,18.2,22.9,0.796,9.4,35.3,44.7,24.9,8.7,4.9,14.6,21.3,111.1,2020,85.82755203171456,95.81367690782952,0.2104896073903002,1.0162064347826087,2.1094001739130435,126.71931665969748,11.256967471734894,0.1772409999999999
5,Los Angeles Lakers,29.5,52,19,48,23,5.79,0.49,6.28,112.0,106.3,5.7,100.9,0.276,0.358,0.573,,0.542,13.3,24.5,0.201,0.515,14.1,78.8,0.205,STAPLES Center,"588,907","18,997",11,71,17090,41.8,87.2,0.48,10.9,31.2,0.349,30.9,56.0,0.552,17.5,24.0,0.729,10.5,34.6,45.2,25.1,8.5,6.5,15.0,20.5,112.0,2020,86.42220019821605,96.8880079286422,0.2006422018348623,1.010657804347826,2.047569962915601,119.42444949498096,10.928149408522057,0.128164
6,Dallas Mavericks,26.1,43,32,49,26,4.95,-0.07,4.87,116.7,111.7,5.0,99.3,0.264,0.457,0.581,,0.545,11.2,23.2,0.206,0.525,10.6,77.7,0.175,American Airlines Center,"682,096","20,062",1,75,18175,41.5,90.0,0.461,15.1,41.1,0.367,26.4,48.9,0.541,18.5,23.8,0.779,10.5,36.3,46.8,24.6,6.1,4.8,12.7,19.4,116.7,2020,90.6344410876133,101.1802618328298,0.2060022222222222,1.0119889347826083,2.093220673913044,136.50560479443058,11.683561306144226,0.208849
7,Miami Heat,25.9,44,29,43,30,2.95,-0.35,2.59,112.5,109.5,3.0,98.3,0.299,0.419,0.587,,0.547,13.5,20.3,0.234,0.523,12.6,79.5,0.213,AmericanAirlines Arena,"629,771","19,680",7,73,17745,39.6,84.7,0.468,13.5,35.5,0.379,26.1,49.2,0.532,19.8,25.3,0.783,8.5,36.0,44.5,26.0,7.5,4.6,15.0,20.6,112.5,2020,86.1648016276704,97.48931841302138,0.2338831168831169,1.0143725869565217,2.120621052429668,127.34215847500865,11.28459828593861,0.175561
8,Houston Rockets,29.2,44,28,42,30,2.96,0.17,3.13,112.9,110.1,2.8,103.7,0.288,0.501,0.578,,0.537,12.6,21.0,0.228,0.529,13.7,75.6,0.197,Toyota Center,"578,458","18,077",6,72,17380,39.1,86.7,0.451,15.0,43.4,0.345,24.1,43.3,0.557,19.8,25.0,0.791,9.4,33.1,42.4,20.7,8.3,4.9,14.1,20.8,112.9,2020,83.60655737704917,94.21407907425264,0.2280853517877739,1.0049734565217392,2.036100459079284,127.2130693851746,11.278877133171306,0.251001
9,Utah Jazz,27.3,44,28,42,30,2.47,0.05,2.52,112.3,109.9,2.4,98.6,0.268,0.414,0.585,,0.549,13.7,21.6,0.208,0.518,11.1,78.9,0.185,Vivint Smart Home Arena,"567,486","18,306",10,72,17355,40.5,85.9,0.471,13.5,35.6,0.38,27.0,50.4,0.535,17.9,23.0,0.779,9.2,36.1,45.3,22.6,6.1,4.1,15.3,20.6,112.3,2020,87.11967545638946,97.38336713995946,0.2085797438882421,1.0138129347826086,2.122821673913044,128.32227716432666,11.327942318193832,0.171396
10,Philadelphia 76ers,26.3,43,30,42,31,2.38,-0.13,2.25,111.3,109.0,2.3,99.0,0.255,0.36,0.566,,0.534,12.7,23.9,0.193,0.523,12.5,80.3,0.214,Wells Fargo Center,"639,491","20,629",13,73,17595,41.3,88.4,0.468,11.7,31.8,0.368,29.6,56.6,0.524,17.0,22.6,0.755,10.5,35.2,45.7,26.0,8.1,5.4,14.3,21.1,111.3,2020,89.29292929292929,99.33737373737377,0.1930203619909502,1.0178019782608696,2.095785950127877,125.53480484743082,11.204231559880885,0.1296
11,Denver Nuggets,25.6,46,27,41,32,2.11,0.24,2.35,113.1,111.0,2.1,97.1,0.235,0.344,0.567,,0.535,12.3,24.8,0.183,0.533,12.9,76.8,0.198,Pepsi Center,"633,153","19,186",5,73,17745,42.7,90.4,0.473,11.2,31.1,0.359,31.6,59.2,0.533,16.5,21.3,0.777,10.9,33.9,44.9,27.2,8.2,4.7,14.0,20.7,113.1,2020,93.09989701338826,102.75180226570548,0.1830763274336283,1.014477804347826,2.073508315856777,128.36467636224947,11.329813606686098,0.1183359999999999
12,Indiana Pacers,25.6,45,28,41,32,1.96,-0.33,1.63,110.0,108.0,2.0,98.9,0.216,0.317,0.565,,0.534,12.0,20.0,0.17,0.511,13.0,76.7,0.192,Bankers Life Fieldhouse,"529,002","16,531",19,73,17620,42.3,88.9,0.476,10.2,28.2,0.363,32.1,60.7,0.529,15.1,19.2,0.787,8.8,34.3,43.0,26.0,7.5,5.2,13.3,19.9,110.0,2020,89.88877654196158,98.43073811931244,0.169970753655793,1.014856760869565,2.0834369808184143,121.67315044868438,11.030555310077746,0.100489
13,Oklahoma City Thunder,25.5,44,28,41,31,1.99,0.34,2.33,110.8,108.8,2.0,98.8,0.29,0.353,0.573,,0.53,12.4,19.3,0.231,0.518,12.6,76.8,0.173,Chesapeake Energy Arena,"600,699","18,203",16,72,17430,40.1,85.8,0.468,10.7,30.3,0.355,29.4,55.6,0.529,19.8,24.9,0.796,8.3,34.8,43.0,21.8,7.7,4.9,13.7,19.4,110.8,2020,86.84210526315789,97.93117408906885,0.231006993006993,1.0142864347826086,2.0630591739130435,120.233173647254,10.965088857243884,0.1246089999999999
14,Phoenix Suns,24.6,34,39,37,36,0.22,0.35,0.56,111.7,111.4,0.3,101.3,0.271,0.361,0.576,,0.532,13.0,22.2,0.226,0.539,13.7,78.8,0.221,Talking Stick Resort Arena,"550,633","15,606",12,73,17595,40.5,86.5,0.468,11.2,31.2,0.358,29.3,55.3,0.529,19.5,23.4,0.834,9.6,33.2,42.8,26.7,7.5,3.9,14.5,21.7,111.7,2020,85.38993089832182,95.55380059230008,0.2256138728323699,1.011684260869565,2.0704714219948848,119.02557339792418,10.90988420643978,0.130321
15,Brooklyn Nets,26.3,35,37,35,37,-0.57,-0.44,-1.01,108.9,109.5,-0.6,101.4,0.267,0.423,0.554,,0.52,13.1,23.2,0.199,0.511,11.0,77.8,0.187,Barclays Center,"524,907","16,403",22,72,17480,39.4,88.0,0.448,12.7,37.2,0.343,26.6,50.8,0.524,17.5,23.4,0.745,10.4,36.3,46.7,23.8,6.3,4.4,14.9,20.4,108.9,2020,86.78500986193293,96.93885601577908,0.1981022727272727,1.0183454565217391,2.030831282608696,125.5455350731498,11.204710396665762,0.1789289999999999
16,Orlando Magic,26.1,33,40,34,39,-1.01,0.09,-0.93,108.5,109.5,-1.0,98.6,0.256,0.364,0.544,,0.506,11.5,22.3,0.198,0.535,13.2,79.1,0.176,Amway Center,"529,870","17,093",23,73,17570,39.8,89.6,0.444,11.2,32.6,0.343,28.6,57.0,0.502,17.8,22.9,0.774,10.4,34.6,45.0,24.2,8.3,5.5,13.0,18.5,108.5,2020,90.87221095334688,101.09127789046651,0.1978191964285714,1.0189974782608695,2.030619567774936,126.0604680815634,11.22766529967666,0.132496
17,San Antonio Spurs,27.6,32,39,33,38,-1.11,0.46,-0.65,112.4,113.5,-1.1,100.5,0.262,0.318,0.572,,0.531,11.2,20.1,0.212,0.542,11.7,79.2,0.193,AT&T Center,"550,515","18,351",8,71,17215,41.6,88.1,0.472,10.5,28.0,0.376,31.0,60.1,0.516,18.7,23.1,0.81,8.9,35.1,44.0,24.3,7.2,5.4,12.4,19.1,112.4,2020,87.66169154228855,97.77512437810944,0.2123836549375709,1.0157042608695652,2.1137808337595905,119.6487950580906,10.938409164869022,0.101124
18,Memphis Grizzlies,24.1,34,39,34,39,-1.07,0.16,-0.91,109.2,110.3,-1.1,102.8,0.24,0.346,0.561,,0.528,13.2,23.0,0.183,0.521,12.7,77.8,0.217,FedEx Forum,"523,297","15,857",20,73,17570,41.3,88.1,0.468,10.6,30.5,0.347,30.7,57.6,0.532,16.1,21.1,0.763,10.0,35.1,45.1,26.1,7.7,5.3,14.8,20.5,109.2,2020,85.70038910505836,94.73151750972762,0.182738933030647,1.015559543478261,2.0418626585677746,117.46613143624748,10.838179341395282,0.1197159999999999
19,Portland Trail Blazers,27.5,35,39,34,40,-1.15,0.54,-0.61,113.7,114.8,-1.1,100.7,0.242,0.374,0.57,,0.533,11.2,22.4,0.194,0.53,11.2,75.3,0.208,Moda Center,"628,303","19,634",3,74,17835,41.7,90.2,0.463,12.7,33.7,0.377,29.0,56.4,0.514,17.5,21.8,0.804,10.1,34.7,44.8,20.4,6.2,6.0,12.6,21.5,113.7,2020,89.57298907646475,99.09831181727904,0.1943148558758315,1.016344695652174,2.1160556547314577,127.87767707067916,11.308301246017422,0.139876
20,New Orleans Pelicans,25.4,30,42,33,39,-1.29,0.74,-0.55,110.7,111.9,-1.2,103.7,0.256,0.403,0.568,,0.539,13.9,24.2,0.186,0.532,12.4,77.8,0.212,Smoothie King Center,"528,172","16,505",17,72,17430,40.7,87.6,0.465,13.0,35.3,0.37,27.6,52.3,0.528,16.3,22.4,0.729,10.6,33.9,44.4,25.6,7.2,4.8,15.7,20.2,110.7,2020,84.47444551591128,93.97878495660558,0.1864109589041095,1.018337804347826,2.1006789629156013,122.86987956948506,11.084668672066163,0.162409
21,Sacramento Kings,27.0,31,41,31,41,-2.04,0.46,-1.59,110.2,112.2,-2.0,98.9,0.23,0.395,0.566,,0.534,13.0,21.9,0.177,0.543,13.6,78.4,0.225,Golden 1 Center,"520,663","16,796",18,72,17455,40.9,88.4,0.462,12.7,34.9,0.364,28.2,53.5,0.527,15.7,20.3,0.77,9.7,33.0,42.6,23.8,7.7,4.1,14.5,22.2,110.2,2020,89.38321536905966,98.41456016177958,0.1768212669683257,1.016334,2.0860271764705884,128.61018395955514,11.340643013495978,0.156025
22,Chicago Bulls,24.4,22,43,26,39,-3.08,-0.93,-4.0,106.7,109.8,-3.1,99.7,0.231,0.396,0.547,,0.515,13.7,22.8,0.175,0.546,16.3,75.6,0.239,United Center,"639,352","18,804",27,65,15675,39.5,88.5,0.447,12.2,35.1,0.348,27.3,53.5,0.511,15.5,20.5,0.755,10.4,31.4,41.8,23.2,10.0,4.1,15.4,21.8,106.7,2020,88.76629889669007,97.81344032096288,0.1748870056497175,1.0196219782608695,2.044665950127877,126.53985568118163,11.248993540809844,0.156816
23,Detroit Pistons,25.9,20,46,26,40,-3.56,-0.82,-4.38,109.0,112.7,-3.7,97.6,0.261,0.381,0.561,,0.529,13.8,22.6,0.194,0.541,12.7,75.9,0.186,Little Caesars Arena,"509,469","15,294",21,66,15965,40.0,87.2,0.459,12.2,33.2,0.367,27.8,53.9,0.515,16.9,22.7,0.743,9.9,32.5,42.4,24.5,7.5,4.6,15.5,20.0,109.0,2020,89.34426229508198,99.57786885245903,0.1934185779816513,1.0198555434782608,2.0934850115089514,127.66476427621063,11.298883319877708,0.145161
24,Minnesota Timberwolves,24.8,19,45,24,40,-4.3,0.28,-4.02,108.1,112.2,-4.1,103.4,0.277,0.433,0.551,,0.514,13.0,22.1,0.209,0.541,13.2,77.2,0.218,Target Center,"482,112","15,066",24,64,15560,38.6,87.5,0.441,12.7,37.9,0.336,25.9,49.6,0.521,18.2,24.2,0.753,10.1,32.7,42.8,22.7,8.3,5.4,14.6,20.4,108.1,2020,84.62282398452611,94.92069632495163,0.2082582857142857,1.0184524130434782,2.0105522416879795,122.53652649813624,11.069621786589469,0.187489
25,Washington Wizards,25.1,25,47,26,46,-4.67,-0.57,-5.24,110.9,115.5,-4.6,102.7,0.27,0.358,0.562,,0.523,12.2,22.2,0.213,0.558,13.9,75.3,0.231,Capital One Arena,"532,702","16,647",15,72,17355,40.3,88.1,0.457,11.6,31.6,0.368,28.6,56.6,0.506,18.8,23.8,0.788,9.9,30.9,40.8,24.3,7.7,4.2,13.7,22.0,110.9,2020,85.7838364167478,95.9805258033106,0.2128762769580023,1.0180142608695653,2.09553389258312,120.42045770489568,10.973625549693942,0.128164
26,New York Knicks,24.5,21,45,20,46,-6.45,-0.26,-6.72,106.5,113.0,-6.5,98.6,0.263,0.318,0.531,,0.501,12.6,25.8,0.182,0.541,12.4,78.3,0.224,Madison Square Garden (IV),"620,789","18,812",28,66,15965,40.2,89.9,0.447,9.6,28.5,0.337,30.6,61.4,0.499,16.4,23.6,0.694,12.1,34.7,46.8,22.2,7.7,4.8,14.4,22.3,106.5,2020,91.1764705882353,101.70791075050712,0.1821846496106785,1.0230790434782608,2.0138662173913047,122.00773620076728,11.04571121298974,0.101124
27,Charlotte Hornets,24.3,23,42,19,46,-6.75,-0.28,-7.03,106.3,113.3,-7.0,95.8,0.252,0.399,0.539,,0.504,13.3,23.9,0.188,0.546,13.1,74.4,0.159,Spectrum Center,"478,591","15,428",29,65,15750,38.6,88.8,0.434,12.5,35.5,0.352,26.1,53.4,0.489,16.7,22.4,0.748,11.4,32.9,44.2,24.6,6.8,4.3,15.1,19.5,106.3,2020,92.69311064718164,102.98121085594988,0.1886846846846846,1.0200046956521738,2.0555154782608698,132.8453096186621,11.52585396483324,0.159201
28,Atlanta Hawks,24.1,20,47,18,49,-7.97,0.27,-7.71,107.2,114.8,-7.6,103.0,0.258,0.398,0.554,,0.515,13.8,21.6,0.204,0.543,12.7,74.9,0.233,State Farm Arena,"545,453","16,043",26,67,16280,39.0,86.8,0.449,11.5,34.6,0.333,27.4,52.2,0.525,17.7,22.4,0.79,9.5,32.0,41.5,23.0,7.5,4.9,15.5,22.2,107.2,2020,84.27184466019418,93.8407766990291,0.2038709677419354,1.0155326086956522,2.001332631713556,118.64473043686245,10.892416189113527,0.158404
29,Cleveland Cavaliers,25.0,19,46,18,47,-7.89,0.12,-7.77,107.5,115.4,-7.9,98.7,0.227,0.362,0.553,,0.522,14.6,24.6,0.172,0.56,11.7,77.4,0.164,Rocket Mortgage Fieldhouse,"643,008","17,861",25,65,15725,40.5,88.4,0.458,11.2,32.0,0.351,29.3,56.4,0.519,15.2,20.0,0.758,10.9,33.6,44.5,23.2,6.9,3.3,16.6,18.4,107.5,2020,89.56433637284701,98.48024316109422,0.1714932126696832,1.018494695652174,2.052771301790281,124.7544173387604,11.169351697335006,0.131044
30,Golden State Warriors,24.4,15,50,16,49,-8.71,0.59,-8.12,105.2,113.8,-8.6,100.3,0.264,0.355,0.54,,0.497,13.2,21.5,0.212,0.553,13.7,76.4,0.193,Chase Center,"614,176","18,064",30,65,15725,38.2,87.2,0.438,10.3,30.9,0.334,27.9,56.3,0.495,18.5,23.0,0.803,9.8,32.5,42.4,25.3,8.1,4.5,14.7,19.8,105.2,2020,86.93918245264207,97.02891326021934,0.2118004587155963,1.0170946739130435,2.004221193094629,118.89146968395072,10.903736501032604,0.126025
1,Utah Jazz,28.5,52,20,55,17,9.25,-0.29,8.97,117.6,108.3,9.3,98.5,0.244,0.488,0.597,,0.563,12.7,24.5,0.195,0.507,10.3,79.3,0.159,Vivint Smart Home Arena,"151,300","4,203",3,72,17355,41.7,89.0,0.468,16.9,43.5,0.389,24.8,45.6,0.544,17.3,21.7,0.799,10.7,38.0,48.8,23.9,6.7,5.2,14.4,18.7,117.6,2021,90.35532994923858,100.048730964467,0.1948123595505618,1.0097124130434785,2.141370065217392,141.13153290364158,11.879879330348505,0.238144
2,Los Angeles Clippers,28.8,47,25,49,23,6.18,-0.16,6.02,117.6,111.2,6.4,96.9,0.222,0.4,0.599,,0.564,12.2,22.7,0.186,0.531,11.9,79.1,0.186,STAPLES Center,"13,901",386,4,72,17280,43.1,89.4,0.482,14.7,35.8,0.411,28.4,53.6,0.529,16.7,19.9,0.839,9.7,35.8,45.5,25.2,7.3,4.2,13.6,19.8,117.6,2021,92.26006191950464,101.29618163054695,0.1867572706935122,1.0113185,2.180611088235294,136.45591006738297,11.681434418228909,0.16
3,Phoenix Suns,26.6,51,21,49,23,5.82,-0.15,5.67,117.2,111.3,5.9,97.2,0.212,0.392,0.597,,0.564,11.5,20.8,0.177,0.534,12.4,78.5,0.194,Phoenix Suns Arena,"104,027","2,890",6,72,17480,44.0,89.8,0.49,13.3,35.2,0.378,30.8,54.6,0.563,15.9,19.0,0.834,8.9,34.8,43.7,27.4,7.3,4.4,12.7,19.4,117.2,2021,92.38683127572016,100.98765432098764,0.1764587973273942,0.9991722608695652,2.1179914219948848,132.829108650572,11.525151133524108,0.153664
4,Milwaukee Bucks,28.1,46,26,48,24,5.89,-0.32,5.57,117.2,111.4,5.8,102.2,0.233,0.404,0.593,,0.566,12.0,23.3,0.177,0.536,11.5,79.7,0.157,Fiserv Forum,"64,780","1,799",5,72,17330,43.6,89.6,0.487,14.1,36.2,0.389,29.6,53.4,0.554,15.8,20.9,0.76,10.0,36.9,46.9,24.9,7.9,4.5,13.5,16.9,117.2,2021,87.67123287671232,96.66927592954988,0.1772767857142857,1.0081620869565218,2.141676728900256,128.5349700648145,11.337326407262626,0.163216
5,Philadelphia 76ers,27.1,49,23,48,24,5.58,-0.31,5.28,113.2,107.6,5.6,99.5,0.293,0.347,0.579,,0.541,12.8,23.2,0.225,0.521,13.8,78.2,0.2,Wells Fargo Center,"68,583","1,905",13,72,17430,41.2,86.6,0.476,11.2,30.0,0.374,30.0,56.6,0.531,19.5,25.4,0.767,10.0,34.9,44.9,23.6,9.1,6.2,14.4,20.1,113.2,2021,87.03517587939699,98.26733668341708,0.2249630484988452,1.0155811086956523,2.109629837595908,121.43287148366024,11.019658410479892,0.1204089999999999
6,Denver Nuggets,26.1,47,25,47,25,4.93,-0.11,4.82,117.1,112.1,5.0,97.1,0.219,0.383,0.588,,0.557,12.1,24.7,0.176,0.545,12.9,78.9,0.2,Ball Arena,"54,563","1,516",7,72,17480,44.0,90.8,0.485,13.1,34.8,0.377,30.9,56.0,0.552,16.0,19.9,0.803,10.7,34.5,45.2,27.3,8.2,4.6,13.7,19.4,117.1,2021,93.51184346035016,102.52935118434604,0.175987885462555,1.0063786739130434,2.1160641930946293,133.85175188524292,11.5694317874839,0.146689
7,Brooklyn Nets,28.2,48,24,46,26,4.5,-0.27,4.24,118.3,113.8,4.5,99.5,0.258,0.413,0.61,,0.575,12.2,21.4,0.208,0.531,11.1,77.3,0.187,Barclays Center,"30,491",847,1,72,17405,43.0,87.1,0.494,14.1,36.0,0.392,28.9,51.1,0.565,18.1,22.5,0.804,8.9,35.5,44.3,26.7,6.7,5.3,13.5,19.0,118.3,2021,87.53768844221105,97.48743718592964,0.2076923076923077,1.000228695652174,2.147240654731457,129.02570621798196,11.358948288375204,0.1705689999999999
8,Los Angeles Lakers,28.2,42,30,42,30,2.79,-0.03,2.77,109.9,107.1,2.8,98.7,0.271,0.363,0.569,,0.536,13.6,22.5,0.2,0.526,13.7,79.7,0.184,STAPLES Center,"23,313",648,24,72,17455,40.8,86.4,0.472,11.1,31.3,0.354,29.7,55.0,0.539,17.3,23.4,0.739,9.7,34.7,44.4,24.7,7.8,5.4,15.3,19.2,109.9,2021,87.53799392097264,97.96960486322187,0.2001458333333333,1.0148811086956522,2.060869131713555,122.07827695523753,11.04890388026059,0.131769
9,Dallas Mavericks,26.3,42,30,41,31,2.26,-0.01,2.26,115.4,113.0,2.4,97.3,0.242,0.436,0.582,,0.55,11.1,21.1,0.189,0.534,11.5,77.8,0.197,American Airlines Center,"94,849","2,635",9,72,17305,42.2,89.6,0.47,14.2,39.1,0.362,28.0,50.5,0.554,16.9,21.7,0.778,9.4,35.1,44.5,23.5,6.4,4.4,12.4,19.9,115.4,2021,92.0863309352518,101.89928057553956,0.188421875,1.0071094782608696,2.0810335089514065,135.8586802317761,11.655843179786528,0.190096
10,New York Knicks,25.6,41,31,41,31,2.31,-0.18,2.13,110.6,108.2,2.4,95.9,0.242,0.347,0.559,,0.524,11.9,21.9,0.19,0.509,11.7,78.6,0.196,Madison Square Garden (IV),"42,131","1,170",23,72,17430,40.7,89.3,0.456,12.2,31.0,0.392,28.6,58.3,0.49,17.0,21.6,0.784,10.0,36.7,46.6,22.1,7.3,5.2,13.4,21.1,110.6,2021,93.11783107403544,103.0281543274244,0.1896349384098544,1.0180069565217391,2.1474060767263423,131.2876169917449,11.458080859888575,0.1204089999999999
11,Atlanta Hawks,25.4,41,31,41,31,2.32,-0.18,2.14,115.7,113.3,2.4,97.6,0.278,0.382,0.581,,0.539,11.9,24.4,0.226,0.53,11.1,77.8,0.19,State Farm Arena,"59,288","1,647",8,72,17405,41.5,88.8,0.468,12.6,33.9,0.373,28.9,54.8,0.526,20.0,24.7,0.812,10.7,35.7,46.4,24.5,7.1,4.8,13.5,19.7,115.7,2021,90.98360655737706,102.1188524590164,0.2258603603603603,1.0138890434782608,2.1069863350383637,130.2386845760807,11.412216462023522,0.145924
12,Portland Trail Blazers,27.4,42,30,40,32,1.79,0.01,1.81,117.8,116.0,1.8,98.4,0.238,0.448,0.577,,0.54,9.9,23.0,0.195,0.546,11.2,77.5,0.203,Moda Center,"5,817",162,2,72,17305,41.9,92.4,0.453,16.0,41.4,0.385,25.9,51.0,0.509,18.1,22.0,0.823,10.8,34.4,45.2,21.6,7.0,5.1,11.3,19.2,117.8,2021,93.90243902439023,103.739837398374,0.1959523809523809,1.015509804347826,2.13302408056266,142.37076513059696,11.93192210545296,0.200704
13,Boston Celtics,25.1,36,36,39,33,1.46,-0.14,1.32,114.0,112.5,1.5,98.3,0.234,0.409,0.574,,0.543,12.5,24.3,0.181,0.539,12.8,78.1,0.215,TD Garden,"30,067",835,10,72,17380,42.0,90.0,0.466,13.8,36.8,0.374,28.2,53.2,0.53,16.3,21.0,0.775,10.8,34.0,44.8,23.7,7.8,5.4,14.2,20.7,114.0,2021,91.55645981688708,100.95625635808749,0.1808333333333333,1.015353804347826,2.109568845268542,133.93682405655738,11.57310779594476,0.1672809999999999
14,Golden State Warriors,26.7,39,33,38,34,1.06,0.04,1.1,111.1,110.1,1.0,102.2,0.239,0.439,0.583,,0.551,13.3,17.9,0.188,0.522,13.1,76.6,0.223,Chase Center,"33,457",929,19,72,17305,40.3,86.1,0.468,14.2,37.9,0.376,26.1,48.3,0.541,16.2,20.6,0.785,7.8,34.3,42.0,27.0,8.0,4.6,14.7,20.7,111.1,2021,84.24657534246575,93.11545988258317,0.1878164924506388,1.011621108695652,2.1139900728900254,125.99589954052657,11.224789509853917,0.192721
15,Memphis Grizzlies,24.2,38,34,38,34,1.03,0.04,1.07,112.0,111.0,1.0,100.4,0.232,0.342,0.56,,0.528,11.6,24.2,0.179,0.535,13.1,78.3,0.196,FedEx Forum,"61,449","1,707",16,72,17405,42.4,90.8,0.467,11.0,31.0,0.356,31.3,59.8,0.525,16.3,21.1,0.771,11.0,34.9,46.0,26.6,9.0,5.0,13.1,18.5,112.0,2021,90.4382470119522,99.68525896414342,0.1791640969162995,1.0166911956521738,2.0658595664961634,124.39842179886284,11.153404045351484,0.116964
16,Miami Heat,27.4,40,32,36,36,0.03,-0.09,-0.06,111.2,111.2,0.0,96.6,0.252,0.432,0.581,,0.546,13.1,19.4,0.199,0.542,13.8,77.9,0.183,AmericanAirlines Arena,,,18,72,17380,40.4,86.2,0.468,13.3,37.2,0.358,27.0,48.9,0.553,17.2,21.7,0.79,8.3,34.4,42.7,27.1,8.1,4.1,14.5,19.5,111.2,2021,89.23395445134577,99.11801242236028,0.1988747099767981,1.006796608695652,2.070857631713555,130.85900379825583,11.439362036331216,0.1866239999999999
17,Indiana Pacers,26.5,34,38,36,36,-0.04,-0.08,-0.13,112.4,112.4,0.0,101.6,0.227,0.372,0.575,,0.542,11.9,20.2,0.18,0.531,12.7,74.9,0.201,Bankers Life Fieldhouse,,,14,72,17455,42.2,88.9,0.474,12.0,33.1,0.364,30.1,55.8,0.54,16.0,20.2,0.792,8.8,32.8,41.6,26.7,8.3,6.2,13.2,19.7,112.4,2021,87.5,96.248031496063,0.1799595050618672,1.0115060869565218,2.0858532583120204,123.47678303631712,11.112010755768605,0.138384
18,New Orleans Pelicans,24.8,31,41,35,37,-0.29,0.1,-0.2,113.5,113.8,-0.3,100.1,0.293,0.342,0.57,,0.537,12.7,26.3,0.214,0.55,11.9,80.0,0.186,Smoothie King Center,"93,120","2,587",12,72,17430,42.1,88.2,0.477,10.5,30.1,0.348,31.6,58.1,0.544,18.8,25.8,0.729,11.6,35.3,47.0,25.8,7.5,4.3,14.5,17.8,113.5,2021,88.11188811188812,99.45254745254746,0.2132448979591836,1.0137298043478262,2.044842962915601,120.39348501876133,10.972396502986998,0.116964
19,Toronto Raptors,26.6,27,45,35,37,-0.47,-0.07,-0.54,112.0,112.5,-0.5,99.2,0.241,0.444,0.567,,0.529,11.9,20.8,0.196,0.543,14.4,76.3,0.234,Amalie Arena,"26,024",723,15,72,17305,40.0,89.3,0.448,14.6,39.6,0.368,25.4,49.7,0.512,17.5,21.5,0.815,9.5,32.4,41.9,24.3,8.6,5.4,13.3,21.3,112.0,2021,90.02016129032258,99.55645161290322,0.1962206047032474,1.0158125869565218,2.095304875959079,134.58978798421128,11.601283893785691,0.197136
20,Chicago Bulls,25.6,31,41,34,38,-0.89,-0.05,-0.94,111.1,112.0,-0.9,99.0,0.197,0.383,0.575,,0.547,13.6,22.3,0.156,0.538,11.6,80.3,0.196,United Center,"13,655",379,20,72,17380,42.3,89.0,0.476,12.6,34.1,0.37,29.7,54.9,0.542,13.9,17.5,0.791,9.7,35.5,45.1,26.9,6.7,4.2,15.2,19.0,111.1,2021,89.8989898989899,97.67676767676768,0.1555337078651685,1.010913456521739,2.100225459079284,128.38654127435737,11.330778493746903,0.146689
21,San Antonio Spurs,26.2,33,39,32,40,-1.74,0.15,-1.58,111.0,112.8,-1.8,98.9,0.243,0.314,0.554,,0.517,10.2,20.0,0.192,0.541,11.8,77.3,0.174,AT&T Center,"61,053","1,696",21,72,17480,41.8,90.5,0.462,9.9,28.4,0.35,31.9,62.1,0.514,17.4,22.0,0.792,9.3,34.6,43.8,24.4,7.0,5.1,11.4,17.9,111.0,2021,91.50657229524772,101.29423660262891,0.1925303867403315,1.0171220869565216,2.04981725831202,122.74585192515106,11.079072701501287,0.098596
22,Washington Wizards,26.6,34,38,32,40,-1.83,-0.01,-1.85,111.2,113.0,-1.8,104.1,0.288,0.319,0.569,,0.531,12.3,21.3,0.221,0.539,12.5,77.6,0.217,Capital One Arena,"19,198",533,17,72,17405,41.2,86.7,0.475,9.7,27.7,0.351,31.5,59.1,0.533,19.2,25.0,0.769,9.2,33.9,43.1,24.3,7.0,3.9,13.7,20.6,111.2,2021,83.28530259365995,93.85206532180597,0.2217416378316032,1.0149525869565217,2.0526897583120203,112.1012464538529,10.587787609026396,0.101761
23,Charlotte Hornets,24.6,33,39,32,40,-1.93,-0.01,-1.94,110.9,112.8,-1.9,98.3,0.238,0.422,0.564,,0.532,13.3,23.5,0.181,0.55,13.2,75.7,0.163,Spectrum Center,"68,255","1,896",22,72,17355,40.4,89.0,0.455,13.9,37.5,0.369,26.6,51.5,0.517,16.1,21.2,0.761,10.7,33.6,44.3,27.2,7.9,4.8,15.0,18.2,110.9,2021,90.53916581892167,100.02848423194304,0.1812719101123595,1.018613456521739,2.0981094002557543,133.46928411515455,11.552890725491803,0.178084
24,Sacramento Kings,25.6,31,41,28,44,-3.68,0.23,-3.45,113.6,117.2,-3.6,100.0,0.248,0.376,0.578,,0.549,12.0,21.3,0.185,0.557,12.1,75.0,0.199,Golden 1 Center,,,11,72,17305,42.5,88.5,0.481,12.1,33.3,0.364,30.4,55.2,0.551,16.4,22.0,0.745,9.3,32.0,41.3,25.5,7.5,5.0,13.4,19.4,113.6,2021,88.5,98.18,0.1851977401129943,1.0102454565217391,2.086208282608696,125.21046190304348,11.189748071473437,0.141376
25,Detroit Pistons,24.5,20,52,26,46,-4.47,0.09,-4.38,108.0,112.5,-4.5,97.9,0.273,0.385,0.556,,0.519,13.5,21.9,0.207,0.541,12.6,76.9,0.195,Little Caesars Arena,"14,250",396,26,72,17430,39.2,86.7,0.452,11.7,33.3,0.351,27.5,53.4,0.515,18.0,23.7,0.759,9.8,33.5,43.3,24.5,7.5,5.2,15.1,20.8,108.0,2021,88.55975485188968,99.2114402451481,0.207477508650519,1.0189825,2.0527640294117644,125.48814434218588,11.202149094802564,0.148225
26,Minnesota Timberwolves,23.2,23,49,24,48,-5.56,0.31,-5.25,109.5,115.0,-5.5,101.6,0.254,0.413,0.555,,0.52,12.4,22.7,0.193,0.556,13.3,76.8,0.207,Target Center,"15,774",438,25,72,17405,39.8,88.8,0.448,12.8,36.7,0.349,27.0,52.1,0.518,17.2,22.6,0.761,10.3,32.2,42.5,25.0,8.6,5.4,13.9,20.4,109.5,2021,87.40157480314961,97.18897637795276,0.1936779279279279,1.0184734565217393,2.0473494002557544,126.1553650098516,11.231890535873807,0.1705689999999999
27,Houston Rockets,26.5,17,55,20,52,-7.9,0.4,-7.5,107.1,114.9,-7.8,101.4,0.252,0.459,0.553,,0.521,13.0,19.8,0.187,0.555,12.9,77.1,0.201,Toyota Center,"117,009","3,250",27,72,17305,38.6,87.1,0.444,13.6,40.0,0.339,25.1,47.2,0.532,16.3,22.0,0.74,9.2,32.8,41.9,23.2,7.5,4.9,14.5,19.2,107.1,2021,85.8974358974359,95.44378698224853,0.1869115958668197,1.0168170434782609,2.019417393861893,126.8714237030658,11.263721574287327,0.210681
28,Cleveland Cavaliers,24.0,22,50,18,54,-8.44,0.25,-8.19,105.8,114.4,-8.6,97.3,0.261,0.347,0.543,,0.508,13.9,23.6,0.194,0.556,13.0,76.6,0.183,Rocket Mortgage Fieldhouse,"91,476","2,541",28,72,17430,39.3,87.4,0.45,10.2,30.3,0.336,29.1,57.1,0.51,17.0,22.8,0.743,10.6,32.9,43.5,24.3,7.9,4.6,15.8,18.5,105.8,2021,89.82528263103804,100.13566289825285,0.1938260869565217,1.020355543478261,2.0106220115089517,122.5197100607823,11.068862184559997,0.1204089999999999
29,Orlando Magic,25.6,21,51,17,55,-9.31,0.29,-9.02,105.1,114.5,-9.4,98.7,0.24,0.356,0.527,,0.49,11.5,21.6,0.186,0.547,11.5,78.2,0.169,Amway Center,"126,463","3,513",29,72,17330,38.7,90.2,0.429,11.0,32.1,0.343,27.7,58.0,0.476,16.8,21.7,0.775,10.5,35.4,45.9,22.1,7.0,4.5,13.0,17.4,105.1,2021,91.38804457953394,101.06180344478216,0.1864467849223946,1.016649804347826,2.030611845268542,125.89802455986543,11.22042889375738,0.126736
30,Oklahoma City Thunder,22.8,22,50,15,57,-10.64,0.51,-10.13,103.5,114.0,-10.5,101.0,0.242,0.399,0.539,,0.509,14.2,21.2,0.176,0.547,11.5,77.9,0.167,Chesapeake Energy Arena,,,30,72,17355,38.3,86.8,0.441,11.7,34.6,0.339,26.5,52.2,0.509,15.2,21.0,0.725,9.8,35.2,45.0,21.7,6.9,4.3,15.9,17.9,103.5,2021,85.94059405940594,95.08910891089108,0.1754032258064516,1.021347195652174,2.0195155076726348,122.00267264007498,11.045482001256214,0.159201
1,Utah Jazz,29.3,49,33,56,26,6.04,-0.37,5.67,116.7,110.5,6.2,97.1,0.271,0.468,0.589,,0.555,12.7,25.4,0.208,0.521,10.9,78.3,0.164,Vivint Smart Home Arena,"750,546","18,306",3,82,19730,41.7,88.5,0.471,14.9,41.4,0.36,26.7,47.1,0.568,18.4,24.0,0.767,11.1,36.5,47.6,23.0,7.4,5.0,14.4,19.4,116.7,2022,91.14315139031926,102.0185375901133,0.208,1.0009291086956522,2.076113837595908,137.08983235958394,11.708536730077928,0.219024
2,Atlanta Hawks,26.1,43,39,45,37,1.56,-0.01,1.55,116.5,114.9,1.6,97.7,0.253,0.39,0.581,,0.543,10.8,23.0,0.205,0.543,11.5,76.9,0.177,State Farm Arena,"672,742","16,408",14,82,19705,42.4,90.3,0.47,13.2,35.2,0.374,29.2,55.1,0.531,18.5,22.8,0.812,10.3,34.7,45.0,25.2,7.3,4.3,12.1,19.1,116.5,2022,92.4257932446264,102.69396110542476,0.2050232558139535,1.012749043478261,2.109263335038363,133.1291529498046,11.538160726467828,0.1521
3,Milwaukee Bucks,28.5,51,31,49,33,3.35,-0.14,3.22,115.1,111.8,3.3,99.9,0.257,0.43,0.58,,0.546,11.9,23.0,0.199,0.536,11.6,78.6,0.165,Fiserv Forum,"715,581","17,453",8,82,19755,41.7,89.1,0.468,14.0,38.3,0.366,27.7,50.8,0.544,17.7,22.9,0.776,10.2,36.3,46.6,23.8,7.6,4.0,13.4,18.2,115.1,2022,89.18918918918918,99.27527527527523,0.1994433221099887,1.0111499130434782,2.090841094629156,131.591256749015,11.471323234440524,0.1848999999999999
4,Phoenix Suns,27.5,64,18,59,23,7.5,-0.56,6.94,114.8,107.3,7.5,99.8,0.221,0.354,0.581,,0.549,11.6,22.3,0.176,0.51,13.0,77.1,0.195,Phoenix Suns Arena,"663,171","16,175",2,82,19730,43.7,90.1,0.485,11.6,31.9,0.364,32.1,58.2,0.551,15.9,19.9,0.797,9.8,35.5,45.3,27.4,8.6,4.4,12.9,19.9,114.8,2022,90.28056112224448,99.05410821643284,0.1760299667036626,1.0071819782608695,2.0858118324808186,125.4012293522959,11.198269033752313,0.1253159999999999
5,Memphis Grizzlies,24.0,56,26,55,27,5.68,-0.32,5.37,114.6,109.0,5.6,100.3,0.245,0.346,0.553,,0.522,11.2,30.0,0.18,0.523,13.3,77.8,0.195,FedEx Forum,"646,785","15,775",4,82,19780,43.2,93.6,0.461,11.4,32.4,0.353,31.8,61.2,0.519,16.8,23.0,0.734,14.0,34.7,48.8,25.8,9.7,6.4,13.1,19.6,114.6,2022,93.32003988035892,103.4097706879362,0.1803632478632478,1.0197781739130434,2.058265398976982,128.69717742202548,11.344477838227084,0.1197159999999999
6,Denver Nuggets,27.7,48,34,47,35,2.3,-0.15,2.16,114.5,112.1,2.4,97.8,0.244,0.416,0.59,,0.556,13.2,21.9,0.194,0.537,11.7,78.3,0.188,Ball Arena,"695,262","16,958",11,82,19805,42.3,87.7,0.483,12.9,36.5,0.353,29.4,51.2,0.575,17.0,21.4,0.795,9.3,35.5,44.8,28.2,7.3,3.8,14.7,20.3,114.5,2022,89.67280163599182,99.30061349693251,0.1939908779931584,0.9952146739130436,2.057811487212276,128.88267787436857,11.352650698157174,0.173056
7,Boston Celtics,26.1,51,31,59,23,7.28,-0.26,7.02,114.4,106.9,7.5,96.6,0.239,0.425,0.578,,0.542,12.4,24.0,0.195,0.502,12.5,77.3,0.183,TD Garden,"785,396","19,156",1,82,19905,41.7,89.5,0.466,13.5,38.0,0.356,28.2,51.5,0.547,17.4,21.4,0.816,10.8,36.4,47.2,25.4,7.4,6.0,14.0,19.0,114.4,2022,92.65010351966876,102.39751552795032,0.1951106145251396,1.007484,2.065488,135.00377344720496,11.619112420800692,0.1806249999999999
8,Minnesota Timberwolves,24.2,46,36,48,34,2.63,-0.1,2.53,114.3,111.7,2.6,100.9,0.254,0.454,0.573,,0.539,12.4,24.4,0.198,0.535,14.2,74.9,0.227,Target Center,"657,148","16,028",10,82,19780,41.0,89.7,0.457,14.6,40.7,0.358,26.5,49.0,0.54,17.7,22.8,0.778,11.1,32.5,43.5,25.3,8.7,5.5,14.1,21.5,114.3,2022,88.89990089197225,98.8424182358771,0.197752508361204,1.0123734782608695,2.0709535089514066,132.72477943888532,11.520624090685596,0.206116
9,Charlotte Hornets,25.5,43,39,42,40,0.44,0.09,0.53,114.1,113.7,0.4,100.0,0.234,0.418,0.572,,0.544,11.6,23.3,0.173,0.544,13.1,74.8,0.187,Spectrum Center,"700,755","17,092",16,82,19880,42.3,90.5,0.468,13.8,37.8,0.365,28.5,52.7,0.542,15.7,21.2,0.74,10.7,33.4,44.1,27.8,8.5,4.9,13.1,19.7,114.1,2022,90.5,99.82800000000002,0.1733480662983425,1.0138570434782608,2.0886813938618927,132.41359278544502,11.507110531555911,0.174724
10,Miami Heat,28.2,53,29,53,29,4.45,-0.22,4.23,113.7,109.1,4.6,95.9,0.252,0.422,0.584,,0.547,13.4,23.5,0.204,0.524,13.8,78.0,0.209,FTX Arena,"804,761","19,628",6,82,19855,40.9,87.6,0.467,14.0,37.0,0.379,26.9,50.6,0.531,17.8,22.1,0.808,10.2,35.0,45.2,26.3,7.6,3.3,15.0,21.2,113.7,2022,91.3451511991658,101.48488008342022,0.2038447488584475,1.0130186086956523,2.120413219948849,135.22180208014424,11.62849096315357,0.178084
11,Brooklyn Nets,29.1,44,38,43,39,0.78,0.04,0.82,113.6,112.8,0.8,99.0,0.246,0.359,0.576,,0.54,12.5,23.9,0.198,0.521,11.7,75.1,0.201,Barclays Center,"711,539","17,355",15,82,19755,42.2,89.0,0.475,11.5,31.9,0.361,30.7,57.0,0.538,17.6,21.9,0.805,10.4,34.3,44.7,25.4,7.1,5.5,14.1,20.5,113.6,2022,89.8989898989899,99.63232323232324,0.1980842696629213,1.0112865,2.078319088235294,125.35076437040998,11.196015557795995,0.128881
12,Philadelphia 76ers,26.8,51,31,48,34,2.61,-0.04,2.57,113.5,110.8,2.7,96.2,0.282,0.376,0.578,,0.534,11.6,20.1,0.232,0.524,12.1,76.8,0.192,Wells Fargo Center,"846,867","20,655",9,82,19805,40.7,87.3,0.466,12.0,32.8,0.364,28.7,54.4,0.527,20.2,24.6,0.821,8.8,34.9,43.7,24.5,8.0,5.5,12.9,20.0,113.5,2022,90.74844074844074,102.0,0.2313470790378007,1.013057804347826,2.0856031982097187,128.53018125156242,11.337115208533538,0.141376
13,Chicago Bulls,26.3,46,36,40,42,-0.39,0.02,-0.38,113.2,113.6,-0.4,98.3,0.248,0.332,0.579,,0.541,11.8,20.4,0.201,0.541,11.9,78.3,0.199,United Center,"856,148","20,882",20,82,19730,42.3,88.2,0.48,10.8,29.3,0.369,31.6,58.9,0.535,17.8,21.9,0.813,8.8,34.2,42.9,24.2,7.2,4.2,13.0,19.1,113.2,2022,89.72533062054934,99.52797558494406,0.2018673469387754,1.0116251086956525,2.097689543478261,123.12096418314832,11.095988652803694,0.110224
14,Toronto Raptors,24.8,48,34,47,35,2.29,0.08,2.38,112.9,110.5,2.4,96.0,0.234,0.375,0.543,,0.51,11.0,28.4,0.177,0.535,14.4,75.6,0.199,Scotiabank Arena,"547,343","13,350",12,82,19855,41.9,94.3,0.445,12.3,35.3,0.349,29.6,58.9,0.503,16.7,22.0,0.759,13.8,33.0,46.8,22.8,9.3,4.7,12.9,20.2,112.9,2022,98.22916666666669,108.3125,0.1770731707317073,1.0198465,2.0473640294117645,138.02824331648284,11.74854217835059,0.140625
15,Dallas Mavericks,26.7,52,30,50,32,3.3,-0.18,3.12,112.8,109.4,3.4,95.4,0.249,0.439,0.572,,0.538,11.7,21.3,0.192,0.521,12.2,78.0,0.185,American Airlines Center,"808,037","19,708",7,82,19755,41.0,88.9,0.461,13.7,39.0,0.35,27.4,49.9,0.548,17.1,22.2,0.771,9.7,35.3,44.9,24.4,7.0,4.1,13.1,20.5,112.8,2022,93.18658280922432,103.42557651991616,0.1925331833520809,1.009975195652174,2.0499835664961634,136.66174589438546,11.690241481440212,0.192721
16,Indiana Pacers,26.0,25,57,32,50,-3.48,0.22,-3.26,112.6,116.1,-3.5,98.0,0.239,0.395,0.564,,0.531,12.7,25.5,0.184,0.552,11.9,76.2,0.204,Gainbridge Fieldhouse,"588,743","14,360",24,82,19880,41.9,90.4,0.463,12.3,35.7,0.344,29.6,54.7,0.541,16.6,21.6,0.768,11.4,32.9,44.3,25.6,7.2,5.6,14.6,20.6,112.6,2022,92.24489795918367,101.94285714285716,0.183504424778761,1.012642956521739,2.0334823120204604,130.60719895480975,11.428350666426445,0.156025
17,Golden State Warriors,27.6,53,29,55,27,5.54,-0.02,5.52,112.5,106.9,5.6,98.4,0.235,0.456,0.582,,0.552,13.5,22.8,0.181,0.509,13.0,78.7,0.201,Chase Center,"740,624","18,064",5,82,19730,41.1,87.6,0.469,14.5,39.9,0.364,26.5,47.6,0.557,15.8,20.6,0.769,9.9,36.2,46.1,27.5,8.9,4.6,15.1,21.3,112.5,2022,89.02439024390243,98.23577235772356,0.180837899543379,1.0063125869565217,2.0860347583120205,133.4178176681804,11.550663083484878,0.207936
18,San Antonio Spurs,24.5,34,48,41,41,0.12,-0.1,0.02,112.4,112.3,0.1,100.0,0.22,0.345,0.556,,0.527,11.1,23.7,0.166,0.532,12.1,75.1,0.176,AT&T Center,"615,588","15,014",17,82,19805,43.0,92.1,0.467,11.2,31.8,0.352,31.7,60.3,0.527,15.3,20.3,0.754,10.9,34.1,45.0,27.7,7.6,4.9,12.6,18.0,112.4,2022,92.1,101.03199999999998,0.1661910966340934,1.017245304347826,2.055473109974425,126.67746194031712,11.255108259822164,0.1190249999999999
19,New Orleans Pelicans,25.6,36,46,38,44,-0.99,0.15,-0.84,112.0,113.0,-1.0,97.2,0.264,0.365,0.557,,0.517,12.5,26.9,0.208,0.547,13.0,78.2,0.196,Smoothie King Center,"635,941","15,511",21,82,19755,41.2,90.1,0.457,10.9,32.8,0.332,30.2,57.3,0.528,18.8,23.8,0.789,12.3,34.1,46.3,25.6,8.5,4.1,14.4,20.1,112.0,2022,92.6954732510288,103.46913580246913,0.2084150943396227,1.0149595434782608,1.9983257762148332,127.35321860111377,11.28508832934478,0.1332249999999999
20,Cleveland Cavaliers,24.7,44,38,47,35,2.12,-0.08,2.04,111.9,109.7,2.2,96.1,0.261,0.387,0.571,,0.538,13.2,24.0,0.198,0.52,12.3,76.5,0.172,Rocket Mortgage Fieldhouse,"758,228","18,493",13,82,19730,41.2,87.8,0.469,12.1,34.0,0.355,29.1,53.8,0.541,17.4,22.9,0.76,10.6,35.3,45.9,26.1,7.3,4.3,14.9,18.1,111.9,2022,91.36316337148804,101.84807492195628,0.1982232346241458,1.0131020869565217,2.063340728900256,129.69407071168783,11.388330461998711,0.149769
21,Washington Wizards,25.9,35,47,32,50,-3.38,0.15,-3.23,111.1,114.5,-3.4,97.0,0.252,0.356,0.568,,0.532,12.1,20.9,0.197,0.529,10.7,76.9,0.202,Capital One Arena,"637,215","15,542",23,82,19830,41.5,88.0,0.472,10.7,31.3,0.342,30.8,56.7,0.543,17.4,22.2,0.783,9.2,34.9,44.1,25.6,6.5,5.1,13.4,19.3,111.1,2022,90.72164948453609,100.79175257731958,0.1975295454545454,1.0110725869565218,2.0277140524296677,124.56054792012024,11.16066968958943,0.126736
22,New York Knicks,26.0,37,45,41,41,-0.12,0.11,-0.01,110.4,110.5,-0.1,95.9,0.28,0.428,0.55,,0.513,12.0,25.1,0.208,0.521,11.7,78.8,0.198,Madison Square Garden (IV),"763,484","18,622",19,82,19780,39.1,89.4,0.437,13.7,38.3,0.357,25.4,51.1,0.497,18.6,25.0,0.744,11.9,35.9,47.8,22.7,7.2,5.0,13.7,21.1,110.4,2022,93.22210636079248,104.69238790406672,0.2080536912751678,1.0206666086956522,2.06863816112532,136.9617725988719,11.703066803144887,0.1831839999999999
23,Los Angeles Lakers,30.2,33,49,33,49,-3.05,-0.03,-3.08,110.3,113.3,-3.0,100.1,0.259,0.388,0.567,,0.537,12.8,21.1,0.19,0.54,12.2,75.8,0.192,Crypto.com Arena,"764,631","18,650",22,82,19980,41.0,87.3,0.469,11.8,33.9,0.347,29.2,53.4,0.546,16.6,22.6,0.732,9.4,33.9,43.3,23.6,7.5,5.1,14.3,19.8,110.3,2022,87.21278721278722,97.14685314685316,0.1894982817869416,1.0128594782608695,2.0420785089514064,123.16158955777829,11.097819135207525,0.150544
24,Los Angeles Clippers,27.5,42,40,41,41,0.02,0.06,0.09,110.1,110.1,0.0,98.0,0.224,0.391,0.564,,0.531,12.5,20.6,0.178,0.514,12.0,74.4,0.167,Crypto.com Arena,"694,005","16,927",18,82,19780,40.7,88.8,0.458,13.0,34.7,0.374,27.7,54.1,0.512,15.8,19.9,0.793,9.3,35.4,44.7,24.4,7.5,5.0,13.9,18.9,110.1,2022,90.6122448979592,99.5469387755102,0.1777105855855855,1.0172665,2.109425029411765,130.87130925306124,11.43989987950337,0.152881
25,Sacramento Kings,25.8,30,52,28,54,-5.46,0.2,-5.26,109.9,115.3,-5.4,99.8,0.264,0.377,0.561,,0.525,12.5,21.3,0.203,0.551,11.9,76.0,0.176,Golden 1 Center,"577,583","14,087",25,82,19805,40.3,87.7,0.46,11.4,33.1,0.344,29.0,54.7,0.53,17.8,23.2,0.768,9.5,33.2,42.8,23.6,7.1,4.5,14.0,18.9,109.9,2022,87.87575150300601,98.10420841683366,0.2031653363740022,1.015766956521739,2.0334823120204604,122.97733778985489,11.08951476800743,0.142129
26,Houston Rockets,24.1,20,62,21,61,-8.48,0.22,-8.26,108.4,116.7,-8.3,100.9,0.284,0.448,0.565,,0.534,14.5,21.7,0.202,0.554,12.3,74.4,0.206,Toyota Center,"638,977","15,585",29,82,19755,38.9,85.3,0.456,13.3,38.2,0.349,25.6,47.1,0.543,17.3,24.2,0.713,9.5,32.0,41.5,23.3,7.2,4.6,16.3,20.4,108.4,2022,84.53914767096134,95.09217046580773,0.2022813599062133,1.0148465,2.0476694411764704,124.91091719850756,11.176355273455991,0.200704
27,Portland Trail Blazers,25.6,27,55,20,62,-8.88,0.33,-8.55,107.8,116.9,-9.1,98.3,0.248,0.422,0.55,,0.515,13.0,22.9,0.188,0.559,12.7,76.9,0.222,Moda Center,"705,608","17,210",30,82,19730,39.1,88.4,0.442,12.9,37.4,0.346,26.2,51.1,0.513,16.7,21.9,0.76,10.6,32.9,43.5,23.3,8.1,4.5,14.7,21.4,107.8,2022,89.92878942014242,99.73143438453714,0.1882805429864253,1.0191500869565218,2.039121728900256,130.35880548864614,11.417478070425451,0.178084
28,Detroit Pistons,23.6,23,59,22,60,-7.72,0.37,-7.36,106.0,113.8,-7.8,98.4,0.249,0.391,0.533,,0.494,12.6,23.4,0.194,0.541,13.1,75.6,0.226,Little Caesars Arena,"663,556","16,184",26,82,19780,38.6,89.6,0.431,11.4,35.0,0.326,27.2,54.6,0.498,17.4,22.3,0.782,11.1,32.4,43.5,23.7,7.8,4.8,14.3,22.2,106.0,2022,91.05691056910568,101.02845528455283,0.1946272321428571,1.018514,1.979914,126.97170471544712,11.268172199405152,0.152881
29,Oklahoma City Thunder,22.4,24,58,21,61,-8.1,0.2,-7.9,104.6,112.8,-8.2,98.6,0.223,0.419,0.53,,0.497,12.5,21.8,0.169,0.533,11.8,76.1,0.169,Paycom Center,"595,112","14,515",28,82,19805,38.6,89.9,0.43,12.2,37.7,0.323,26.4,52.2,0.507,15.2,20.1,0.756,10.5,35.5,46.0,22.4,7.6,4.7,14.1,18.4,104.6,2022,91.1764705882353,100.14604462474644,0.169027808676307,1.0198544347826086,1.9706337621483376,129.30929459239508,11.371424475077651,0.175561
30,Orlando Magic,23.3,22,60,21,61,-8.0,0.33,-7.67,104.5,112.5,-8.0,99.2,0.223,0.417,0.538,,0.503,13.0,19.8,0.175,0.532,11.7,77.2,0.196,Amway Center,"622,881","15,192",27,82,19780,38.4,88.5,0.434,12.2,36.9,0.331,26.2,51.6,0.507,15.5,19.7,0.787,9.1,35.3,44.4,23.8,6.8,4.5,14.5,19.7,104.5,2022,89.21370967741935,97.9516129032258,0.1751853107344632,1.0180247608695652,1.9953089808184143,127.17880729038184,11.277358169818934,0.173889
1,Sacramento Kings,25.4,48,34,47,35,2.65,-0.35,2.3,119.4,116.8,2.6,100.3,0.284,0.423,0.608,,0.572,12.0,22.7,0.225,0.563,12.6,77.2,0.203,Golden 1 Center,"715,491","17,451",8,82,19830,43.1,87.3,0.494,13.6,36.9,0.369,29.5,50.3,0.586,19.6,24.8,0.79,9.4,32.6,42.0,27.0,6.9,3.3,13.3,19.5,119.4,2023,87.03888334995015,97.9182452642074,0.2244215349369989,0.9884486086956522,2.097884631713555,126.88006585596536,11.264105195529972,0.1789289999999999
2,Boston Celtics,27.4,57,25,57,25,6.52,-0.15,6.38,118.0,111.5,6.5,98.5,0.243,0.48,0.6,,0.566,12.0,22.1,0.197,0.528,11.3,78.5,0.18,TD Garden,"785,396","19,156",1,82,19980,42.2,88.8,0.475,16.0,42.6,0.377,26.2,46.2,0.567,17.5,21.6,0.812,9.7,35.6,45.3,26.7,6.4,5.2,13.4,18.8,118.0,2023,90.1522842639594,99.8010152284264,0.1975135135135135,0.9986370434782608,2.115986335038363,138.38057427850492,11.76352728897693,0.2304
3,New York Knicks,24.5,47,35,48,34,2.93,0.06,2.99,117.8,114.8,3.0,97.1,0.285,0.4,0.577,,0.541,11.4,28.3,0.217,0.536,11.4,77.1,0.21,Madison Square Garden (IV),"795,110","19,393",7,82,19955,42.6,90.7,0.47,12.8,36.3,0.354,29.8,54.5,0.547,19.7,25.8,0.761,12.8,34.6,47.3,23.3,6.5,4.2,13.2,20.6,117.8,2023,93.40885684860967,105.09989701338829,0.2164696802646086,1.0109334565217392,2.0607144002557543,133.6536736819689,11.560868206236457,0.16
4,Philadelphia 76ers,28.2,54,28,52,30,4.32,0.06,4.37,117.7,113.3,4.4,96.9,0.3,0.389,0.608,,0.563,12.6,21.6,0.25,0.541,13.0,77.2,0.217,Wells Fargo Center,"839,261","20,470",3,82,19880,41.7,85.6,0.487,12.9,33.3,0.387,28.8,52.3,0.551,21.4,25.6,0.835,8.9,32.9,41.8,25.7,7.9,4.8,14.0,20.9,117.7,2023,88.33849329205366,99.9628482972136,0.2497196261682243,1.004571543478261,2.137017011508952,127.65732331724692,11.298554036567994,0.151321
5,Denver Nuggets,26.6,53,29,49,33,3.33,-0.29,3.04,117.6,114.2,3.4,98.1,0.259,0.361,0.601,,0.573,13.1,24.8,0.194,0.543,12.2,76.4,0.201,Ball Arena,"788,635","19,235",6,82,19755,44.2,87.8,0.504,12.0,31.7,0.379,32.3,56.1,0.575,17.1,22.7,0.751,10.3,33.4,43.7,29.3,7.7,4.6,14.8,18.9,117.6,2023,89.50050968399593,99.68195718654434,0.1941651480637813,0.9978259782608696,2.1208614207161127,125.59085389222962,11.206732525238104,0.130321
6,Dallas Mavericks,27.8,38,44,41,41,0.07,-0.22,-0.14,116.8,116.7,0.1,96.6,0.298,0.487,0.599,,0.565,11.4,18.0,0.225,0.549,11.9,75.5,0.226,American Airlines Center,"827,282","20,178",19,82,19930,40.9,86.2,0.475,15.5,41.9,0.371,25.4,44.2,0.574,19.4,25.7,0.755,7.8,31.9,39.7,23.4,6.4,3.8,12.5,21.2,116.8,2023,89.23395445134577,100.93995859213253,0.2250986078886311,0.9982019782608696,2.102832950127877,137.0773871081582,11.708005257436392,0.237169
7,Atlanta Hawks,24.9,41,41,42,40,0.29,0.02,0.32,116.6,116.3,0.3,100.7,0.244,0.331,0.579,,0.541,11.2,25.1,0.2,0.552,12.4,75.8,0.206,State Farm Arena,"719,787","17,556",18,82,19855,43.9,90.9,0.483,10.6,30.1,0.352,33.3,60.9,0.548,18.2,22.2,0.818,11.0,32.6,43.7,24.6,7.0,4.8,12.7,18.5,116.6,2023,90.26812313803376,99.96822244289972,0.1997755775577557,1.0069661739130435,2.0549581636828647,122.20963594606856,11.054846717438853,0.109561
8,Cleveland Cavaliers,25.4,51,31,55,27,5.38,-0.15,5.23,116.1,110.6,5.5,95.7,0.264,0.371,0.59,,0.556,12.3,23.6,0.206,0.535,14.4,76.3,0.21,Rocket Mortgage Fieldhouse,"777,280","18,958",2,82,19880,43.0,88.1,0.488,12.0,32.7,0.367,31.0,55.4,0.559,18.2,23.3,0.78,10.0,32.5,42.5,25.8,7.4,4.8,13.8,19.7,116.1,2023,92.05851619644724,102.77115987460812,0.2062883087400681,1.0047281739130434,2.093212810741688,129.6695729623271,11.387254847518216,0.1376409999999999
9,Golden State Warriors,27.3,44,38,45,37,1.8,-0.15,1.66,116.1,114.4,1.7,101.6,0.224,0.479,0.6,,0.571,14.1,24.4,0.178,0.54,12.3,76.0,0.214,Chase Center,"740,624","18,064",11,82,19830,42.1,88.0,0.479,16.2,42.2,0.385,25.9,45.9,0.564,15.6,19.7,0.794,10.3,33.3,43.6,29.1,7.0,3.8,15.9,20.9,116.1,2023,86.61417322834646,95.1456692913386,0.1777477272727272,1.001394695652174,2.1332757723785165,133.6946696491733,11.56264111910308,0.2294409999999999
10,Utah Jazz,26.5,37,45,39,43,-0.94,-0.09,-1.03,115.8,116.7,-0.9,100.5,0.265,0.421,0.584,,0.547,13.3,26.8,0.209,0.541,10.9,75.2,0.205,Vivint Arena,"728,240","17,762",22,82,19805,42.0,88.8,0.473,13.2,37.4,0.353,28.8,51.4,0.56,18.5,23.6,0.786,11.7,33.7,45.4,25.7,6.0,5.2,15.2,20.2,115.8,2023,88.35820895522389,98.6905472636816,0.2088918918918919,1.0038830434782609,2.057885040920716,127.90892351726993,11.30968273282986,0.1772409999999999
11,Toronto Raptors,25.8,41,41,45,37,1.48,0.12,1.59,115.5,114.0,1.5,97.1,0.257,0.351,0.555,,0.517,10.3,27.8,0.201,0.565,15.3,76.7,0.223,Scotiabank Arena,"811,261","19,787",12,82,19805,42.9,93.5,0.459,11.0,32.8,0.335,31.9,60.7,0.525,18.8,24.0,0.784,13.0,31.0,44.0,24.5,9.6,5.3,11.9,20.5,115.5,2023,96.29248197734294,107.16786817713698,0.2012406417112299,1.0159069565217391,2.007357076726343,131.33388898529083,11.460099868033035,0.1232009999999999
12,Milwaukee Bucks,29.8,58,24,50,32,3.63,-0.02,3.61,115.4,111.9,3.5,100.5,0.248,0.446,0.583,,0.555,12.7,25.0,0.184,0.52,10.4,77.8,0.175,Fiserv Forum,"718,786","17,531",5,82,19830,42.2,89.2,0.473,14.7,39.8,0.368,27.5,49.4,0.557,16.4,22.1,0.743,11.0,37.0,48.0,25.5,6.3,4.9,14.4,17.8,115.4,2023,88.75621890547264,98.43184079601993,0.1840840807174888,1.007759543478261,2.0958700115089512,132.51807726370092,11.511649632598315,0.198916
13,Oklahoma City Thunder,22.8,40,42,44,38,1.09,-0.12,0.96,115.2,114.2,1.0,101.1,0.256,0.369,0.57,,0.531,11.2,24.7,0.207,0.547,14.4,72.9,0.222,Paycom Center,"636,903","15,534",14,82,19855,42.3,90.8,0.465,11.9,33.5,0.356,30.4,57.3,0.53,18.8,23.3,0.809,11.2,31.6,42.8,23.9,8.1,4.1,12.8,20.6,115.2,2023,89.81206726013848,99.95252225519287,0.2075958149779736,1.013195543478261,2.065549540920716,125.87288477046,11.219308569179296,0.136161
14,Memphis Grizzlies,24.4,51,31,51,31,3.94,-0.34,3.6,115.1,111.2,3.9,101.1,0.259,0.372,0.57,,0.54,11.7,26.5,0.19,0.526,13.1,75.9,0.206,FedEx Forum,"707,836","17,264",4,82,19780,43.0,90.6,0.475,11.8,33.7,0.351,31.2,56.9,0.548,17.2,23.5,0.733,11.9,34.0,45.9,25.6,8.2,5.7,13.4,19.7,115.1,2023,89.61424332344214,99.84174085064294,0.1901269315673289,1.0120569347826087,2.0529439680306902,125.3942454503176,11.197957199878806,0.138384
15,Phoenix Suns,28.1,45,37,46,36,2.07,0.01,2.08,115.1,113.0,2.1,98.2,0.241,0.362,0.57,,0.535,12.0,26.6,0.191,0.532,12.9,76.0,0.234,Footprint Center,"699,911","17,071",9,82,19780,42.7,91.3,0.467,12.4,33.0,0.374,30.3,58.2,0.52,17.4,22.0,0.793,12.0,32.8,44.8,27.6,7.2,5.3,13.7,21.5,115.1,2023,92.9735234215886,102.83095723014254,0.1910843373493976,1.0162425,2.109425029411765,131.27625127960945,11.45758487987802,0.131044
16,Los Angeles Clippers,29.7,44,38,42,40,0.5,-0.19,0.31,115.0,114.5,0.5,98.0,0.278,0.387,0.588,,0.551,12.8,22.9,0.217,0.543,11.7,76.6,0.195,Crypto.com Arena,"720,543","17,574",17,82,19830,41.6,87.2,0.477,12.9,33.8,0.381,28.8,53.4,0.539,18.9,24.2,0.781,9.9,33.9,43.8,24.2,7.2,4.5,14.4,19.7,115.0,2023,88.9795918367347,99.84489795918368,0.2167454128440367,1.0125071956521738,2.12495691943734,128.39979675470747,11.331363411112868,0.149769
17,Brooklyn Nets,28.0,45,37,43,39,0.85,0.18,1.03,115.0,114.1,0.9,98.3,0.26,0.397,0.598,,0.562,12.7,19.6,0.208,0.53,12.2,73.7,0.212,Barclays Center,"724,439","17,669",15,82,19730,42.0,86.3,0.487,13.0,34.3,0.378,29.1,52.0,0.559,17.9,22.4,0.8,8.3,32.8,41.1,25.9,7.2,6.3,13.9,21.4,115.0,2023,87.79247202441506,97.81892166836217,0.2076477404403244,1.003467304347826,2.118294639386189,126.95263395086496,11.26732594499977,0.157609
18,Portland Trail Blazers,25.1,33,49,31,51,-4.01,0.05,-3.96,114.8,118.8,-4.0,98.6,0.289,0.413,0.589,,0.549,13.1,22.4,0.23,0.563,12.1,74.9,0.217,Moda Center,"767,374","18,716",26,82,19730,40.9,86.4,0.474,13.0,35.7,0.365,27.9,50.7,0.55,19.9,24.9,0.796,9.6,31.5,41.0,24.5,6.8,4.6,14.6,20.3,114.8,2023,87.6267748478702,98.73833671399596,0.2294027777777777,1.0076504347826087,2.0882591739130434,127.40423460989506,11.287348431314374,0.1705689999999999
19,Indiana Pacers,24.5,35,47,33,49,-3.18,0.28,-2.91,114.6,117.7,-3.1,101.1,0.265,0.413,0.581,,0.545,13.0,23.4,0.209,0.554,13.0,72.2,0.229,Gainbridge Fieldhouse,"641,562","15,648",25,82,19755,41.4,88.3,0.469,13.4,36.4,0.367,28.0,51.8,0.54,18.4,23.4,0.79,10.0,30.9,40.9,26.6,7.6,5.7,14.7,20.9,114.6,2023,87.33926805143423,97.52324431256184,0.2093544733861835,1.0116326086956522,2.093132631713555,127.36616620894232,11.285661974777655,0.1705689999999999
20,Los Angeles Lakers,27.9,43,39,42,40,0.57,-0.15,0.43,114.5,113.9,0.6,101.3,0.299,0.351,0.582,,0.542,12.3,22.8,0.232,0.535,10.9,76.3,0.171,Crypto.com Arena,"763,168","18,614",16,82,19880,41.9,87.0,0.482,10.5,30.5,0.346,31.4,56.5,0.555,20.2,26.0,0.775,9.7,34.9,44.7,24.7,6.3,4.5,13.8,17.5,114.5,2023,85.88351431391905,97.1767028627838,0.2316091954022988,1.006853804347826,2.039008845268542,117.5865740008458,10.843734319912388,0.1232009999999999
21,Washington Wizards,26.2,35,47,38,44,-1.21,0.15,-1.06,114.4,115.6,-1.2,98.6,0.258,0.365,0.585,,0.55,12.7,22.6,0.202,0.54,11.0,76.1,0.194,Capital One Arena,"710,481","17,329",23,82,19755,42.6,87.9,0.485,11.4,32.1,0.356,31.2,55.8,0.559,17.8,22.7,0.785,9.5,34.6,44.1,25.7,6.9,5.2,14.3,19.0,114.4,2023,89.14807302231237,99.27789046653146,0.2027246871444823,1.004421108695652,2.065750072890025,124.07683902340568,11.138978365335202,0.1332249999999999
22,New Orleans Pelicans,25.9,42,40,46,36,1.89,-0.26,1.63,114.4,112.5,1.9,99.1,0.279,0.344,0.582,,0.543,12.9,24.7,0.221,0.543,13.4,77.4,0.212,Smoothie King Center,"687,691","16,773",10,82,19855,42.1,87.6,0.48,11.0,30.1,0.364,31.1,57.5,0.541,19.3,24.4,0.793,10.6,33.2,43.7,25.9,8.3,4.1,14.6,20.5,114.4,2023,88.39556004036328,99.22906155398589,0.2208812785388128,1.0111185,2.085845029411765,122.05874846408264,11.04802011511939,0.1183359999999999
23,Minnesota Timberwolves,25.8,42,40,41,41,-0.04,-0.18,-0.22,113.7,113.8,-0.1,101.0,0.271,0.381,0.592,,0.56,13.6,21.5,0.205,0.54,13.3,74.3,0.225,Target Center,"687,510","16,769",20,82,19830,42.1,85.9,0.49,11.9,32.7,0.365,30.2,53.1,0.568,17.6,23.3,0.755,9.0,32.2,41.1,25.7,7.9,5.3,15.1,21.2,113.7,2023,85.04950495049505,95.2,0.204790454016298,1.0016099782608696,2.088576950127877,120.4083598922524,10.973074313621156,0.145161
24,Chicago Bulls,27.5,40,42,44,38,1.29,0.07,1.37,113.5,112.2,1.3,98.5,0.251,0.333,0.587,,0.55,12.2,20.1,0.203,0.544,13.5,77.8,0.197,United Center,"841,632","20,528",13,82,19905,42.7,87.1,0.49,10.4,29.0,0.361,32.2,58.1,0.555,17.7,21.9,0.809,8.5,34.0,42.5,24.5,7.9,4.5,13.4,19.0,113.5,2023,88.42639593908629,98.20913705583754,0.2034110218140069,1.004695543478261,2.078284540920716,120.45449664515404,10.975176383327698,0.110889
25,Miami Heat,27.7,44,38,40,42,-0.32,0.18,-0.13,113.0,113.3,-0.3,96.3,0.27,0.408,0.574,,0.53,12.4,22.8,0.224,0.561,14.5,77.7,0.198,Kaseya Center,"807,190","19,688",21,82,19805,40.5,88.0,0.46,12.3,35.9,0.344,28.1,52.1,0.54,19.7,23.7,0.831,10.0,31.9,41.9,24.6,8.2,3.1,13.9,19.1,113.0,2023,91.38110072689511,102.20976116303218,0.223803409090909,1.0088651086956522,2.032951484654731,130.37271734958688,11.41808728945382,0.1664639999999999
26,Orlando Magic,23.1,34,48,35,47,-2.56,0.17,-2.39,111.6,114.2,-2.6,99.3,0.29,0.361,0.573,,0.532,13.4,23.8,0.227,0.55,13.1,77.7,0.211,Amway Center,"728,405","17,766",24,82,19780,40.6,86.4,0.47,10.8,31.2,0.346,29.8,55.3,0.539,19.6,25.0,0.784,10.2,33.1,43.3,23.3,7.4,4.7,15.1,20.2,111.6,2023,87.00906344410876,98.08660624370594,0.2268518518518518,1.012322956521739,2.0389380767263425,120.32753241561724,10.9693907039369,0.130321
27,Houston Rockets,22.1,22,60,23,59,-7.85,0.24,-7.62,111.4,119.3,-7.9,99.0,0.285,0.359,0.554,,0.516,14.0,30.2,0.215,0.564,11.8,75.8,0.218,Toyota Center,"668,865","16,314",28,82,19755,40.8,89.4,0.457,10.5,32.1,0.327,30.3,57.3,0.53,19.2,25.5,0.754,13.5,33.1,46.6,22.5,7.4,4.6,16.3,20.6,111.4,2023,90.3030303030303,101.63636363636364,0.2150671140939597,1.016561304347826,1.9832481099744248,123.1373807682415,11.09672838129516,0.128881
28,Detroit Pistons,24.1,17,65,22,60,-8.22,0.49,-7.73,110.7,118.9,-8.2,99.0,0.295,0.372,0.561,,0.52,13.3,24.9,0.227,0.557,11.9,74.0,0.231,Little Caesars Arena,"759,715","18,596",29,82,19805,39.7,87.4,0.454,11.4,32.5,0.351,28.3,54.8,0.516,19.9,25.8,0.771,11.2,31.4,42.6,23.1,7.0,3.8,15.1,22.2,110.7,2023,88.28282828282828,99.74949494949496,0.2275949656750572,1.0181671956521738,2.0526745664961634,123.8611557038146,11.1292926865913,0.138384
29,San Antonio Spurs,23.9,22,60,19,63,-10.04,0.22,-9.82,110.2,120.0,-9.8,101.6,0.229,0.348,0.554,,0.525,13.0,25.6,0.17,0.576,12.0,74.9,0.201,AT&T Center,"694,434","15,508",30,82,19855,42.0,90.3,0.465,10.8,31.4,0.345,31.2,58.9,0.529,15.4,20.7,0.743,11.5,31.1,42.6,26.5,6.8,3.8,14.9,19.4,110.2,2023,88.87795275590551,97.84251968503936,0.1703222591362126,1.0173915434782608,2.036461011508951,121.94301473156553,11.042781113993229,0.1211039999999999
30,Charlotte Hornets,25.3,27,55,26,56,-6.24,0.35,-5.89,109.2,115.3,-6.1,100.8,0.261,0.36,0.55,,0.516,12.3,23.8,0.195,0.544,12.5,75.5,0.211,Spectrum Center,"702,052","17,123",27,82,19830,40.6,89.0,0.457,10.6,32.0,0.33,30.1,56.9,0.528,17.4,23.2,0.749,10.8,33.0,43.8,24.7,7.6,5.1,14.0,19.9,109.2,2023,88.2936507936508,98.42063492063492,0.1952449438202247,1.0172986739130434,1.992544487212276,120.81989864719075,10.99181052635055,0.1296
1,Boston Celtics,28.2,64,18,66,16,11.34,-0.6,10.75,123.2,111.6,11.6,97.2,0.224,0.471,0.609,,0.578,10.8,24.9,0.18,0.523,10.8,76.3,0.145,TD Garden,"785,396","19,156",1,82,19830,44.9,92.1,0.487,16.8,43.4,0.388,28.0,48.8,0.575,16.6,20.6,0.807,10.9,36.4,47.3,27.5,6.9,6.7,12.2,16.5,123.2,2024,94.75308641975307,104.0781893004115,0.1805016286644951,0.9944294565217392,2.13929487084399,145.31911958855815,12.05483801585729,0.2218409999999999
2,Oklahoma City Thunder,23.4,57,25,58,24,7.41,-0.05,7.36,119.5,112.1,7.4,99.8,0.24,0.383,0.608,,0.573,11.4,21.1,0.198,0.53,13.6,73.8,0.202,Paycom Center,"715,509","17,451",3,82,19805,44.3,88.9,0.499,13.2,34.0,0.389,31.1,54.9,0.567,17.6,21.4,0.825,8.8,33.1,41.8,27.0,8.4,6.5,12.6,18.8,119.5,2024,89.07815631262525,98.5130260521042,0.19859392575928,0.9977369347826088,2.141141850383632,127.88603652504858,11.308670855810092,0.146689
3,Minnesota Timberwolves,27.2,56,26,57,25,6.45,-0.07,6.39,115.6,109.0,6.6,97.1,0.27,0.384,0.594,,0.559,13.0,23.2,0.209,0.515,12.9,76.9,0.197,Target Center,"738,984","18,024",16,82,19805,42.2,87.0,0.485,12.9,33.5,0.387,29.3,53.6,0.546,18.2,23.5,0.777,9.6,35.0,44.6,27.3,8.1,6.2,14.5,19.3,115.6,2024,89.59835221421216,100.24716786817714,0.2098793103448275,1.010369804347826,2.137516315856778,129.3078101284778,11.371359203212156,0.147456
4,Denver Nuggets,27.1,57,25,54,28,5.26,-0.03,5.23,118.5,113.0,5.5,96.8,0.224,0.352,0.589,,0.562,11.5,25.5,0.17,0.526,11.2,75.6,0.195,Ball Arena,"807,062","19,684",5,82,19705,45.4,91.5,0.496,12.0,32.2,0.374,33.4,59.4,0.562,15.6,20.5,0.762,11.1,34.8,45.8,30.4,7.4,5.7,13.0,18.7,118.5,2024,94.52479338842976,103.84297520661156,0.1707213114754098,1.0043366086956522,2.109667043478261,131.71206853215955,11.476587843612732,0.1239039999999999
5,New York Knicks,26.4,50,32,53,29,4.59,-0.23,4.36,118.2,113.4,4.8,95.2,0.246,0.404,0.574,,0.54,11.9,29.4,0.192,0.543,12.3,76.1,0.176,Madison Square Garden (IV),"808,885","19,729",7,82,19730,43.3,92.9,0.465,13.8,37.5,0.369,29.4,55.4,0.531,17.8,22.9,0.78,13.3,34.1,47.3,25.5,7.8,4.3,13.9,18.5,118.2,2024,97.58403361344536,108.16806722689076,0.1922712594187298,1.0148081739130437,2.097964810741688,141.73138759172235,11.905099226454285,0.163216
6,New Orleans Pelicans,26.0,49,33,52,30,4.41,0.05,4.46,117.4,112.9,4.5,97.9,0.261,0.373,0.591,,0.558,11.8,24.4,0.202,0.541,12.9,76.9,0.186,Smoothie King Center,"692,054","17,301",11,82,19705,43.3,89.1,0.486,12.7,33.3,0.383,30.6,55.9,0.548,18.0,23.3,0.771,10.6,34.2,44.8,27.5,8.5,4.7,13.3,18.8,117.4,2024,91.01123595505618,101.48314606741572,0.2016195286195286,1.009975195652174,2.129282566496164,129.91643195857927,11.398088960811776,0.139129
7,Los Angeles Clippers,30.4,51,31,49,33,3.28,0.13,3.41,118.8,115.4,3.4,97.2,0.256,0.383,0.599,,0.561,12.0,24.4,0.211,0.541,11.7,74.8,0.183,Crypto.com Arena,"776,782","18,946",4,82,19705,43.5,89.0,0.489,13.0,34.1,0.381,30.5,55.0,0.555,18.8,22.8,0.825,10.3,33.8,44.1,26.3,8.0,5.2,13.5,19.0,118.8,2024,91.56378600823044,101.88477366255142,0.2113483146067415,1.0035929347826087,2.124581850383632,131.20465057792617,11.454459855354427,0.146689
8,Philadelphia 76ers,28.4,47,35,49,33,3.05,-0.54,2.51,116.9,113.8,3.1,97.5,0.264,0.373,0.574,,0.532,10.7,24.8,0.218,0.537,13.1,74.3,0.215,Wells Fargo Center,"821,714","20,042",14,82,19780,42.3,91.2,0.464,12.3,34.0,0.363,30.0,57.2,0.525,19.9,24.1,0.826,11.3,32.5,43.8,25.4,8.6,6.1,12.2,20.7,116.9,2024,93.53846153846152,104.41435897435898,0.2182741228070175,1.0131221739130434,2.083100693094629,132.0972754204934,11.493357882729198,0.139129
9,Phoenix Suns,29.3,49,33,49,33,3.06,0.02,3.08,117.6,114.6,3.0,98.3,0.271,0.378,0.603,,0.565,13.4,25.0,0.219,0.536,11.3,75.6,0.178,Footprint Center,"699,911","17,071",10,82,19780,43.0,87.2,0.493,12.6,33.0,0.382,30.4,54.2,0.561,19.1,23.6,0.808,10.3,34.3,44.6,27.4,7.5,6.1,15.1,18.2,117.6,2024,88.70803662258393,99.27161749745676,0.2186788990825688,1.001978608695652,2.126866219948849,126.60287911021796,11.251794484002009,0.142884
10,Indiana Pacers,25.3,47,35,48,34,3.05,-0.3,2.75,121.0,118.0,3.0,101.7,0.222,0.38,0.606,,0.578,11.3,23.8,0.173,0.556,12.1,74.1,0.228,Gainbridge Fieldhouse,"677,554","16,526",2,82,19705,46.1,91.0,0.507,13.0,34.6,0.374,33.2,56.4,0.589,15.8,20.2,0.782,9.9,30.9,40.8,30.2,7.6,5.8,12.7,21.0,121.0,2024,89.47885939036381,98.21828908554572,0.1735868131868131,0.986846,2.109514,126.47477427728614,11.24610040313024,0.1444
11,Golden State Warriors,28.4,46,36,47,35,2.61,0.16,2.77,117.8,115.2,2.6,99.2,0.219,0.425,0.586,,0.557,12.5,27.5,0.171,0.539,11.5,76.1,0.195,Chase Center,"740,624","18,064",8,82,19830,43.7,91.7,0.477,14.8,38.9,0.38,28.9,52.8,0.548,15.6,20.1,0.78,12.2,34.6,46.7,29.3,7.0,4.6,14.3,19.5,117.8,2024,92.43951612903226,101.35483870967744,0.1709705561613958,1.0094361739130435,2.122813810741688,137.05282973702666,11.706956467717246,0.1806249999999999
12,Milwaukee Bucks,30.2,49,33,47,35,2.62,-0.18,2.44,118.4,115.8,2.6,99.9,0.27,0.43,0.601,,0.568,11.5,21.8,0.209,0.539,10.6,77.2,0.189,Fiserv Forum,"740,850","17,659",6,82,19805,42.9,88.1,0.487,14.1,37.9,0.373,28.8,50.2,0.574,18.4,23.8,0.774,9.4,34.6,43.9,26.4,6.8,5.0,12.8,19.1,118.4,2024,88.18818818818818,98.67067067067066,0.2090942111237231,0.9971094782608696,2.107299567774936,130.03270890474872,11.40318854113834,0.1848999999999999
13,Cleveland Cavaliers,26.2,48,34,47,35,2.41,-0.44,1.98,115.2,112.7,2.5,97.2,0.234,0.422,0.586,,0.557,12.4,23.2,0.179,0.535,12.3,76.9,0.19,Rocket Mortgage Fieldhouse,"793,167","19,432",18,82,19805,42.7,89.2,0.479,13.8,37.6,0.367,28.9,51.5,0.561,15.9,20.8,0.765,10.1,34.2,44.3,28.7,7.5,4.7,13.9,17.9,115.2,2024,91.76954732510288,101.1851851851852,0.1783856502242152,1.0046567608695651,2.093327804347826,134.35758637509394,11.591271991248156,0.178084
14,Dallas Mavericks,26.5,50,32,46,36,2.21,0.09,2.3,117.6,115.4,2.2,100.1,0.251,0.441,0.592,,0.562,11.2,22.2,0.19,0.548,12.1,75.2,0.184,American Airlines Center,"828,897","20,217",9,82,19705,43.0,89.5,0.481,14.6,39.5,0.369,28.5,50.0,0.569,17.0,22.4,0.758,9.7,33.2,42.9,25.6,6.9,4.9,12.5,18.3,117.6,2024,89.41058941058941,99.25674325674323,0.1897117318435754,1.000894695652174,2.098131301790281,132.75470078605153,11.521922616735957,0.194481
15,Orlando Magic,24.0,47,35,46,36,2.02,-0.55,1.48,113.4,111.3,2.1,96.9,0.287,0.369,0.577,,0.541,13.3,25.3,0.218,0.543,13.8,78.1,0.206,Kia Center,"773,939","18,849",22,82,19780,41.5,87.2,0.476,11.3,32.1,0.352,30.2,55.0,0.549,19.0,25.1,0.759,10.8,32.6,43.4,25.3,8.4,5.3,15.1,20.3,113.4,2024,89.98968008255933,101.38699690402476,0.218473623853211,1.0102785,2.0554370294117645,125.62037375560004,11.20804950718902,0.136161
16,Miami Heat,28.0,46,36,46,36,1.76,-0.66,1.1,114.0,112.2,1.8,96.2,0.257,0.394,0.578,,0.538,11.7,21.8,0.21,0.543,12.7,78.1,0.174,Kaseya Center,"809,743","19,750",21,82,19755,41.2,88.7,0.465,12.9,34.9,0.37,28.3,53.8,0.527,18.7,22.8,0.818,9.7,34.1,43.8,26.7,7.8,3.5,13.1,17.9,114.0,2024,92.2037422037422,102.63201663201664,0.2102638105975197,1.0132661739130435,2.0999941636828647,132.90588572449553,11.528481501242718,0.155236
17,Sacramento Kings,26.4,46,36,45,37,1.74,0.55,2.29,116.9,115.2,1.7,98.8,0.229,0.432,0.582,,0.556,11.6,24.5,0.171,0.555,12.5,78.4,0.213,Golden 1 Center,"735,015","17,927",13,82,19855,43.5,91.2,0.477,14.4,39.4,0.366,29.0,51.8,0.561,15.6,20.9,0.745,10.9,33.3,44.1,28.4,7.6,4.2,13.2,20.0,116.9,2024,92.3076923076923,101.61538461538464,0.1707291666666666,1.005765456521739,2.0910682826086955,136.11842560535118,11.66698014077984,0.1866239999999999
18,Houston Rockets,25.1,41,41,44,38,1.12,0.12,1.24,114.5,113.4,1.1,99.0,0.257,0.397,0.565,,0.529,11.2,25.1,0.199,0.533,12.2,76.0,0.219,Toyota Center,"720,045","17,562",20,82,19855,41.8,91.1,0.459,12.7,36.2,0.352,29.1,54.9,0.53,18.1,23.4,0.773,11.5,34.0,45.5,24.9,7.8,4.6,12.8,20.8,114.5,2024,92.02020202020202,102.420202020202,0.1985532381997805,1.0154729347826086,2.0553322621483376,131.43218655932702,11.46438775335722,0.157609
19,Los Angeles Lakers,28.0,47,35,42,40,0.6,0.48,1.07,115.9,115.3,0.6,100.9,0.276,0.358,0.601,,0.566,12.5,19.9,0.216,0.55,11.7,76.2,0.153,Crypto.com Arena,"793,945","18,925",15,82,19855,42.9,86.0,0.499,11.6,30.8,0.377,31.3,55.2,0.567,18.6,23.8,0.782,8.1,34.2,42.3,28.0,7.2,5.4,13.7,15.4,115.9,2024,85.23290386521307,95.61149653121902,0.2164139534883721,1.000574,2.116237,119.32447615857282,10.923574330711208,0.128164
20,Chicago Bulls,28.1,39,43,37,45,-1.44,-0.33,-1.77,114.9,116.3,-1.4,96.3,0.236,0.358,0.568,,0.534,11.0,25.1,0.187,0.556,12.7,76.4,0.195,United Center,"845,620","20,625",19,82,19980,43.0,91.6,0.47,11.7,32.8,0.358,31.3,58.7,0.532,17.1,21.6,0.791,11.4,33.4,44.8,25.6,8.0,4.9,12.5,19.2,114.9,2024,95.11941848390448,104.98857736240912,0.1865240174672489,1.013873456521739,2.070849459079284,132.4319950924822,11.507910109680306,0.128164
21,Atlanta Hawks,26.2,36,46,36,46,-2.18,-0.19,-2.38,117.2,119.4,-2.2,100.1,0.251,0.408,0.576,,0.539,11.6,27.1,0.2,0.572,12.4,75.2,0.192,State Farm Arena,"696,418","16,986",12,82,19855,42.6,91.6,0.465,13.6,37.3,0.364,29.0,54.3,0.535,18.4,23.0,0.797,12.4,31.9,44.2,26.3,7.4,4.5,13.4,18.4,117.2,2024,91.50849150849152,101.61838161838162,0.2001200873362445,1.0126859782608697,2.0858118324808186,132.7350185147722,11.521068462376752,0.1664639999999999
22,Brooklyn Nets,26.1,32,50,34,48,-2.89,-0.13,-3.02,113.2,116.1,-2.9,96.9,0.234,0.412,0.561,,0.531,11.8,25.2,0.177,0.543,11.4,76.0,0.193,Barclays Center,"720,291","17,568",23,82,19805,41.7,91.4,0.456,13.6,37.6,0.362,28.1,53.7,0.522,16.2,21.4,0.756,11.7,33.4,45.2,26.3,7.0,5.3,13.5,19.0,113.2,2024,94.32404540763672,104.04127966976264,0.1770065645514223,1.0181144347826083,2.081198762148337,137.34573089564103,11.719459496736231,0.1697439999999999
23,Utah Jazz,25.1,31,51,29,53,-4.89,0.68,-4.22,115.5,120.4,-4.9,99.5,0.251,0.406,0.579,,0.539,13.6,28.1,0.209,0.567,10.9,75.2,0.182,Delta Center,"746,446","18,206",17,82,19805,41.9,89.8,0.467,12.9,36.5,0.354,29.0,53.3,0.544,18.7,22.6,0.83,12.2,33.2,45.4,27.2,6.5,5.6,15.7,18.6,115.5,2024,90.25125628140704,100.24522613065326,0.2088864142538975,1.0075929565217392,2.060140782608696,129.5039981682325,11.379982344811983,0.164836
24,San Antonio Spurs,23.0,22,60,26,56,-6.49,0.69,-5.8,110.0,116.4,-6.4,101.1,0.22,0.401,0.563,,0.532,13.2,22.9,0.172,0.555,11.7,76.4,0.174,Frost Bank Center,"742,522","18,211",26,82,19830,41.2,89.0,0.462,12.4,35.7,0.347,28.8,53.3,0.539,15.3,19.6,0.782,10.2,33.3,43.4,29.3,7.0,6.2,14.9,16.9,110.0,2024,88.03165182987142,96.5618199802176,0.1722157303370786,1.012446,2.041717,125.46127271909,11.200949634700176,0.160801
25,Toronto Raptors,25.9,25,57,26,56,-6.44,-0.01,-6.45,112.3,118.8,-6.5,99.4,0.241,0.369,0.566,,0.535,12.4,24.2,0.182,0.566,12.2,73.9,0.172,Scotiabank Arena,"800,129","19,515",24,82,19805,42.3,89.7,0.471,11.5,33.1,0.347,30.8,56.6,0.543,16.3,21.6,0.756,10.9,31.8,42.6,28.5,7.7,4.7,14.0,18.4,112.3,2024,90.24144869215291,99.80281690140846,0.1820468227424749,1.0126544347826087,2.0419137621483374,125.65680689565038,11.2096747007061,0.136161
26,Memphis Grizzlies,24.4,27,55,24,58,-7.0,0.43,-6.57,107.2,114.3,-7.1,98.2,0.238,0.428,0.543,,0.509,13.4,23.8,0.182,0.551,13.5,74.8,0.195,FedEx Forum,"681,875","16,631",30,82,19780,38.9,89.3,0.435,13.2,38.3,0.346,25.6,51.1,0.502,16.3,21.3,0.764,11.1,32.1,43.2,25.0,8.3,6.2,15.3,19.3,107.2,2024,90.93686354378818,100.48065173116088,0.1822306830907054,1.0195822608695653,2.039092245524297,132.3979382007636,11.506430297914449,0.1831839999999999
27,Detroit Pistons,23.8,14,68,20,62,-9.11,0.05,-9.06,109.7,118.8,-9.1,99.8,0.246,0.36,0.562,,0.526,13.5,23.9,0.193,0.558,11.1,77.3,0.221,Little Caesars Arena,"726,378","18,159",27,82,19755,40.8,88.1,0.463,11.0,31.7,0.348,29.8,56.4,0.528,17.0,21.7,0.785,10.5,32.8,43.3,25.4,6.5,4.7,15.2,20.6,109.7,2024,88.27655310621243,97.84368737474948,0.1933541430192963,1.015209108695652,2.044438072890025,122.3276035114987,11.060180989093205,0.1296
28,Washington Wizards,24.9,15,67,20,62,-9.29,0.0,-9.29,110.5,119.6,-9.1,102.7,0.221,0.389,0.567,,0.538,12.2,20.0,0.169,0.562,12.0,72.5,0.201,Capital One Arena,"692,851","16,899",25,82,19730,41.7,88.8,0.47,12.0,34.5,0.348,29.7,54.2,0.548,15.0,19.6,0.764,8.9,31.0,39.9,27.1,7.4,4.9,13.6,19.4,110.5,2024,86.46543330087634,94.86270691333982,0.1686306306306306,1.0103822608695652,2.0446002455242964,122.14911728602016,11.052109178162336,0.151321
29,Portland Trail Blazers,24.1,21,61,20,62,-9.02,0.74,-8.29,108.3,117.5,-9.2,97.2,0.228,0.37,0.539,,0.503,13.4,27.5,0.181,0.558,12.8,74.0,0.216,Moda Center,"751,395","18,327",29,82,19880,40.1,91.3,0.439,11.7,33.8,0.345,28.4,57.5,0.494,16.5,20.9,0.791,12.9,30.7,43.5,23.5,7.8,4.4,15.5,20.5,108.3,2024,93.93004115226336,103.39094650205762,0.1810722891566265,1.017825456521739,2.036100459079284,130.99363378789218,11.445245029613483,0.1369
30,Charlotte Hornets,25.1,21,61,18,64,-10.24,0.13,-10.12,109.3,119.8,-10.5,97.3,0.212,0.391,0.56,,0.529,12.6,21.1,0.167,0.572,12.3,74.5,0.188,Spectrum Center,"674,400","16,449",28,82,19730,41.0,89.2,0.46,12.4,34.9,0.355,28.7,54.3,0.528,14.9,18.9,0.786,9.6,31.7,41.3,25.4,7.0,4.6,14.1,18.4,109.3,2024,91.67523124357658,100.22199383350464,0.1665403587443946,1.0151470434782608,2.063141040920716,130.6292009515528,11.429313231841746,0.152881
1,Oklahoma City Thunder,24.8,68,14,68,14,12.87,-0.16,12.7,120.3,107.5,12.8,100.0,0.22,0.419,0.593,,0.56,10.3,24.2,0.18,0.513,14.9,74.6,0.211,Paycom Center,"754,832","17,973",3,82,19705,44.6,92.6,0.482,14.5,38.8,0.374,30.1,53.8,0.559,16.7,20.4,0.819,10.6,34.1,44.7,26.8,10.3,5.7,11.7,19.9,120.3,2025,92.6,101.57599999999998,0.1804276457883369,1.0021889347826087,2.109201203324808,135.75410717294577,11.651356452059382,0.175561
2,Boston Celtics,28.9,61,21,62,20,9.11,-0.83,8.28,120.6,111.1,9.5,95.7,0.212,0.536,0.591,,0.561,10.8,25.7,0.169,0.522,11.6,76.0,0.154,TD Garden,"785,396","19,156",2,82,19830,43.2,93.3,0.462,18.4,50.0,0.368,24.7,43.3,0.571,15.8,19.8,0.799,11.8,35.2,47.0,27.1,7.4,5.7,12.3,16.5,120.6,2025,97.49216300940438,106.59561128526646,0.1695627009646302,0.9972924130434784,2.0954430652173914,154.6129346618509,12.434344963119324,0.287296
3,Cleveland Cavaliers,26.6,64,18,62,20,9.54,-0.73,8.81,121.7,112.2,9.5,99.8,0.241,0.457,0.607,,0.578,11.6,25.9,0.187,0.528,12.6,74.8,0.181,Rocket Arena,"796,712","19,432",1,82,19755,44.5,90.6,0.491,15.9,41.4,0.383,28.6,49.2,0.581,16.9,21.8,0.776,11.2,34.2,45.3,28.0,8.2,4.3,13.2,18.1,121.7,2025,90.78156312625252,100.39278557114228,0.186719646799117,0.9926499130434784,2.129244094629156,137.2683917183856,11.71615942697886,0.208849
4,Minnesota Timberwolves,27.2,49,33,53,29,5.0,0.15,5.15,116.6,111.5,5.1,97.3,0.249,0.455,0.588,,0.554,13.0,25.8,0.196,0.532,13.2,75.1,0.178,Target Center,"772,249","18,835",8,82,19830,41.8,89.3,0.468,15.3,40.7,0.377,26.5,48.7,0.545,17.6,22.3,0.789,11.3,33.9,45.2,26.6,8.1,5.1,14.8,18.6,116.6,2025,91.77800616649536,101.8622816032888,0.1970291153415453,1.0099955434782608,2.1161807762148337,138.88855839316005,11.78509899802119,0.207025
5,Los Angeles Clippers,29.7,50,32,53,29,4.66,0.18,4.84,115.1,110.3,4.8,97.5,0.251,0.387,0.589,,0.554,13.4,24.4,0.2,0.536,13.7,77.5,0.189,Intuit Dome,"679,593","16,575",14,82,19805,42.4,87.9,0.482,12.7,34.0,0.373,29.7,53.9,0.55,17.6,22.1,0.797,10.5,34.2,44.6,25.7,9.6,4.6,15.2,18.7,115.1,2025,90.15384615384616,100.1271794871795,0.2003833902161547,1.0075859782608696,2.1071148324808187,129.19980551978125,11.36660923581792,0.149769
6,Memphis Grizzlies,24.7,48,34,52,30,4.85,-0.06,4.79,117.7,113.0,4.7,103.3,0.249,0.406,0.588,,0.554,13.1,28.7,0.196,0.533,12.9,74.9,0.206,FedEx Forum,"683,067","16,660",6,82,19705,43.3,90.3,0.479,13.5,36.6,0.367,29.8,53.6,0.556,17.7,22.5,0.786,12.5,33.3,45.7,27.5,8.6,5.4,15.2,20.2,117.7,2025,87.41529525653436,96.99903194578896,0.1958471760797342,1.005739043478261,2.093165040920716,126.51038727891844,11.247683640595447,0.164836
7,Houston Rockets,24.9,52,30,52,30,4.51,0.45,4.97,115.3,110.8,4.5,98.6,0.242,0.384,0.553,,0.523,11.8,31.7,0.178,0.528,12.8,76.2,0.186,Toyota Center,"716,853","17,484",13,82,19780,42.9,94.2,0.455,12.8,36.2,0.353,30.1,58.1,0.518,16.8,22.8,0.738,14.8,34.1,48.9,23.6,8.5,5.1,14.0,19.2,115.3,2025,95.53752535496956,105.71196754563896,0.178624203821656,1.019720956521739,2.058238841432225,135.52110938299984,11.641353417150423,0.147456
8,New York Knicks,27.5,51,31,51,31,4.1,-0.51,3.59,118.5,114.3,4.2,96.7,0.232,0.382,0.589,,0.556,11.9,26.0,0.186,0.549,13.1,74.5,0.176,Madison Square Garden (IV),"811,794","19,800",5,82,19880,44.3,91.3,0.486,12.9,34.9,0.369,31.5,56.4,0.558,16.9,21.2,0.8,11.1,32.5,43.6,28.1,8.4,4.0,13.6,17.6,118.5,2025,94.41571871768356,104.06204756980352,0.1857612267250821,1.003935304347826,2.0978016393861894,134.23953661587953,11.586178689105374,0.145924
9,Denver Nuggets,27.0,50,32,50,32,3.89,0.08,3.97,119.9,116.0,3.9,99.8,0.259,0.356,0.604,,0.573,12.5,26.7,0.2,0.542,11.3,74.6,0.173,Ball Arena,"811,211","19,786",4,82,19855,45.1,89.1,0.506,11.9,31.7,0.376,33.2,57.4,0.578,17.8,23.1,0.77,11.1,34.3,45.4,30.8,7.9,4.9,14.2,17.5,119.9,2025,89.27855711422846,99.4629258517034,0.1996296296296296,0.994914,2.114107176470588,124.39598925889425,11.153294995600818,0.126736
10,Golden State Warriors,28.6,48,34,49,33,3.3,0.25,3.56,115.0,111.7,3.3,98.7,0.244,0.469,0.568,,0.536,12.3,27.3,0.187,0.541,14.1,75.6,0.189,Chase Center,"740,624","18,064",15,82,19730,41.2,91.4,0.451,15.6,42.8,0.364,25.6,48.5,0.528,17.0,22.3,0.764,12.7,33.2,45.9,29.4,9.5,4.8,14.2,19.4,115.0,2025,92.60385005065856,102.5450861195542,0.1864026258205689,1.0164622608695653,2.0860722455242966,140.5827700219643,11.85676051971888,0.2199609999999999
11,Milwaukee Bucks,29.3,48,34,47,35,2.48,-0.36,2.12,115.9,113.4,2.5,99.3,0.268,0.424,0.598,,0.568,12.2,19.3,0.201,0.533,11.4,76.2,0.174,Fiserv Forum,"732,014","17,437",11,82,19755,42.2,86.7,0.486,14.2,36.7,0.387,28.0,49.9,0.56,17.4,23.2,0.75,8.2,35.3,43.5,25.6,7.4,4.7,13.4,18.0,115.9,2025,87.31117824773415,97.59113796576032,0.2006920415224913,1.005980434782609,2.137716468030691,129.73013662303956,11.38991381104526,0.179776
12,Indiana Pacers,25.8,50,32,46,36,2.23,-0.55,1.68,116.5,114.3,2.2,99.9,0.241,0.4,0.594,,0.562,11.8,21.3,0.19,0.546,13.1,74.5,0.19,Gainbridge Fieldhouse,"685,434","16,737",9,82,19855,43.3,88.7,0.488,13.1,35.5,0.368,30.2,53.2,0.568,16.9,21.4,0.789,9.1,32.4,41.5,29.0,8.4,5.4,13.1,18.6,116.5,2025,88.78878878878878,98.2142142142142,0.1903562570462232,0.999599543478261,2.0955257762148336,127.6756178618772,11.299363604286624,0.16
13,Detroit Pistons,25.8,44,38,46,36,1.9,-0.17,1.73,115.0,113.1,1.9,99.8,0.248,0.394,0.58,,0.547,13.0,26.2,0.192,0.539,13.3,76.0,0.214,Little Caesars Arena,"781,929","19,071",16,82,19805,42.5,89.4,0.476,12.8,35.2,0.362,29.8,54.2,0.55,17.2,22.2,0.774,11.3,33.3,44.6,26.3,7.9,5.2,14.8,20.6,115.0,2025,89.57915831663327,99.36673346693388,0.1922013422818791,1.0090134782608695,2.081064567774936,128.22375121556053,11.323592681457615,0.155236
14,Los Angeles Lakers,27.9,50,32,44,38,1.22,0.23,1.45,115.9,114.7,1.2,97.6,0.271,0.425,0.593,,0.557,12.7,23.3,0.213,0.539,12.2,74.5,0.178,Crypto.com Arena,"767,626","18,723",12,82,19730,41.8,87.3,0.479,13.6,37.2,0.366,28.2,50.2,0.562,18.6,23.7,0.785,9.9,33.5,43.4,26.6,7.9,4.6,14.3,17.6,115.9,2025,89.44672131147541,100.1311475409836,0.2131099656357388,1.002969108695652,2.0907700728900256,131.06489596634444,11.448357784693158,0.1806249999999999
15,Miami Heat,26.8,37,45,42,40,0.56,-0.45,0.11,113.5,112.9,0.6,96.2,0.232,0.429,0.576,,0.544,12.4,22.3,0.183,0.543,12.5,75.8,0.157,Kaseya Center,"808,337","19,716",21,82,19930,41.5,89.3,0.465,14.1,38.3,0.367,27.5,51.0,0.538,16.4,20.7,0.791,10.0,34.5,44.5,27.1,8.4,3.9,13.9,16.0,113.5,2025,92.82744282744282,102.29521829521828,0.1833561030235162,1.0121934565217392,2.093124459079284,137.00521631608115,11.704922738578036,0.1840409999999999
16,Sacramento Kings,27.8,40,42,42,40,0.48,0.11,0.58,116.7,116.2,0.5,98.2,0.235,0.391,0.582,,0.548,11.8,25.4,0.19,0.557,12.5,76.9,0.2,Golden 1 Center,"696,409","16,986",7,82,19880,43.4,90.8,0.478,12.7,35.5,0.357,30.7,55.3,0.555,17.2,21.4,0.806,11.1,33.5,44.6,26.7,7.6,4.4,13.4,19.0,116.7,2025,92.46435845213848,102.0529531568228,0.1899603524229074,1.0048960869565218,2.0681584936061386,131.35779762367838,11.461142945783305,0.152881
17,Orlando Magic,24.9,41,41,41,41,-0.12,-0.58,-0.7,109.4,109.6,-0.2,96.1,0.269,0.411,0.55,,0.51,12.9,25.3,0.208,0.538,15.0,77.0,0.22,Kia Center,"762,121","18,588",27,82,19730,39.6,89.0,0.445,11.7,36.6,0.318,28.0,52.4,0.533,18.5,23.9,0.775,11.6,31.9,43.4,23.9,9.2,6.2,14.7,20.9,109.4,2025,92.61186264308012,103.55463059313216,0.2081179775280899,1.014597804347826,1.954336845268542,129.7335264982262,11.390062620469925,0.168921
18,Atlanta Hawks,24.9,40,42,38,44,-1.13,-0.28,-1.41,114.6,115.7,-1.1,102.6,0.252,0.41,0.579,,0.546,13.2,26.3,0.196,0.56,13.8,76.0,0.202,State Farm Arena,"657,613","16,440",18,82,19780,42.0,89.0,0.472,13.1,36.5,0.358,29.0,52.5,0.552,17.4,22.5,0.775,11.5,31.6,43.1,28.7,9.4,5.0,15.1,18.5,114.6,2025,86.74463937621833,96.39376218323588,0.1959269662921348,1.008137804347826,2.070976845268542,125.25074190073435,11.19154778843098,0.1680999999999999
19,Dallas Mavericks,27.5,39,43,38,44,-1.2,0.46,-0.74,114.8,116.0,-1.2,99.2,0.263,0.389,0.583,,0.549,12.5,23.3,0.203,0.54,11.6,73.1,0.179,American Airlines Center,"803,174","20,079",17,82,19730,42.2,88.2,0.479,12.5,34.3,0.364,29.7,53.9,0.552,17.9,23.2,0.77,10.2,33.1,43.3,25.4,7.8,5.5,14.1,17.9,114.8,2025,88.91129032258064,99.2016129032258,0.2025396825396825,1.008434,2.0860271764705884,126.93133585289374,11.266380778799096,0.151321
20,Chicago Bulls,25.2,39,43,37,45,-1.56,-0.27,-1.83,114.1,115.6,-1.5,102.8,0.214,0.457,0.585,,0.553,12.7,22.3,0.173,0.539,10.8,76.6,0.178,United Center,"825,659","20,138",20,82,19755,41.9,89.1,0.47,15.0,40.7,0.367,26.9,48.4,0.556,15.5,19.1,0.809,9.7,34.7,44.4,28.2,7.3,4.6,14.2,17.1,114.1,2025,86.67315175097276,94.84824902723736,0.1734219977553311,1.0042515434782608,2.0929725409207163,130.1654826872307,11.409008838949626,0.208849
21,San Antonio Spurs,26.0,34,48,34,48,-2.76,0.31,-2.45,114.4,117.2,-2.8,99.3,0.234,0.441,0.575,,0.544,12.3,24.3,0.181,0.551,12.0,73.0,0.158,Frost Bank Center,"731,474","17,976",19,82,19730,42.0,90.2,0.465,14.2,39.8,0.357,27.8,50.4,0.551,16.3,21.1,0.774,11.0,32.9,43.9,28.8,8.3,5.6,13.9,16.7,114.4,2025,90.83585095669687,100.18529707955692,0.1810576496674057,1.0086094782608697,2.0684195677749364,134.07241957889116,11.578964529649928,0.194481
22,Portland Trail Blazers,23.8,36,46,33,49,-2.98,0.31,-2.67,111.7,114.7,-3.0,98.8,0.246,0.418,0.555,,0.521,13.8,29.2,0.187,0.543,13.6,72.5,0.204,Moda Center,"719,369","17,546",23,82,19780,40.8,90.9,0.45,13.0,38.0,0.342,27.9,52.8,0.527,17.0,22.4,0.762,13.5,31.6,45.1,24.0,8.3,5.3,16.1,19.1,111.7,2025,92.00404858299596,101.97975708502024,0.1877755775577557,1.016796608695652,2.027875043478261,132.43314792927302,11.507960198457113,0.174724
23,Phoenix Suns,29.1,36,46,34,48,-3.0,0.45,-2.55,116.2,119.3,-3.1,97.1,0.241,0.44,0.595,,0.561,12.8,22.6,0.195,0.552,10.9,74.1,0.191,Footprint Center,"699,911","17,071",10,82,19830,42.2,88.2,0.478,14.7,38.8,0.378,27.5,49.4,0.556,17.2,21.2,0.81,9.8,33.7,43.4,28.4,7.4,4.9,14.4,18.3,116.2,2025,90.83419155509785,100.44078269824924,0.1946938775510204,1.0041842608695652,2.118208833759591,135.73853494687106,11.650688174819162,0.1936
24,Toronto Raptors,24.5,30,52,30,52,-4.29,-0.11,-4.4,110.5,114.8,-4.3,99.7,0.232,0.373,0.553,,0.522,13.3,27.3,0.173,0.541,13.2,73.9,0.222,Scotiabank Arena,"768,573","18,746",25,82,19805,41.5,90.7,0.458,11.8,33.9,0.348,29.7,56.8,0.523,15.7,21.0,0.748,12.6,32.4,45.0,28.4,8.1,4.2,15.3,21.1,110.5,2025,90.9729187562688,100.2407221664995,0.173186328555678,1.018372695652174,2.0447154782608696,127.47112217488989,11.29031098663318,0.139129
25,Philadelphia 76ers,27.1,24,58,26,56,-6.23,-0.06,-6.29,111.9,118.2,-6.3,97.4,0.257,0.426,0.563,,0.527,12.3,23.4,0.201,0.57,14.3,71.8,0.194,Wells Fargo Center,"813,621","19,844",22,82,19805,40.5,89.2,0.454,13.0,38.0,0.341,27.5,51.3,0.537,17.9,23.0,0.78,10.6,30.0,40.6,23.7,9.4,4.6,13.9,19.4,111.9,2025,91.58110882956878,101.9712525667351,0.2011210762331838,1.0131761739130434,2.024884810741688,132.25814532404775,11.500354139071012,0.181476
26,Brooklyn Nets,24.7,26,56,23,59,-7.11,0.16,-6.95,108.5,115.8,-7.3,96.4,0.24,0.458,0.552,,0.516,13.7,24.5,0.189,0.557,13.7,75.0,0.218,Barclays Center,"713,304","17,398",28,82,19780,38.8,88.8,0.437,14.0,40.7,0.344,24.8,48.2,0.515,16.8,21.3,0.787,11.3,31.4,42.6,26.0,8.0,4.4,15.7,21.4,108.5,2025,92.11618257261412,101.8381742738589,0.1887736486486486,1.0173207608695651,2.0333339808184143,136.57650168654055,11.686594956895725,0.209764
27,Utah Jazz,23.9,17,65,20,62,-9.34,0.83,-8.51,111.2,120.4,-9.2,100.0,0.252,0.449,0.568,,0.533,14.9,26.9,0.195,0.559,10.3,74.1,0.185,Delta Center,"745,175","18,175",24,82,19805,40.0,88.1,0.454,13.9,39.6,0.35,26.2,48.5,0.54,17.2,22.2,0.774,11.9,33.2,45.1,25.4,6.7,4.4,17.1,18.8,111.2,2025,88.1,97.868,0.1950374574347332,1.0126134782608696,2.049960567774936,130.24548251998155,11.41251429440426,0.201601
28,Charlotte Hornets,25.1,19,63,20,62,-9.11,0.01,-9.1,107.3,116.6,-9.3,97.6,0.222,0.43,0.537,,0.503,13.7,26.5,0.174,0.547,11.9,74.5,0.19,Spectrum Center,"703,935","17,169",29,82,19755,39.1,91.0,0.43,13.3,39.1,0.339,25.9,51.8,0.499,15.8,20.2,0.783,12.5,33.6,46.1,24.8,7.6,4.6,15.8,19.1,107.3,2025,93.2377049180328,102.344262295082,0.1738087912087912,1.0184645869565216,2.019101052429668,135.077031052262,11.622264454582936,0.1848999999999999
29,New Orleans Pelicans,25.9,21,61,20,62,-9.43,0.84,-8.59,110.4,119.9,-9.5,99.1,0.244,0.385,0.552,,0.519,12.8,26.3,0.184,0.564,12.3,72.7,0.19,Smoothie King Center,"689,400","16,815",26,82,19755,40.8,90.3,0.452,12.1,34.8,0.347,28.8,55.5,0.518,16.6,22.1,0.754,12.2,31.7,43.8,26.0,8.6,5.3,14.7,18.4,110.4,2025,91.12008072653886,100.93239152371342,0.1845337763012182,1.0188653043478262,2.0419281099744246,128.72939147489427,11.345897561448997,0.148225
30,Washington Wizards,23.5,18,64,15,67,-12.44,0.3,-12.14,106.8,119.1,-12.3,100.9,0.229,0.435,0.546,,0.512,13.6,22.7,0.178,0.548,11.4,71.9,0.202,Capital One Arena,"663,691","16,084",30,82,19730,39.0,88.9,0.439,13.0,38.7,0.335,26.0,50.2,0.519,15.9,20.4,0.778,10.5,32.7,43.2,24.8,7.5,5.1,15.4,19.5,106.8,2025,88.10703666997026,97.0029732408325,0.1785286839145106,1.0173294782608695,2.007404508951407,127.58005665682894,11.295134202692278,0.189225
1,Oklahoma City Thunder,25.2,64,18,65,17,11.15,-0.11,11.04,118.9,107.7,11.2,99.3,0.261,0.426,0.599,,0.561,11.2,22.3,0.213,0.519,14.6,74.4,0.184,Paycom Center,"764,842","18,203",7,82,19855,43.0,89.0,0.484,13.8,37.9,0.365,29.2,51.1,0.572,19.0,23.2,0.817,9.5,34.5,44.1,25.7,9.7,5.5,12.6,18.9,118.9,2026,89.62739174219537,99.90735146022156,0.2129707865168539,0.995515195652174,2.088078095907928,130.94086829137984,11.442939670005249,0.181476
2,San Antonio Spurs,25.4,62,20,60,22,8.3,-0.03,8.28,119.6,111.3,8.3,99.9,0.274,0.422,0.595,,0.559,11.8,26.2,0.215,0.522,11.5,77.3,0.18,Frost Bank Center,"743,129","18,703",4,82,19730,43.4,89.7,0.483,13.6,37.8,0.359,29.8,51.9,0.574,19.3,24.5,0.787,11.4,35.6,46.9,28.0,7.5,5.4,13.4,18.8,119.6,2026,89.78978978978978,100.58058058058056,0.2149554069119286,0.9963167608695652,2.0734289808184143,130.27224540201377,11.413686757661337,0.178084
3,Detroit Pistons,26.1,60,22,60,22,8.16,-0.63,7.53,117.9,109.7,8.2,99.3,0.292,0.345,0.583,,0.546,13.0,30.9,0.223,0.517,14.8,74.2,0.251,Little Caesars Arena,"806,422","19,651",10,82,19805,43.5,89.6,0.485,11.0,30.9,0.356,32.5,58.7,0.553,20.0,26.2,0.763,13.1,32.5,45.6,27.9,10.5,6.4,15.2,22.0,117.9,2026,90.23162134944612,101.84088620342396,0.223109375,1.0084195434782608,2.0659196585677746,123.91121314531644,11.131541364308738,0.1190249999999999
4,Boston Celtics,26.9,56,26,59,23,7.7,-0.33,7.37,120.8,112.7,8.1,94.8,0.207,0.467,0.583,,0.553,11.2,29.2,0.167,0.523,11.4,75.7,0.189,TD Garden,"785,396","19,156",2,82,19730,44.3,94.9,0.467,16.3,44.3,0.367,28.1,50.6,0.555,15.9,19.7,0.807,13.1,35.6,48.8,25.9,7.5,5.3,13.0,20.0,120.8,2026,100.10548523206752,109.24894514767934,0.167522655426765,1.004829456521739,2.09298987084399,151.4596361961718,12.306893848415683,0.218089
5,New York Knicks,28.1,53,29,56,26,6.33,-0.28,6.05,119.8,113.3,6.5,96.8,0.238,0.428,0.59,,0.557,12.1,29.3,0.188,0.541,13.1,76.7,0.206,Madison Square Garden (IV),"792,480","19,812",3,82,19755,43.9,92.0,0.478,14.7,39.3,0.373,29.3,52.6,0.556,17.3,21.9,0.792,13.1,33.9,46.9,28.2,8.4,4.0,14.0,20.6,119.8,2026,95.0413223140496,104.99586776859503,0.1885304347826087,1.0053620869565216,2.1071562583120205,140.3693794331551,11.847758413858507,0.1831839999999999
6,Houston Rockets,26.5,52,30,54,28,5.22,-0.35,4.87,118.6,113.2,5.4,96.1,0.26,0.35,0.576,,0.542,13.3,34.8,0.199,0.53,12.1,74.5,0.189,Toyota Center,"740,378","18,058",8,82,19905,44.2,92.4,0.479,11.8,32.4,0.364,32.4,60.0,0.54,18.4,24.1,0.763,15.5,34.0,49.5,26.1,8.8,5.9,15.8,18.8,118.6,2026,96.14984391259104,107.18418314255985,0.1990075757575757,1.0132555434782609,2.0860796585677748,133.52751727303453,11.55541073579968,0.1224999999999999
7,Denver Nuggets,27.8,54,28,53,29,5.15,-0.17,4.97,122.6,117.4,5.2,98.4,0.294,0.408,0.616,,0.577,11.5,23.6,0.237,0.543,10.4,75.3,0.196,Ball Arena,"812,868","19,826",1,82,19930,43.7,88.1,0.496,14.2,35.9,0.396,29.5,52.2,0.565,20.9,25.9,0.808,9.8,34.3,44.1,29.1,6.9,4.0,12.9,19.2,122.6,2026,89.53252032520325,101.11382113821138,0.2375391600454029,0.999962608695652,2.154838219948849,131.71593363563096,11.476756233171068,0.1664639999999999
8,Charlotte Hornets,24.0,44,38,53,29,4.83,-0.35,4.48,119.4,114.4,5.0,96.8,0.244,0.487,0.589,,0.552,13.5,30.5,0.2,0.54,11.6,76.6,0.186,Spectrum Center,"767,319","18,715",5,82,19755,42.1,91.5,0.46,16.9,44.5,0.378,25.3,47.0,0.538,18.3,22.3,0.818,13.2,34.3,47.4,27.1,7.2,4.6,15.9,19.6,119.4,2026,94.52479338842976,104.66115702479338,0.19935956284153,1.0104061739130434,2.1181381636828647,146.5012977718818,12.103772047253774,0.237169
9,Cleveland Cavaliers,27.2,52,30,51,31,4.11,-0.34,3.78,119.2,115.1,4.1,99.9,0.265,0.442,0.595,,0.561,12.2,26.9,0.206,0.543,13.1,74.4,0.209,Rocket Arena,"796,712","19,432",6,82,19755,43.2,89.8,0.482,14.3,39.7,0.36,29.0,50.1,0.578,18.5,23.8,0.776,11.7,32.6,44.3,28.2,8.5,5.0,14.0,19.5,119.2,2026,89.88988988988989,100.37237237237235,0.2056659242761692,0.9945579130434784,2.076045094629156,132.36962683476517,11.50519999108078,0.195364
10,Minnesota Timberwolves,27.9,49,33,49,33,3.35,-0.28,3.07,116.8,113.5,3.3,100.5,0.285,0.42,0.592,,0.559,12.9,25.7,0.215,0.529,13.0,73.7,0.22,Target Center,"732,465","17,865",12,82,19780,42.2,87.6,0.481,13.6,36.8,0.37,28.6,50.8,0.562,18.8,25.0,0.752,10.9,32.7,43.6,25.8,8.7,5.7,14.7,21.0,116.8,2026,87.16417910447761,98.1094527363184,0.2146118721461187,1.004895304347826,2.100523345268542,127.70067218151696,11.30047221055461,0.1763999999999999
11,Toronto Raptors,24.8,46,36,48,34,2.83,-0.08,2.75,115.9,113.0,2.9,98.4,0.265,0.363,0.581,,0.546,12.2,25.5,0.204,0.54,14.3,74.0,0.222,Scotiabank Arena,"772,141","18,833",15,82,19780,43.1,89.4,0.482,11.5,32.5,0.354,31.6,56.9,0.555,18.2,23.7,0.769,11.0,31.5,42.6,29.8,8.9,4.9,13.8,21.1,115.9,2026,90.85365853658536,101.45121951219512,0.2038624161073825,1.0072085869565215,2.0606547583120203,126.25111129672352,11.236151979068437,0.131769
12,Atlanta Hawks,25.2,46,36,47,35,2.41,-0.03,2.38,116.1,113.7,2.4,101.7,0.234,0.429,0.584,,0.554,12.3,24.4,0.181,0.546,13.9,74.5,0.206,State Farm Arena,"670,581","16,356",14,82,19755,42.7,90.1,0.474,14.4,38.7,0.371,28.4,51.4,0.552,16.3,21.1,0.774,10.8,31.9,42.7,29.5,9.2,4.6,13.9,19.3,116.1,2026,88.59390363815142,97.72271386430678,0.1812586015538291,1.0081974782608696,2.102691567774936,130.91835140991407,11.441955751090548,0.1840409999999999
13,Miami Heat,26.2,43,39,47,35,2.33,0.02,2.35,116.7,114.5,2.2,103.4,0.268,0.406,0.58,,0.542,11.6,25.4,0.212,0.54,12.8,74.9,0.193,Kaseya Center,"808,063","19,709",13,82,19705,42.2,90.1,0.468,13.2,36.6,0.361,29.0,53.5,0.542,19.1,24.2,0.792,11.4,33.3,44.7,28.0,8.3,4.1,13.2,18.2,116.7,2026,87.13733075435202,97.43520309477756,0.212723640399556,1.0108500869565216,2.0784282583120204,125.85129873294927,11.218346524018113,0.164836
14,Los Angeles Lakers,28.0,53,29,45,37,1.76,-0.07,1.68,118.2,116.4,1.8,98.3,0.32,0.394,0.609,,0.573,13.2,23.9,0.244,0.555,13.0,74.3,0.191,Crypto.com Arena,"773,047","18,855",9,82,19705,42.7,85.0,0.502,12.0,33.5,0.359,30.7,51.6,0.595,20.7,27.2,0.763,9.6,32.0,41.6,26.3,8.7,4.3,14.7,18.8,118.2,2026,86.46998982706002,98.64496439471009,0.24416,0.9835555434782608,2.0736146585677746,122.18545367243132,11.053752922534107,0.155236
15,Phoenix Suns,26.8,45,37,45,37,1.46,0.28,1.75,115.4,113.9,1.5,97.2,0.225,0.453,0.568,,0.537,12.8,28.9,0.176,0.541,14.5,71.9,0.217,Mortgage Matchup Center,"699,911","17,071",17,82,19755,42.0,92.4,0.455,15.1,41.9,0.361,26.9,50.5,0.533,16.2,20.8,0.781,13.3,30.9,44.2,25.3,9.8,4.3,14.9,21.1,115.4,2026,95.06172839506172,104.47736625514403,0.1758095238095238,1.0142351956521738,2.07851691943734,142.24607515131822,11.926695902525486,0.205209
16,Los Angeles Clippers,30.0,42,40,44,38,1.13,-0.17,0.96,117.3,116.1,1.2,96.5,0.295,0.404,0.602,,0.559,13.2,23.7,0.243,0.545,12.9,72.9,0.197,Intuit Dome,"722,504","17,622",11,82,19780,41.8,86.2,0.484,12.8,34.9,0.368,29.0,51.4,0.564,20.9,25.5,0.823,9.9,32.0,41.9,24.5,9.3,5.0,14.8,19.5,117.3,2026,89.32642487046633,100.95336787564769,0.2434628770301624,0.9994498043478262,2.09523308056266,128.82176846871397,11.349967773906409,0.163216
17,Orlando Magic,24.7,45,37,43,39,0.63,0.17,0.81,114.9,114.3,0.6,100.0,0.311,0.386,0.576,,0.531,12.4,25.0,0.249,0.545,13.1,75.6,0.223,Kia Center,"768,906","18,462",19,82,19830,40.7,87.7,0.464,11.6,33.9,0.343,29.1,53.8,0.54,21.8,27.3,0.801,10.9,32.2,43.1,26.4,8.4,4.7,14.1,20.8,114.9,2026,87.7,99.712,0.2493420752565564,1.0109259782608695,2.030401185421995,123.16968690133812,11.09818394609398,0.148996
18,Philadelphia 76ers,25.5,45,37,41,41,-0.18,-0.09,-0.27,115.4,115.5,-0.1,99.4,0.275,0.391,0.572,,0.53,11.9,26.2,0.222,0.541,13.3,72.5,0.212,Xfinity Mobile Arena,"778,871","18,997",16,82,19880,41.5,89.9,0.462,12.3,35.2,0.349,29.3,54.7,0.535,20.0,24.7,0.809,11.7,31.7,43.5,24.5,9.1,5.6,13.6,20.2,115.4,2026,90.44265593561369,101.3762575452716,0.2222725250278087,1.0118955434782608,2.046964540920716,128.12174666086082,11.31908771327711,0.152881
19,Portland Trail Blazers,25.2,42,40,40,42,-0.29,0.01,-0.29,114.4,114.7,-0.3,100.5,0.28,0.469,0.57,,0.534,14.6,31.3,0.214,0.541,13.5,72.7,0.215,Moda Center,"718,863","17,533",21,82,19755,40.5,89.3,0.453,14.3,41.8,0.343,26.2,47.5,0.551,19.1,25.0,0.765,14.0,31.6,45.6,24.9,8.2,5.4,17.1,19.7,114.4,2026,88.85572139303483,99.80099502487562,0.2141657334826427,1.0091367608695652,2.030687804347826,132.23901202317975,11.499522251953763,0.2199609999999999
20,Golden State Warriors,28.6,37,45,40,42,-0.56,0.22,-0.34,115.0,115.6,-0.6,99.0,0.238,0.497,0.584,,0.549,13.8,25.8,0.192,0.553,14.0,72.9,0.198,Chase Center,"740,624","18,064",18,82,19805,41.1,89.1,0.461,15.7,44.3,0.356,25.3,44.8,0.565,17.1,21.2,0.807,11.4,31.1,42.5,29.0,9.7,4.2,15.7,19.7,115.0,2026,90.0,99.42222222222222,0.192013468013468,1.0000294565217391,2.06556687084399,137.6641396295908,11.73303624939388,0.247009
21,New Orleans Pelicans,24.1,26,56,30,52,-4.5,0.24,-4.26,114.4,118.9,-4.5,100.3,0.284,0.355,0.568,,0.527,12.2,27.0,0.222,0.555,12.4,71.4,0.199,Smoothie King Center,"675,507","16,476",20,82,19805,41.7,89.6,0.466,11.0,31.8,0.347,30.7,57.8,0.531,19.9,25.4,0.784,12.1,31.4,43.5,24.9,8.8,5.1,14.0,19.7,114.4,2026,89.3320039880359,100.47457627118644,0.22225,1.0145629565217391,2.0417010767263424,123.20643093899886,11.09983923032216,0.126025
22,Chicago Bulls,25.3,31,51,29,53,-5.21,0.12,-5.09,113.0,118.1,-5.1,102.5,0.246,0.443,0.58,,0.547,13.3,23.1,0.191,0.553,11.1,75.5,0.19,United Center,"829,997","20,244",23,82,19755,41.2,87.9,0.469,13.9,38.9,0.356,27.3,48.9,0.559,16.8,21.6,0.776,10.1,33.7,43.8,27.7,7.4,4.9,14.9,18.5,113.0,2026,85.7560975609756,95.02829268292685,0.1906894197952218,1.0049699130434782,2.065821094629156,126.48398254840345,11.246509794082938,0.196249
23,Dallas Mavericks,26.2,26,56,28,54,-5.51,0.18,-5.33,111.2,116.5,-5.3,101.7,0.287,0.355,0.564,,0.527,12.6,23.2,0.217,0.546,11.4,74.1,0.183,American Airlines Center,"790,821","19,288",27,82,19855,40.8,87.5,0.466,10.7,31.1,0.344,30.1,56.4,0.533,18.9,25.1,0.755,10.3,33.3,43.6,24.6,7.4,5.0,14.2,17.9,111.2,2026,86.03736479842674,96.89675516224187,0.2165771428571428,1.0157499782608694,2.033577950127877,118.48024038735988,10.88486290163362,0.126025
24,Memphis Grizzlies,24.6,25,57,27,55,-6.01,0.18,-5.83,112.9,118.8,-5.9,101.3,0.251,0.436,0.57,,0.533,13.0,24.7,0.199,0.562,13.3,70.9,0.203,FedExForum,"632,000","15,339",24,82,19730,40.7,89.2,0.456,13.7,38.9,0.353,27.0,50.3,0.536,17.8,22.4,0.793,11.0,30.5,41.5,27.4,8.7,4.7,14.8,20.2,112.9,2026,88.05528134254689,97.78479763079962,0.1991390134529148,1.0126585,2.057828029411765,129.29618499729403,11.370848033339204,0.190096
25,Milwaukee Bucks,27.1,32,50,26,56,-6.21,0.09,-6.12,112.9,119.3,-6.4,97.6,0.223,0.457,0.589,,0.565,13.9,21.1,0.163,0.558,11.7,74.1,0.215,Fiserv Forum,"682,644","16,650",25,82,19755,41.6,87.3,0.477,15.4,39.9,0.387,26.2,47.4,0.553,14.2,19.5,0.73,9.1,32.5,41.6,26.3,7.6,4.1,15.5,20.1,112.9,2026,89.44672131147541,98.2377049180328,0.1630584192439862,1.0101879130434783,2.137851506393862,136.45367243377245,11.681338640488615,0.208849
26,Indiana Pacers,26.1,19,63,23,59,-7.99,0.35,-7.64,110.9,118.8,-7.9,101.0,0.252,0.422,0.568,,0.533,12.8,21.7,0.196,0.556,11.7,74.1,0.218,Gainbridge Fieldhouse,"682,287","16,641",29,82,19755,40.2,87.9,0.458,13.2,37.1,0.356,27.1,50.8,0.533,17.2,22.2,0.776,9.7,31.7,41.4,27.3,7.3,4.5,14.3,20.6,110.9,2026,87.02970297029702,96.70099009900991,0.1959863481228669,1.0145379130434782,2.065821094629156,126.90492142339062,11.26520845006388,0.178084
27,Utah Jazz,24.1,22,60,23,59,-8.43,0.38,-8.05,114.1,122.3,-8.2,102.3,0.277,0.402,0.575,,0.536,13.2,26.2,0.218,0.578,12.4,72.9,0.227,Delta Center,"745,626","18,186",22,82,19830,41.3,88.4,0.467,12.3,35.6,0.345,29.0,52.8,0.55,19.3,24.5,0.786,11.6,30.9,42.5,28.7,8.6,3.7,15.0,20.5,114.1,2026,86.41251221896384,96.950146627566,0.2178393665158371,1.0082830434782608,2.036141040920716,122.83382710360831,11.083042321655562,0.161604
28,Sacramento Kings,28.3,22,60,19,63,-10.0,0.42,-9.58,111.4,121.5,-10.1,99.2,0.256,0.339,0.56,,0.525,12.6,25.9,0.198,0.572,12.3,73.5,0.216,Golden 1 Center,"661,735","16,140",26,82,19755,41.7,89.4,0.467,10.3,30.3,0.34,31.4,59.0,0.532,17.7,22.9,0.772,11.5,30.9,42.4,25.6,8.1,4.6,14.4,19.8,111.4,2026,90.12096774193547,100.27822580645162,0.1977494407158836,1.0150361739130436,2.0220759283887464,122.24212194639055,11.056315930109385,0.114921
29,Brooklyn Nets,23.5,20,62,18,64,-9.99,0.29,-9.7,108.7,119.0,-10.3,97.1,0.272,0.455,0.559,,0.52,14.3,23.6,0.212,0.571,13.2,74.0,0.225,Barclays Center,"713,896","17,412",30,82,19755,38.4,86.8,0.443,13.4,39.5,0.34,25.0,47.3,0.528,18.4,23.6,0.78,10.6,29.8,40.4,25.7,8.2,4.4,16.2,21.6,108.7,2026,89.39237899073122,100.086508753862,0.212073732718894,1.0155161739130434,2.0220138107416874,131.71722097277305,11.47681231757203,0.207025
30,Washington Wizards,23.5,17,65,16,66,-11.98,0.36,-11.62,111.0,122.7,-11.7,101.4,0.235,0.403,0.566,,0.535,13.6,24.1,0.18,0.563,11.7,70.2,0.232,Capital One Arena,"660,376","16,107",28,82,19755,41.1,88.8,0.463,12.8,35.8,0.359,28.3,53.0,0.533,16.0,20.8,0.766,10.8,30.4,41.2,24.6,7.9,5.4,15.4,21.0,111.0,2026,87.57396449704142,96.59960552268244,0.1794234234234234,1.0151270434782609,2.073592335038363,126.25438241691911,11.23629754042314,0.162409
