season,ab,s03,s310,s1016,s163,s3,p03,p310,p1016,p163,p3,csh,pc3,p2,p3_p,w,ftm_fga,FGA,q,FGA100,Pace,tot,p2r,sc3,snc3,pnc3,mk__FGA,mk__w,mk__sd_obs,mk__sd_min,mk__pts_obs,mk__pts_min,mk__w_min,mk__excess,mk__pct,mk__dpts,mkgam__w,mkgam__sd_obs,mkgam__sd_min,mkgam__dpts,mkgam__w_min,mkgam__excess,mkgam__pct
2026,ATL,0.244,0.2,0.085,0.041,0.429,0.687,0.45,0.474,0.405,0.371,0.257,0.381,0.552,0.371,0.429,0.1812586015538291,90.1,0.774,88.59390363815142,101.7,0.999,0.5517947368421052,0.110253,0.318747,0.3675410497981157,90.1,0.429,11.54322090552678,11.027855511322963,117.50138516516512,118.66952464352688,0.3219839999999999,0.5153653942038172,4.673305645641257,1.1681394783617662,0.4294294294294294,11.501572147688398,10.985175294389524,1.3513545385517538,0.3219839999999999,0.5163968532988736,4.70085218906442
2026,BOS,0.161,0.196,0.112,0.064,0.467,0.754,0.49,0.481,0.382,0.367,0.162,0.414,0.555,0.367,0.467,0.167522655426765,94.9,0.807,100.10548523206752,94.8,1.0,0.5548855534709194,0.075654,0.391346,0.3579140811455847,94.9,0.467,11.930027170719258,11.127387399772472,123.36129767,130.42943460164216,0.3219839999999999,0.8026397709467865,7.213191579572387,7.068136931642144,0.467,11.98343855418288,11.209941070186533,6.387862504059805,0.3219839999999999,0.773497483996346,6.900103034916971
2026,BRK,0.235,0.211,0.063,0.036,0.455,0.686,0.419,0.41,0.347,0.34,0.236,0.366,0.528,0.34,0.455,0.212073732718894,86.8,0.78,89.39237899073122,97.1,1.0,0.5283321100917432,0.10738,0.34762,0.3319685863874346,86.8,0.455,11.266921943285295,10.673422120243323,107.1924882,109.00866814170068,0.3219839999999999,0.5934998230419737,5.560539219341254,1.816179941700696,0.4549999999999999,11.38836224220302,10.764370983611176,1.1657412483148717,0.3219839999999999,0.6239912585918432,5.796820450929041
2026,CHI,0.31,0.184,0.042,0.021,0.443,0.659,0.429,0.486,0.359,0.356,0.255,0.374,0.559,0.356,0.443,0.1906894197952218,87.9,0.776,85.7560975609756,102.5,1.0,0.5586660682226212,0.112965,0.330035,0.3498389261744966,87.9,0.443,11.396934374706046,10.94523493398084,113.49241023,113.49241023,0.3342348795797396,0.4516994407252053,4.12690493579857,0.0,0.443,11.417173325036076,11.214607908731132,1.951772077291025e-14,0.3932261696428391,0.2025654163049441,1.806263918930573
2026,CHO,0.213,0.204,0.072,0.025,0.487,0.706,0.43,0.408,0.363,0.378,0.221,0.436,0.538,0.378,0.487,0.19935956284153,91.5,0.818,94.52479338842976,96.8,1.001,0.5380330739299611,0.107627,0.379373,0.3615455712451861,91.5,0.487,11.830033078622334,11.017676789974097,118.70407432567433,120.04018938809958,0.3219839999999999,0.8123562886482372,7.373208564145472,1.3361150624252645,0.4865134865134864,11.842982741177284,11.020809702688382,1.7782108154292873,0.3219839999999999,0.8221730384889021,7.460187233687043
2026,CLE,0.252,0.19,0.082,0.034,0.442,0.708,0.484,0.48,0.372,0.36,0.226,0.377,0.578,0.36,0.442,0.2056659242761692,89.8,0.776,89.88988988988989,99.9,1.0,0.5777491039426523,0.099892,0.342108,0.3550361757105943,89.8,0.442,11.496716327619408,10.929071927558605,118.34416924,119.50316578559926,0.3219839999999999,0.5676444000608054,5.193893898981861,1.1589965455992657,0.442,11.530181316278442,10.967673677163454,0.8172706519947807,0.3219839999999999,0.5625076391149886,5.128778040563198
2026,DAL,0.229,0.236,0.108,0.072,0.355,0.715,0.455,0.428,0.368,0.344,0.289,0.377,0.533,0.344,0.355,0.2165771428571428,87.5,0.755,86.03736479842674,101.7,1.0,0.533077519379845,0.1025949999999999,0.252405,0.3305864978902953,87.5,0.355,10.917961467998182,10.705449915271055,109.81201875,113.29846727975368,0.3219839999999999,0.2125115527271255,1.985078202308732,3.486448529753673,0.355,11.06286949958317,10.865313378301304,3.0470001659757857,0.3219839999999999,0.1975561212818668,1.818227550402729
2026,DEN,0.212,0.224,0.097,0.06,0.408,0.72,0.491,0.486,0.424,0.396,0.25,0.44,0.565,0.396,0.408,0.2375391600454029,88.1,0.808,89.53252032520325,98.4,1.001,0.5652715008431703,0.102,0.306,0.3813333333333333,88.1,0.408,11.352556935590508,10.881378824129769,119.09056118881118,121.95865059985168,0.3219839999999999,0.4711781114607412,4.330132413145016,2.8680894110404864,0.4075924075924076,11.280331862644504,10.83106171835041,3.3541194645893437,0.3219839999999999,0.4492701442940952,4.147978803711583
2026,DET,0.252,0.284,0.082,0.037,0.345,0.696,0.487,0.413,0.398,0.356,0.286,0.376,0.553,0.356,0.345,0.223109375,89.6,0.763,90.23162134944612,99.3,1.0,0.5531175572519084,0.0986699999999999,0.2463299999999999,0.3479887955182073,89.6,0.345,11.084203437706767,10.927301989508846,115.9970112,117.06642237364149,0.3219839999999999,0.1569014481979227,1.4358663130987104,1.069411173641484,0.3449999999999998,11.155149121654777,11.001419275170711,0.733267533494822,0.3219839999999999,0.1537298464840653,1.3973637640646963
2026,GSW,0.198,0.201,0.067,0.037,0.497,0.736,0.483,0.418,0.365,0.356,0.251,0.398,0.565,0.356,0.497,0.192013468013468,89.1,0.807,90.0,99.0,1.0,0.5652524850894631,0.124747,0.372253,0.3419252336448598,89.1,0.497,11.615108688216988,10.756909300144208,115.10564373,118.2483978353614,0.3219839999999999,0.8581993880727783,7.978122378156272,3.1427541053613908,0.497,11.75151617643489,10.879716186041511,2.38721311125765,0.3219839999999999,0.8717999903933791,8.013076586610634
2026,HOU,0.211,0.225,0.147,0.067,0.35,0.7,0.492,0.439,0.422,0.364,0.291,0.377,0.54,0.364,0.35,0.1990075757575757,92.4,0.763,96.14984391259104,96.1,1.0,0.5403184615384616,0.1018499999999999,0.24815,0.3586643159379407,92.4,0.35,11.329221298189902,11.131842441121156,118.81521960000002,122.80304401424368,0.3219839999999999,0.1973788570687471,1.7731014260462974,3.987824414243661,0.3499999999999999,11.340880426464754,11.146387804599971,4.024772559100532,0.3219839999999999,0.1944926218647822,1.7448937294691769
2026,IND,0.216,0.197,0.103,0.062,0.422,0.677,0.466,0.453,0.376,0.356,0.226,0.372,0.533,0.356,0.422,0.1959863481228669,87.9,0.776,87.02970297029702,101.0,1.0,0.5328806228373703,0.095372,0.326628,0.3513281653746769,87.9,0.422,11.32796430394233,10.856849911670563,111.07429002,113.88386906199904,0.3219839999999999,0.4711143922717653,4.339328590748415,2.809579041999044,0.422,11.325982543246154,10.83419896320722,3.307676500148951,0.3219839999999999,0.4917835800389341,4.539178038995084
2026,LAC,0.207,0.237,0.106,0.046,0.404,0.732,0.495,0.47,0.379,0.368,0.241,0.415,0.564,0.368,0.404,0.2434628770301624,86.2,0.823,89.32642487046633,96.5,1.0,0.5639144295302013,0.097364,0.306636,0.3530764163372859,86.2,0.404,11.08884905000196,10.633328368241918,113.45830192,116.83399134900236,0.3219839999999999,0.4555206817600421,4.283895559179052,3.375689429002378,0.404,11.141223005021915,10.702004002441354,3.317953637692691,0.3219839999999999,0.4392190025805611,4.104081838133933
2026,LAL,0.209,0.218,0.127,0.052,0.394,0.778,0.531,0.471,0.433,0.359,0.239,0.345,0.595,0.359,0.394,0.24416,85.0,0.763,86.46998982706002,98.3,1.0,0.5952029702970297,0.094166,0.299834,0.3633968462549277,85.0,0.394,10.916689789903542,10.478366205904264,114.269291,119.53756371618398,0.3219839999999999,0.4383235839992778,4.183129081252135,5.268272716183986,0.394,11.031553051328888,10.660540563459415,3.536001045500848,0.3219839999999999,0.3710124878694714,3.480240853275029
2026,MEM,0.207,0.218,0.096,0.043,0.436,0.673,0.482,0.446,0.354,0.353,0.226,0.366,0.536,0.353,0.436,0.1991390134529148,89.2,0.793,88.05528134254689,101.3,1.0,0.5362145390070922,0.098536,0.337464,0.349204134366925,89.2,0.436,11.453878177924167,10.912667475214755,112.63019967999998,115.04789967440706,0.3219839999999999,0.541210702709412,4.959472135833232,2.417699994407087,0.436,11.473940499505042,10.897995468099053,3.25259163129101,0.3219839999999999,0.5759450314059897,5.284871269142233
2026,MIA,0.237,0.243,0.081,0.032,0.406,0.683,0.463,0.432,0.369,0.361,0.247,0.379,0.542,0.361,0.406,0.212723640399556,90.1,0.792,87.13733075435202,103.4,0.999,0.5416188870151771,0.100282,0.305718,0.3550956175298804,90.1,0.406,11.395654207040412,10.97440449153972,115.41955206206208,116.82464331698412,0.3219839999999999,0.4212497155006911,3.838474477821885,1.4050912549220411,0.4064064064064063,11.401277405487166,10.970702845271765,1.417512717093908,0.3219839999999999,0.4305745602154012,3.924767321548339
2026,MIL,0.217,0.155,0.098,0.072,0.457,0.746,0.425,0.44,0.401,0.387,0.276,0.433,0.553,0.387,0.457,0.1630584192439862,87.3,0.73,89.44672131147541,97.6,0.999,0.5530424354243544,0.126132,0.330868,0.3694640883977901,87.3,0.457,11.474641168382291,10.775864710240151,115.76093603603604,118.08976491508773,0.3219839999999999,0.6987764581421416,6.48464394210615,2.3288288790516987,0.4574574574574575,11.469067756608684,10.827079880550327,2.396332347103413,0.3219839999999999,0.6419878760583568,5.929464667676632
2026,MIN,0.248,0.192,0.094,0.046,0.42,0.715,0.454,0.464,0.386,0.37,0.246,0.39,0.562,0.37,0.42,0.2146118721461187,87.6,0.752,87.16417910447761,100.5,1.0,0.5618275862068964,0.10332,0.31668,0.3634748010610079,87.6,0.42,11.30576551287504,10.825481976843337,115.1920728,116.67555364444011,0.3219839999999999,0.4802835360317026,4.436601871945034,1.4834808444401233,0.42,11.308853633253452,10.84970245219908,1.468622217853773,0.3219839999999999,0.4591511810543718,4.231924175591639
2026,NOP,0.319,0.22,0.07,0.036,0.355,0.671,0.405,0.386,0.338,0.347,0.224,0.388,0.531,0.347,0.355,0.22225,89.6,0.784,89.3320039880359,100.3,1.0,0.5307550387596899,0.07952,0.27548,0.3351649484536082,89.6,0.355,11.031308455168505,10.931583873395704,112.46533759999998,112.46533759999998,0.3294126988317802,0.0997245817728007,0.9122610495218452,0.0,0.355,11.164522053161408,11.040225916117512,-1.9895196601282804e-14,0.3252091329255224,0.1242961370438955,1.1258477678653067
2026,NYK,0.246,0.17,0.108,0.049,0.428,0.689,0.464,0.449,0.439,0.373,0.302,0.416,0.556,0.373,0.428,0.1885304347826087,92.0,0.792,95.0413223140496,96.8,1.001,0.5556317626527049,0.1292559999999999,0.2987439999999999,0.3543954154727794,92.0,0.428,11.638635315852609,11.1197745156122,120.62803796203796,121.83124327880932,0.3219839999999999,0.5188608002404056,4.666109007083952,1.20320531677136,0.4275724275724274,11.622182974816509,11.09855123000476,1.0469193657615623,0.3219839999999999,0.5236317448117465,4.718018901387033
2026,OKC,0.233,0.179,0.116,0.046,0.426,0.72,0.441,0.524,0.447,0.365,0.23,0.38,0.572,0.365,0.426,0.2129707865168539,89.0,0.817,89.62739174219537,99.3,1.0,0.5715069686411149,0.09798,0.32802,0.3605194805194804,89.0,0.426,11.35993136131095,10.84088639571097,117.4139086,119.1705475693091,0.3219839999999999,0.5190449655999814,4.787846183918454,1.756638969309094,0.426,11.409254733233343,10.89104581860176,1.950742860826689,0.3219839999999999,0.5182089146315842,4.758118947094037
2026,ORL,0.247,0.227,0.092,0.047,0.386,0.705,0.438,0.415,0.416,0.343,0.271,0.385,0.54,0.343,0.386,0.2493420752565564,87.7,0.801,87.7,100.0,0.999,0.5404453507340946,0.104606,0.281394,0.3273868312757202,87.7,0.386,11.023310959668818,10.701929539006237,110.494897967968,112.89523344921052,0.3219839999999999,0.3213814206625809,3.003023141679395,2.400335481242521,0.3863863863863863,11.17424296424154,10.842930278358455,1.551095303236724,0.3219839999999999,0.3313126858830841,3.055564108388253
2026,PHI,0.266,0.187,0.093,0.064,0.391,0.67,0.434,0.413,0.443,0.349,0.214,0.372,0.535,0.349,0.391,0.2222725250278087,89.9,0.809,90.44265593561369,99.4,1.001,0.5346540983606557,0.083674,0.307326,0.342737913486005,89.9,0.391,11.250568884964784,10.936029126353764,113.2217484315684,114.52796154540336,0.3219839999999999,0.3145397586110228,2.8761788669073862,1.3062131138349429,0.3906093906093906,11.313186462033965,10.982412178511057,1.276905767465719,0.3219839999999999,0.3307742835229081,3.011854573898831
2026,PHO,0.198,0.17,0.117,0.062,0.453,0.69,0.445,0.449,0.425,0.361,0.21,0.395,0.533,0.361,0.453,0.1758095238095238,92.4,0.781,95.06172839506172,97.2,1.0,0.5322723948811701,0.09513,0.35787,0.3519620253164557,92.4,0.453,11.755909942886568,11.125786925654255,117.16132428,120.99737576282736,0.3219839999999999,0.6301230172323109,5.663626505189945,3.836051482827358,0.453,11.742741767761665,11.086632749947464,3.8779087498398943,0.3219839999999999,0.6561090178141988,5.918018866614916
2026,POR,0.257,0.185,0.055,0.035,0.469,0.699,0.424,0.38,0.405,0.343,0.242,0.34,0.551,0.343,0.469,0.2141657334826427,89.3,0.765,88.85572139303483,100.5,1.001,0.5510488721804512,0.1134979999999999,0.355502,0.343957783641161,89.3,0.469,11.488372223290243,10.83288517473816,112.69574357642357,113.37599976057876,0.3219839999999999,0.6554870485520823,6.050899995512293,0.6802561841551835,0.4685314685314685,11.6241559941806,10.94865105875744,0.0,0.3219839999999999,0.6755049354231613,6.169754902206415
2026,SAC,0.169,0.274,0.136,0.082,0.339,0.729,0.503,0.423,0.402,0.34,0.232,0.359,0.532,0.34,0.339,0.1977494407158836,89.4,0.772,90.12096774193547,99.2,1.0,0.5317927382753403,0.078648,0.260352,0.3342604166666667,89.4,0.339,10.983927968695957,10.786158429481926,111.81580734000002,118.15583056491688,0.3219839999999999,0.197769539214029,1.83354936335316,6.340023224916848,0.3389999999999999,11.11725080680344,10.940279154918038,6.031653913679604,0.3219839999999999,0.1769716518854007,1.6176155048643892
2026,SAS,0.277,0.171,0.089,0.041,0.422,0.704,0.468,0.422,0.467,0.359,0.318,0.391,0.574,0.359,0.422,0.2149554069119286,89.7,0.787,89.78978978978978,99.9,1.0,0.573946366782007,0.134196,0.2878039999999999,0.3440791788856305,89.7,0.422,11.376927769301712,10.90671409066777,117.94776785999998,118.18111615925574,0.3219839999999999,0.470213678633943,4.311231363773227,0.233348299255752,0.4219999999999999,11.469241812885274,11.010835915727528,0.0,0.324389546743262,0.4584058971577462,4.163225214381527
2026,TOR,0.266,0.188,0.127,0.056,0.363,0.708,0.444,0.458,0.426,0.354,0.267,0.388,0.555,0.354,0.363,0.2038624161073825,89.4,0.769,90.85365853658536,98.4,1.0,0.5554505494505494,0.096921,0.266079,0.3416152796725784,89.4,0.363,11.101388711010486,10.883541008805162,115.65085278,117.31018840059636,0.3219839999999999,0.217847702205324,2.0016252249987154,1.6593356205963374,0.363,11.191335613301815,10.979656556691989,1.106220257632926,0.3219839999999999,0.2116790566098263,1.9279205639707309
2026,UTA,0.187,0.273,0.085,0.052,0.402,0.687,0.521,0.43,0.402,0.345,0.272,0.385,0.55,0.345,0.402,0.2178393665158371,88.4,0.786,86.41251221896384,102.3,0.999,0.5496750418760468,0.109344,0.292656,0.330054945054945,88.4,0.402,11.227151662098365,10.812219944595729,112.40688268268268,115.3569111377003,0.3219839999999999,0.4149317175026361,3.837618173037916,2.950028455017602,0.4024024024024024,11.297925784921029,10.848159199664336,3.7728211138654,0.3219839999999999,0.4497665852566914,4.146017559095272
2026,WAS,0.215,0.213,0.105,0.064,0.403,0.732,0.402,0.46,0.419,0.359,0.212,0.387,0.533,0.359,0.403,0.1794234234234234,88.8,0.766,87.57396449704142,101.4,1.0,0.5328676716917924,0.085436,0.317564,0.3514670050761421,88.8,0.403,11.230846306646493,10.792295163853508,112.62989736000002,116.52096823249218,0.3219839999999999,0.4385511427929831,4.063557715339528,3.8910708724921648,0.403,11.30753409314802,10.898907947654822,3.6323209542640864,0.3219839999999999,0.4086261454931978,3.749239349994915
2025,ATL,0.257,0.228,0.077,0.027,0.41,0.676,0.473,0.422,0.398,0.358,0.277,0.405,0.552,0.358,0.41,0.1959269662921348,89.0,0.775,86.74463937621833,102.6,0.999,0.5514702886247879,0.11357,0.2964299999999999,0.3399930843706776,89.0,0.41,11.337800018617209,11.015004602682192,114.69406836836836,114.69406836836836,0.3397232822822822,0.3227954159350155,2.9305064099239164,0.0,0.4104104104104104,11.355512304132736,11.031386370194957,0.0,0.3397232822822822,0.3241259339377809,2.938215769629071
2025,BOS,0.179,0.168,0.073,0.045,0.536,0.748,0.487,0.424,0.416,0.368,0.187,0.393,0.571,0.368,0.536,0.1695627009646302,93.3,0.799,97.49216300940438,95.7,1.001,0.5707096774193551,0.100232,0.435768,0.362249692496925,93.3,0.536,12.12535429576776,11.167420818671296,122.36306184815189,124.88128005591948,0.3397232822822822,0.9579334770964644,8.577929431071984,2.518218207767603,0.5354645354645355,12.154889738418635,11.215225577462396,2.242563938408113,0.3397232822822822,0.9396641609562392,8.378468667135364
2025,BRK,0.228,0.214,0.07,0.03,0.458,0.673,0.399,0.412,0.386,0.344,0.265,0.348,0.515,0.344,0.458,0.1887736486486486,88.8,0.787,92.11618257261412,96.4,1.0,0.5152214022140221,0.12137,0.33663,0.3425578231292517,88.8,0.458,11.44036166871103,10.921439997137073,108.86260176,109.51376182312195,0.3397232822822822,0.518921671573958,4.751403402023802,0.6511600631219636,0.4579999999999999,11.539166860552896,10.980825662194688,-1.9717560917342783e-14,0.3397232822822822,0.5583411983582085,5.084692313078909
2025,CHI,0.264,0.187,0.057,0.036,0.457,0.655,0.494,0.428,0.348,0.367,0.25,0.389,0.556,0.367,0.457,0.1734219977553311,89.1,0.809,86.67315175097276,102.8,1.001,0.5555551470588235,0.11425,0.34275,0.3596666666666666,89.1,0.457,11.578716350763091,11.088667349204254,115.95084131868134,115.95084131868131,0.3427542915753044,0.4900490015588374,4.41936786564352,-2.8421709430404014e-14,0.4565434565434566,11.548142119437191,11.216644794779436,1.9784174298820288e-14,0.3807047345545363,0.3314973246577555,2.955405388356813
2025,CHO,0.226,0.223,0.082,0.04,0.43,0.674,0.397,0.353,0.371,0.339,0.235,0.369,0.499,0.339,0.43,0.1738087912087912,91.0,0.783,93.2377049180328,97.6,1.001,0.4984956217162872,0.1010499999999999,0.32895,0.3297843137254902,91.0,0.43,11.414552724576597,10.995964480872374,109.38830000000002,110.11929727846596,0.3397232822822822,0.4185882437042227,3.8067442326897623,0.7309972784659493,0.4295704295704295,11.548346006034418,11.112104696178946,0.5666821635237167,0.3397232822822822,0.4362413098554718,3.925820731382057
2025,CLE,0.241,0.19,0.075,0.037,0.457,0.707,0.503,0.483,0.362,0.383,0.245,0.401,0.581,0.383,0.457,0.186719646799117,90.6,0.776,90.78156312625252,99.8,1.0,0.5811712707182322,0.111965,0.345035,0.377158940397351,90.6,0.457,11.711655842284642,11.15642131101059,122.40778457999998,122.40778457999996,0.3397232822822822,0.5552345312740528,4.976815735042894,-2.8421709430404014e-14,0.4569999999999999,11.649570783238646,11.111479971055472,0.0,0.3397232822822822,0.5380908121831727,4.842656546066371
2025,DAL,0.227,0.23,0.099,0.056,0.389,0.726,0.458,0.443,0.418,0.364,0.261,0.379,0.552,0.364,0.389,0.2025396825396825,88.2,0.77,88.91129032258064,99.2,1.001,0.5513186274509803,0.101529,0.287471,0.358702300405954,88.2,0.389,11.174730445976447,10.913538815264332,114.43490937062936,116.15542776000774,0.3397232822822822,0.2611916307121156,2.3932808150807894,1.7205183893783698,0.3886113886113886,11.21458336005518,10.962901712598288,1.19878556407377,0.3397232822822822,0.2516816474568912,2.295757583666602
2025,DEN,0.265,0.237,0.076,0.067,0.356,0.715,0.512,0.45,0.413,0.376,0.215,0.431,0.578,0.376,0.356,0.1996296296296296,89.1,0.77,89.27855711422846,99.8,1.001,0.5778139534883722,0.07654,0.27946,0.3609363057324841,89.1,0.356,11.116848371100213,11.029548816900496,119.99346230769228,119.99346230769224,0.3397232822822822,0.0872995541997152,0.791506122770369,-1.4210854715202004e-14,0.3556443556443557,11.134999952801309,11.050971115126076,0.0,0.3397232822822822,0.0840288376752322,0.760375145313863
2025,DET,0.227,0.251,0.085,0.043,0.394,0.693,0.485,0.449,0.366,0.362,0.24,0.379,0.55,0.362,0.394,0.1922013422818791,89.4,0.774,89.57915831663327,99.8,1.0,0.5494207920792079,0.09456,0.29944,0.3566315789473684,89.4,0.394,11.31270692852618,11.030452895774982,115.54079244,115.93283504787205,0.3397232822822822,0.2822540327511973,2.5588616842678213,0.3920426078720567,0.394,11.310395022997604,11.029169337537551,0.6191988404713578,0.3397232822822822,0.2812256854600541,2.549835593718819
2025,GSW,0.168,0.252,0.068,0.043,0.469,0.689,0.483,0.404,0.353,0.364,0.238,0.389,0.528,0.364,0.469,0.1864026258205689,91.4,0.764,92.60385005065856,98.7,1.0,0.5275310734463277,0.1116219999999999,0.357378,0.3561916010498687,91.4,0.469,11.797026040722804,11.153130527239366,115.75801774,117.09980212780997,0.3397232822822822,0.6438955134834394,5.773226735855452,1.3417843878099376,0.469,11.781174545600791,11.123187485642807,2.5830754513671743,0.3397232822822822,0.6579870599579838,5.915454187994906
2025,HOU,0.234,0.219,0.099,0.064,0.384,0.674,0.447,0.401,0.371,0.353,0.205,0.373,0.518,0.353,0.384,0.178624203821656,94.2,0.738,95.53752535496956,98.6,1.0,0.5179415584415584,0.07872,0.30528,0.3478427672955974,94.2,0.384,11.55838179811298,11.33508504237692,117.18306672,118.14639483426042,0.3397232822822822,0.2232967557360599,1.9699610095667677,0.9633281142604204,0.384,11.575941770210102,11.353039438242392,1.3957706763583668,0.3397232822822822,0.2229023319677097,1.9633714229589485
2025,IND,0.218,0.207,0.111,0.062,0.4,0.707,0.519,0.473,0.409,0.368,0.25,0.401,0.568,0.368,0.4,0.1903562570462232,88.7,0.789,88.78878878878878,99.9,0.998,0.5675919732441471,0.1,0.3,0.357,88.7,0.4,11.295959677329044,10.981219560597058,117.16358114228456,118.3597614853561,0.3397232822822822,0.3147401167319863,2.866167232110905,1.196180343071532,0.4008016032064129,11.289231718454722,10.97927675854507,1.786622134141117,0.3397232822822822,0.3099549599096516,2.823090871340095
2025,LAC,0.208,0.256,0.108,0.042,0.387,0.707,0.486,0.456,0.408,0.373,0.23,0.403,0.55,0.373,0.387,0.2003833902161547,87.9,0.797,90.15384615384616,97.5,1.001,0.5502540716612379,0.08901,0.29799,0.364038961038961,87.9,0.387,11.205777608766272,10.94261828698468,114.8608530869131,116.53544143445308,0.3397232822822822,0.2631593217815933,2.4049026922066563,1.6745883475399808,0.3866133866133866,11.180528644137596,10.918515471192888,1.7009937178741017,0.3397232822822822,0.262013172944707,2.399714261851771
2025,LAL,0.218,0.203,0.097,0.056,0.425,0.753,0.468,0.429,0.395,0.366,0.239,0.394,0.562,0.366,0.425,0.2131099656357388,87.3,0.785,89.44672131147541,97.6,0.999,0.56252787456446,0.101575,0.323425,0.3572063074901446,87.3,0.425,11.22478940168914,10.782751891985768,114.38722378378378,116.04601391432855,0.3397232822822822,0.4420375097033719,4.099486978198152,1.6587901305447872,0.4254254254254254,11.292283637107628,10.882681423827009,1.434155405624389,0.3397232822822822,0.4096022132806176,3.763798620290548
2025,MEM,0.213,0.269,0.085,0.027,0.406,0.713,0.475,0.468,0.4,0.367,0.254,0.37,0.556,0.367,0.406,0.1958471760797342,90.3,0.786,87.41529525653436,103.3,1.0,0.55593265993266,0.103124,0.302876,0.3659785522788203,90.3,0.406,11.420757874600714,11.072364670695102,117.87341201999998,119.38026468594616,0.3397232822822822,0.3483932039056121,3.1465112852333554,1.5068526659461838,0.4059999999999999,11.41781765749296,11.061909255580357,0.4156036160255815,0.3397232822822822,0.3559084019126057,3.217422903130962
2025,MIA,0.211,0.229,0.098,0.033,0.429,0.678,0.461,0.451,0.434,0.367,0.28,0.394,0.538,0.367,0.429,0.1833561030235162,89.3,0.791,92.82744282744282,96.2,1.0,0.5379106830122593,0.12012,0.30888,0.3565,89.3,0.429,11.48957625464142,11.061970699043572,114.58441093,115.84694014807376,0.3397232822822822,0.4276055555978484,3.865545907067181,1.262529218073766,0.429,11.452983769054454,11.001512656527328,0.9649343433664024,0.3397232822822822,0.4514711125271269,4.103718521464073
2025,MIL,0.244,0.15,0.095,0.086,0.424,0.715,0.439,0.453,0.449,0.387,0.242,0.438,0.56,0.387,0.424,0.2006920415224913,86.7,0.75,87.31117824773415,99.3,0.999,0.5599286956521738,0.1026079999999999,0.321392,0.3707176781002639,86.7,0.424,11.322496995760591,10.9196131555032,115.66745936936935,115.66745936936935,0.3397232822822822,0.4028838402573935,3.6895431598174433,0.0,0.4244244244244244,11.259499644816769,10.877425134433937,0.2743634166044026,0.3397232822822822,0.382074510382834,3.512545530406141
2025,MIN,0.238,0.197,0.076,0.034,0.455,0.714,0.427,0.409,0.34,0.377,0.243,0.398,0.545,0.377,0.455,0.1970291153415453,89.3,0.789,91.77800616649536,97.3,1.0,0.5443944954128441,0.110565,0.344435,0.3702589167767503,89.3,0.455,11.548791472288594,11.00570635584539,116.35339035,116.35339035,0.3397232822822822,0.5430851164432031,4.934577562618303,0.0,0.4549999999999999,11.549369725221249,11.01772852823506,0.0,0.3397232822822822,0.5316411969861896,4.825324890005733
2025,NOP,0.25,0.213,0.104,0.047,0.385,0.666,0.417,0.432,0.379,0.347,0.25,0.365,0.518,0.347,0.385,0.1845337763012182,90.3,0.754,91.12008072653886,99.1,0.999,0.5180162866449511,0.09625,0.28875,0.3409999999999999,90.3,0.385,11.287798517373917,11.072449148729646,111.70880126126124,112.05795947168096,0.3397232822822822,0.2153493686442704,1.9449117873707067,0.3491582104197164,0.3853853853853854,11.337898680195243,11.113680957913388,0.2371864339736742,0.3397232822822822,0.2242177222818568,2.017492882249816
2025,NYK,0.27,0.196,0.107,0.045,0.382,0.696,0.445,0.477,0.412,0.369,0.285,0.386,0.558,0.369,0.382,0.1857612267250821,91.3,0.8,94.41571871768356,96.7,1.0,0.5577977346278317,0.10887,0.27313,0.3622237762237761,91.3,0.382,11.35607686999073,11.156071588041463,119.75399193999998,119.75399193999998,0.3397232822822822,0.2000052819492648,1.7927931025797372,0.0,0.382,11.378000512760805,11.201714882026137,0.0,0.3443749029512912,0.176285630734668,1.573737883808568
2025,OKC,0.216,0.196,0.123,0.046,0.419,0.71,0.466,0.5,0.406,0.374,0.213,0.404,0.559,0.374,0.419,0.1804276457883369,92.6,0.819,92.6,100.0,1.0,0.5591600688468159,0.0892469999999999,0.329753,0.3658805590851334,92.6,0.419,11.619442280797529,11.21253281488092,121.95235726,123.0994955444524,0.3397232822822822,0.406909465916609,3.629059309209537,1.1471382844524245,0.4189999999999999,11.609299091410849,11.201865934163598,1.4951343075298031,0.3397232822822822,0.4074331572472509,3.637190086382458
2025,ORL,0.225,0.214,0.09,0.06,0.411,0.701,0.451,0.408,0.388,0.318,0.27,0.352,0.533,0.318,0.411,0.2081179775280899,89.0,0.775,92.61186264308012,96.1,1.0,0.5335127334465195,0.11097,0.3000299999999999,0.3054246575342466,89.0,0.411,11.121014365972703,10.790824772835428,108.4172101,110.10388819111586,0.3397232822822822,0.3301895931372769,3.059910619329931,1.6866780911158514,0.411,11.34774659177014,10.998659037725364,1.1199216955150764,0.3397232822822822,0.3490875540447753,3.1739101362030286
2025,PHI,0.253,0.184,0.084,0.053,0.426,0.676,0.433,0.448,0.381,0.341,0.2,0.386,0.537,0.341,0.426,0.2011210762331838,89.2,0.78,91.58110882956878,97.4,1.0,0.5375,0.0852,0.3408,0.32975,89.2,0.426,11.326966915260236,10.956762854982047,111.45944968000002,111.64619974205112,0.3397232822822822,0.3702040602781871,3.378772226596616,0.1867500620511037,0.426,11.408248335465276,11.022161366915848,0.0,0.3397232822822822,0.3860869685494297,3.5028244978186462
2025,PHO,0.143,0.199,0.156,0.061,0.44,0.756,0.485,0.495,0.478,0.378,0.29,0.425,0.556,0.378,0.44,0.1946938775510204,88.2,0.81,90.83419155509785,97.1,0.999,0.5563524150268337,0.1276,0.3124,0.3588028169014085,88.2,0.44,11.453549933095632,10.858399896710637,116.23998072072072,121.3301124004419,0.3397232822822822,0.5951500363849966,5.481010480791815,5.090131679721182,0.4404404404404405,11.460383956645405,10.887570354834295,4.573185689156539,0.3397232822822822,0.5728136018111076,5.261170152225625
2025,POR,0.268,0.197,0.069,0.047,0.418,0.675,0.39,0.418,0.421,0.342,0.234,0.345,0.527,0.342,0.418,0.1877755775577557,90.9,0.762,92.00404858299596,98.8,0.999,0.5272960413080893,0.097812,0.320188,0.3410835509138381,90.9,0.418,11.40312596531434,11.070931157470527,112.69615486486488,112.69615486486488,0.3397232822822822,0.3321948078438108,3.000604042412913,0.0,0.4184184184184184,11.499057052884222,11.210918968691562,0.0,0.3520378991472146,0.2881380841926599,2.570155800762941
2025,SAC,0.171,0.224,0.123,0.092,0.391,0.715,0.529,0.479,0.425,0.357,0.233,0.397,0.555,0.357,0.391,0.1899603524229074,90.8,0.806,92.46435845213848,98.2,1.001,0.5553737704918035,0.091103,0.299897,0.3448487614080834,90.8,0.391,11.34945214843946,11.045778523802817,117.49939076923074,122.0069158241898,0.3397232822822822,0.3036736246366427,2.749227897175821,4.507525054959046,0.3906093906093906,11.391078128483151,11.082329292001877,4.577172805307986,0.3397232822822822,0.3087488364812767,2.785956168114412
2025,SAS,0.256,0.171,0.083,0.05,0.441,0.694,0.435,0.437,0.403,0.357,0.249,0.397,0.551,0.357,0.441,0.1810576496674057,90.2,0.774,90.83585095669687,99.3,1.001,0.5508392857142856,0.109809,0.331191,0.3437376830892143,90.2,0.441,11.503922620582296,11.06160582119769,115.81546637362636,115.81546637362636,0.3408515601816874,0.4423167993846064,3.998667160395297,0.0,0.4405594405594406,11.547987865612289,11.149223162330475,-2.0028423364237825e-14,0.3511980936625677,0.3987647032818113,3.5766142400764256
2025,TOR,0.283,0.217,0.094,0.033,0.373,0.654,0.407,0.459,0.347,0.348,0.283,0.381,0.523,0.348,0.373,0.173186328555678,90.7,0.748,90.9729187562688,99.7,1.0,0.5231228070175439,0.1055589999999999,0.267441,0.3349748953974895,90.7,0.373,11.266694864468173,11.151695956750386,112.94786648999998,112.94786648999998,0.3462828551869072,0.114998907717787,1.031223485322652,0.0,0.3729999999999999,11.334600912482989,11.288281284079074,0.0,0.3621786044009893,0.0463196284039142,0.4103337544329566
2025,UTA,0.166,0.276,0.078,0.031,0.449,0.699,0.495,0.423,0.368,0.35,0.274,0.402,0.54,0.35,0.449,0.1950374574347332,88.1,0.774,88.1,100.0,1.0,0.5391215970961888,0.123026,0.325974,0.3303746556473829,88.1,0.449,11.418801679875942,10.866566415289004,111.08327251,112.80712368685344,0.3397232822822822,0.5522352645869386,5.081966496886792,1.723851176853458,0.4489999999999999,11.491551119315051,10.9149567737508,2.029580386499188,0.3397232822822822,0.5765943455642528,5.282607687012519
2025,WAS,0.213,0.225,0.079,0.047,0.435,0.703,0.417,0.383,0.397,0.335,0.166,0.348,0.519,0.335,0.435,0.1785286839145106,88.9,0.778,88.10703666997026,100.9,0.999,0.5185815602836878,0.07221,0.36279,0.3324124700239809,88.9,0.435,11.28819221992584,10.851146735073264,108.39474662662664,110.51486606510932,0.3397232822822822,0.4370454848525771,4.027643303725226,2.120119438482704,0.4354354354354354,11.443502659659684,10.98978949417918,1.5024222500396731,0.3397232822822822,0.4537131654805044,4.128497326730574
2024,WAS,0.248,0.236,0.085,0.042,0.389,0.731,0.435,0.404,0.387,0.348,0.222,0.392,0.548,0.348,0.389,0.1686306306306306,88.8,0.764,86.46543330087634,102.7,1.0,0.547531914893617,0.086358,0.302642,0.3354447300771208,88.8,0.389,11.10269194397827,10.8081052586414,113.14195368,113.25063663920666,0.3275049549549549,0.2945866853368688,2.72560896001024,0.1086829592066607,0.389,11.255205766793582,10.968657147263723,-1.9717560917342783e-14,0.3275049549549549,0.2865486195298583,2.612431181708885
2024,UTA,0.201,0.289,0.071,0.033,0.406,0.725,0.471,0.412,0.372,0.354,0.276,0.39,0.544,0.354,0.406,0.2088864142538975,89.8,0.83,90.25125628140704,99.5,1.0,0.5443973063973064,0.112056,0.293944,0.3402762430939226,89.8,0.406,11.27404197241233,10.847671432942116,114.56822292,115.60497063935829,0.3275049549549549,0.4263705394702146,3.930525939192964,1.0367477193582886,0.4059999999999999,11.399369959598166,10.97046750749676,0.1484005066901999,0.3275049549549549,0.4289024521014077,3.9096096115166734
2024,TOR,0.27,0.221,0.086,0.054,0.369,0.702,0.439,0.404,0.397,0.347,0.253,0.38,0.543,0.347,0.369,0.1820468227424749,89.7,0.756,90.24144869215291,99.4,1.0,0.5431711568938193,0.093357,0.2756429999999999,0.3358232931726907,89.7,0.369,11.119037777308344,10.94603506206458,113.89514876999998,113.89514876999996,0.329416302946245,0.1730027152437632,1.580505765446838,-1.4210854715202004e-14,0.3689999999999999,11.24633110537523,11.093914961978836,0.0,0.3344337654672865,0.1524161433963939,1.3738715676004043
2024,SAS,0.258,0.2,0.088,0.052,0.401,0.692,0.445,0.427,0.338,0.347,0.235,0.384,0.539,0.347,0.401,0.1722157303370786,89.0,0.782,88.03165182987142,101.1,0.999,0.5396120401337792,0.094235,0.306765,0.3356339869281045,89.0,0.401,11.206287471182982,10.88242033158622,112.32304244244244,112.32304244244244,0.3275049549549549,0.3238671395967625,2.9760579882835314,0.0,0.4014014014014014,11.31414139029174,11.01199766305545,1.9761969838327783e-14,0.3336359017121322,0.3021437272362899,2.743768537564839
2024,SAC,0.206,0.218,0.096,0.048,0.432,0.715,0.509,0.439,0.378,0.366,0.244,0.393,0.561,0.366,0.432,0.1707291666666666,91.2,0.745,92.3076923076923,98.8,1.0,0.5608098591549295,0.105408,0.326592,0.3572857142857143,91.2,0.432,11.605710170094229,11.08809058486153,119.26705536,120.1276425129748,0.3275049549549549,0.5176195852326977,4.668248164741717,0.8605871529748157,0.432,11.605446438889327,11.09888709497279,1.3713882928098542,0.3275049549549549,0.5065593439165372,4.564055292948988
2024,POR,0.241,0.22,0.102,0.067,0.37,0.637,0.394,0.422,0.415,0.345,0.239,0.371,0.494,0.345,0.37,0.1810722891566265,91.3,0.791,93.93004115226336,97.2,1.0,0.4937238095238095,0.08843,0.28157,0.3368344283837056,91.3,0.37,11.270176042493915,11.07266316003272,110.0260865,110.48193207259544,0.3275049549549549,0.1975128824611953,1.7837884130181614,0.455845572595436,0.37,11.327016940610736,11.112541060026643,0.6104109098785869,0.3275049549549549,0.2144758805840929,1.9300345386852324
2024,PHO,0.224,0.184,0.134,0.081,0.378,0.713,0.457,0.499,0.474,0.382,0.249,0.405,0.561,0.382,0.378,0.2186788990825688,87.2,0.808,88.70803662258393,98.3,1.001,0.5602889245585876,0.094122,0.283878,0.3743741677762982,87.2,0.378,11.128583323994835,10.864239775105617,115.95705294705292,116.8363126641538,0.3275049549549549,0.2643435488892205,2.433152750318879,0.8792597171008651,0.3776223776223776,11.101769947591809,10.842586265868135,1.1471866259606107,0.3275049549549549,0.2591836817236714,2.390423053765023
2024,PHI,0.261,0.204,0.099,0.063,0.373,0.669,0.407,0.452,0.424,0.363,0.217,0.41,0.525,0.363,0.373,0.2182741228070175,91.2,0.826,93.53846153846152,97.5,1.0,0.5248755980861245,0.080941,0.292059,0.3499744572158365,91.2,0.373,11.286328058606006,11.078488957505456,115.30176144,115.30176144,0.3275049549549549,0.20783910110055,1.8760600105102163,0.0,0.373,11.322316266620328,11.108022798243963,0.0,0.3275049549549549,0.2142934683763631,1.9291774266995576
2024,ORL,0.269,0.221,0.091,0.05,0.369,0.722,0.44,0.397,0.38,0.352,0.262,0.366,0.549,0.352,0.369,0.218473623853211,87.2,0.759,89.98968008255933,96.9,1.0,0.5492630744849446,0.096678,0.272322,0.347029810298103,87.2,0.369,10.94411767341342,10.762557922866872,111.87385912,111.87385912000002,0.3275049549549549,0.1815597505465493,1.6869572442513414,1.4210854715202004e-14,0.369,11.08358684807964,10.93110187044502,0.0,0.3341703957150981,0.152484977634618,1.3949643818332635
2024,OKC,0.252,0.191,0.117,0.057,0.383,0.712,0.458,0.503,0.422,0.389,0.243,0.416,0.567,0.389,0.383,0.19859392575928,88.9,0.825,89.07815631262525,99.8,1.0,0.5669481361426256,0.093069,0.289931,0.380332892998679,88.9,0.383,11.244682091601971,10.972010641594766,119.64666063,119.64666063,0.3275049549549549,0.2726714500072074,2.4851548081216146,-1.4210854715202004e-14,0.383,11.228798289299007,10.961849759685236,1.9739765377835285e-14,0.3275049549549549,0.2669485296137726,2.4352507602826146
2024,NYK,0.252,0.19,0.107,0.047,0.404,0.658,0.451,0.433,0.392,0.369,0.269,0.414,0.531,0.369,0.404,0.1922712594187298,92.9,0.78,97.58403361344536,95.2,1.0,0.5306392617449665,0.108676,0.295324,0.3524404924760602,92.9,0.404,11.615668981117826,11.295858476792096,118.70479584,118.70479584,0.3343655253073087,0.31981050432573,2.831219114357686,0.0,0.4039999999999999,11.570288526339128,11.233555917924338,-2.0627943797535413e-14,0.3316227797559483,0.3367326084147901,2.9975602638653065
2024,NOP,0.254,0.218,0.099,0.056,0.373,0.695,0.44,0.472,0.434,0.383,0.266,0.434,0.548,0.383,0.373,0.2016195286195286,89.1,0.771,91.01123595505618,97.9,1.0,0.5478181818181818,0.099218,0.2737819999999999,0.3645177111716621,89.1,0.373,11.247590139795372,11.023769705840632,117.20425166999998,117.20425166999996,0.3275049549549549,0.2238204339547405,2.0303438835098,-2.8421709430404014e-14,0.3729999999999999,11.21415794848438,10.997101037589315,0.0,0.3275049549549549,0.2170569108950619,1.973764814501
2024,MIN,0.25,0.228,0.089,0.048,0.384,0.716,0.439,0.439,0.376,0.387,0.279,0.409,0.546,0.387,0.384,0.2098793103448275,87.0,0.777,89.59835221421216,97.1,0.999,0.5466845528455285,0.107136,0.276864,0.3784868238557559,87.0,0.384,11.137137384403182,10.859749984193511,114.71505615615614,114.71505615615614,0.3275049549549549,0.2773874002096708,2.55427059198794,0.0,0.3843843843843844,11.126476207448455,10.85985245376994,0.0,0.3275049549549549,0.2666237536785161,2.4551323769224758
2024,MIL,0.238,0.167,0.092,0.073,0.43,0.761,0.43,0.447,0.456,0.373,0.255,0.414,0.574,0.373,0.43,0.2090942111237231,88.1,0.774,88.18818818818818,99.9,1.0,0.5742807017543858,0.10965,0.3203499999999999,0.3589664429530201,88.1,0.43,11.292802440733904,10.793388443241316,117.3762467,117.37624670000002,0.3275049549549549,0.4994139974925886,4.62703626501384,1.4210854715202004e-14,0.43,11.37779053489218,10.908578256541418,0.0,0.3275049549549549,0.4692122783507635,4.3013146838764005
2024,MIA,0.194,0.248,0.111,0.053,0.394,0.672,0.494,0.409,0.399,0.37,0.276,0.398,0.527,0.37,0.394,0.2102638105975197,88.7,0.818,92.2037422037422,96.2,1.0,0.5271056105610561,0.108744,0.285256,0.3593259668508287,88.7,0.394,11.297086984075406,10.954619448145722,113.07587762,114.11771183078066,0.3275049549549549,0.3424675359296838,3.126238547589644,1.0418342107806635,0.394,11.279958049304708,10.915388865700356,2.062538037157566,0.3275049549549549,0.3645691836043525,3.339955984068932
2024,MEM,0.238,0.222,0.071,0.04,0.428,0.652,0.397,0.409,0.359,0.346,0.244,0.351,0.502,0.346,0.428,0.1822306830907054,89.3,0.764,90.93686354378818,98.2,0.999,0.5021173380035027,0.104432,0.323568,0.3443862433862433,89.3,0.428,11.392714199500656,10.953381960230027,108.5220171871872,108.5220171871872,0.3275049549549549,0.4393322392706285,4.010927774323703,0.0,0.4284284284284285,11.450227297780962,10.987600561104408,-1.9828583219805292e-14,0.3275049549549549,0.4626267366765546,4.210443709741618
2024,LAL,0.259,0.221,0.097,0.065,0.358,0.769,0.451,0.428,0.365,0.377,0.248,0.388,0.567,0.377,0.358,0.2164139534883721,86.0,0.782,85.23290386521307,100.9,1.0,0.5671074766355142,0.088784,0.269216,0.3733723404255319,86.0,0.358,10.809071198381716,10.645637739723764,114.71094520000004,114.71094520000004,0.3275049549549549,0.163433458657952,1.5352152933788776,0.0,0.358,10.95856437505543,10.812049781399226,0.0,0.3275049549549549,0.1465145936562031,1.3551046898457877
2024,LAC,0.228,0.207,0.12,0.063,0.383,0.72,0.469,0.472,0.402,0.381,0.247,0.417,0.555,0.381,0.383,0.2113483146067415,89.0,0.825,91.56378600823044,97.2,1.001,0.555354368932039,0.094601,0.288399,0.3691912350597609,89.0,0.383,11.223014579723914,10.931502177349715,117.6908081918082,118.63270203757776,0.3275049549549549,0.291512402374197,2.666718605044194,0.9418938457695702,0.3826173826173826,11.23243421108851,10.949208518071227,0.9998158824499516,0.3275049549549549,0.2832256930172807,2.5867229813901997
2024,IND,0.259,0.22,0.094,0.047,0.38,0.718,0.493,0.505,0.497,0.374,0.234,0.405,0.589,0.374,0.38,0.1735868131868131,91.0,0.782,89.47885939036381,101.7,1.0,0.5891145161290322,0.08892,0.29108,0.3645300261096605,91.0,0.38,11.343029926633418,11.09456574967679,123.42548399999998,123.61035257509668,0.3275049549549549,0.2484641769566291,2.2395124114151788,0.1848685750967007,0.38,11.35571122483391,11.1128763496828,0.0,0.3275049549549549,0.2428348751511091,2.185166715708497
2024,HOU,0.237,0.215,0.084,0.066,0.397,0.675,0.437,0.455,0.407,0.352,0.171,0.395,0.53,0.352,0.397,0.1985532381997805,91.1,0.773,92.02020202020202,99.0,0.999,0.529920265780731,0.067887,0.329113,0.343130277442702,91.1,0.397,11.400290095338152,11.089574184953635,114.48816956956958,115.3940591327081,0.3275049549549549,0.310715910384518,2.801874131525261,0.9058895631385157,0.3973973973973974,11.420124818736632,11.096252970793714,0.6940957855396935,0.3275049549549549,0.3238718479429181,2.9187496787913547
2024,GSW,0.185,0.238,0.083,0.069,0.425,0.716,0.504,0.419,0.41,0.38,0.163,0.395,0.548,0.38,0.425,0.1709705561613958,91.7,0.78,92.43951612903226,99.2,1.0,0.5486591304347825,0.069275,0.3557249999999999,0.377078853046595,91.7,0.425,11.65103754865842,11.142802435936694,120.33016135,122.15960252133794,0.3275049549549549,0.5082351127217262,4.561106738127352,1.8294411713379477,0.425,11.591079666176114,11.104054072673172,2.8883373941542567,0.3275049549549549,0.4870255935029419,4.386016047071495
2024,DET,0.224,0.242,0.112,0.063,0.36,0.679,0.461,0.455,0.377,0.348,0.273,0.359,0.528,0.348,0.36,0.1933541430192963,88.1,0.785,88.27655310621243,99.8,1.001,0.5278767550702029,0.09828,0.26172,0.3438693259972489,88.1,0.36,11.037831675512296,10.869083773822595,110.31988494505492,111.65585443571054,0.3275049549549549,0.1687479016897022,1.5525494623209957,1.3359694906556143,0.3596403596403597,11.107274162953942,10.925908315729652,1.2708962227021297,0.3275049549549549,0.1813658472242902,1.6599612772073558
2024,DEN,0.265,0.209,0.09,0.083,0.352,0.688,0.487,0.457,0.464,0.374,0.238,0.384,0.562,0.374,0.352,0.1707213114754098,91.5,0.762,94.52479338842976,96.8,0.999,0.5622024729520866,0.0837759999999999,0.2682239999999999,0.3708766404199474,91.5,0.352,11.314580389966704,11.196011219933348,121.20832807807804,121.20832807807808,0.3275049549549549,0.1185691700333571,1.059030468121147,2.8421709430404014e-14,0.3523523523523522,11.277107767357286,11.1588772169858,0.0,0.3275049549549549,0.1182305503714857,1.0595201297807888
2024,DAL,0.222,0.175,0.098,0.064,0.441,0.747,0.47,0.451,0.404,0.369,0.274,0.362,0.569,0.369,0.441,0.1897117318435754,89.5,0.758,89.41058941058941,100.1,1.0,0.5691198568872987,0.120834,0.320166,0.3716418732782369,89.5,0.441,11.479307226801913,10.933814036464971,118.16317155,119.39384194187758,0.3275049549549549,0.5454931903369413,4.989047632579879,1.2306703918775952,0.441,11.532970338861338,10.998941663376472,0.4464567670237418,0.3275049549549549,0.5340286754848655,4.855273278364924
2024,CLE,0.276,0.19,0.073,0.039,0.422,0.686,0.448,0.457,0.416,0.367,0.239,0.376,0.561,0.367,0.422,0.1783856502242152,89.2,0.765,91.76954732510288,97.2,1.0,0.5606245674740484,0.1008579999999999,0.321142,0.364173455978975,89.2,0.422,11.429931138272302,11.37543527279095,116.82004856,116.82004856,0.4083643293951581,0.0544958654813516,0.4790661998816059,0.0,0.4219999999999999,11.410676905623964,11.32053633968461,0.0,0.3984474576252137,0.0901405659393539,0.796257025591296
2024,CHO,0.251,0.198,0.094,0.065,0.391,0.692,0.438,0.404,0.344,0.355,0.219,0.367,0.528,0.355,0.391,0.1665403587443946,89.2,0.786,91.67523124357658,97.3,0.999,0.5275526315789473,0.085629,0.305371,0.3516350832266324,89.2,0.391,11.20556533735262,10.910419001852953,112.1917776976977,112.1917776976977,0.3275049549549549,0.2951463354996679,2.705178741985459,0.0,0.3913913913913914,11.27466118043642,10.980395508897791,-1.9806378759312796e-14,0.3275049549549549,0.2942656715386267,2.6799186905441807
2024,CHI,0.266,0.181,0.106,0.089,0.358,0.642,0.465,0.481,0.404,0.358,0.275,0.385,0.532,0.358,0.358,0.1865240174672489,91.6,0.791,95.11941848390448,96.3,1.0,0.5325218068535825,0.09845,0.25955,0.3477586206896552,91.6,0.358,11.315527132429228,11.173947547391812,116.24353271999998,116.24353271999998,0.3275049549549549,0.1415795850374159,1.2670507395612596,0.0,0.358,11.302030069387476,11.15940547322569,0.0,0.3278942127355603,0.142624596161788,1.2780662599273906
2024,BRK,0.242,0.199,0.094,0.053,0.412,0.692,0.406,0.433,0.346,0.362,0.261,0.414,0.522,0.362,0.412,0.1770065645514223,91.4,0.756,94.32404540763672,96.9,1.0,0.5226156462585033,0.107532,0.3044679999999999,0.3436346414073072,91.4,0.412,11.470846876420582,11.074024677420123,115.12440551999998,115.12440551999998,0.3275049549549549,0.3968221990004572,3.583360255730472,0.0,0.4119999999999999,11.516563775122576,11.121896837333768,0.0,0.3275049549549549,0.3946669377888074,3.548557800536289
2024,BOS,0.212,0.181,0.083,0.053,0.471,0.745,0.478,0.454,0.418,0.388,0.204,0.441,0.575,0.388,0.471,0.1805016286644951,92.1,0.807,94.75308641975307,97.2,1.0,0.5752249527410208,0.0960839999999999,0.3749159999999999,0.3744170854271357,92.1,0.471,11.81852410918621,11.106641362753942,124.41097329,125.0022561942323,0.3275049549549549,0.7118827464322681,6.409523123881211,0.5912829042323153,0.4709999999999998,11.810709735508684,11.12419985991195,0.6716053849158226,0.3275049549549549,0.686509875596732,6.171319144226217
2024,ATL,0.247,0.194,0.104,0.047,0.408,0.649,0.437,0.477,0.471,0.364,0.26,0.38,0.535,0.364,0.408,0.2001200873362445,91.6,0.797,91.50849150849152,100.1,1.0,0.535179054054054,0.10608,0.3019199999999999,0.3583783783783784,91.6,0.408,11.550593639113192,11.187270870568817,116.97019551999998,116.97019551999998,0.3275049549549549,0.3633227685443767,3.247644333884825,0.0,0.4079999999999999,11.509334501452448,11.129642381401146,0.0,0.3275049549549549,0.3796921200513008,3.411539266399144
2023,ATL,0.25,0.186,0.133,0.091,0.331,0.696,0.44,0.486,0.439,0.352,0.262,0.364,0.548,0.352,0.331,0.1997755775577557,90.9,0.818,90.26812313803376,100.7,0.991,0.5461015151515152,0.086722,0.244278,0.3477398373983739,90.9,0.331,11.058687825011368,10.914662783726143,116.56445467204844,117.36487949420714,0.3076776606776605,0.1440250412852233,1.3195555752759214,0.8004248221587176,0.3340060544904137,11.159949978307376,11.009072739473364,0.6277655752717853,0.3076776606776605,0.1508772388340116,1.370480897024473
2023,BOS,0.21,0.192,0.063,0.048,0.48,0.732,0.466,0.463,0.39,0.377,0.223,0.403,0.567,0.377,0.48,0.1975135135135135,88.8,0.812,90.1522842639594,98.5,0.993,0.5674093567251463,0.10704,0.37296,0.3695379665379665,88.8,0.48,11.636194779983752,10.786202979045392,117.76846477341388,118.185280496864,0.3076776606776605,0.8499918009383602,7.880361630405619,0.4168157234501279,0.4833836858006042,11.655656155587932,10.814411749427776,0.1886800199291124,0.3076776606776605,0.8412444061601576,7.778919701339015
2023,BRK,0.222,0.177,0.122,0.082,0.397,0.701,0.459,0.489,0.494,0.378,0.243,0.392,0.559,0.378,0.397,0.2076477404403244,86.3,0.8,87.79247202441506,98.3,1.0,0.5589237147595356,0.096471,0.300529,0.3735059445178335,86.3,0.397,11.16860077382036,10.73266770712432,114.14903589,115.335625197605,0.3076776606776605,0.4359330666960375,4.061740087291299,1.1865893076050185,0.397,11.11611457800178,10.679533259838593,1.2937722232512825,0.3076776606776605,0.4365813181631868,4.088018713373853
2023,CHI,0.281,0.146,0.116,0.125,0.333,0.683,0.474,0.464,0.446,0.361,0.262,0.397,0.555,0.361,0.333,0.2034110218140069,87.1,0.809,88.42639593908629,98.5,1.001,0.5549416167664669,0.087246,0.245754,0.3482195121951219,87.1,0.333,10.864502957526206,10.744509501800753,113.5127922077922,113.5127922077922,0.3076776606776605,0.1199934557254529,1.116788585885109,0.0,0.3326673326673326,10.915827453729149,10.802048285900051,0.0,0.3087787106896899,0.1137791678290955,1.0533110463652795
2023,CHO,0.287,0.208,0.087,0.058,0.36,0.688,0.384,0.439,0.385,0.33,0.261,0.354,0.528,0.33,0.36,0.1952449438202247,89.0,0.749,88.2936507936508,100.8,1.0,0.5278921874999999,0.09396,0.26604,0.3215236806495264,89.0,0.36,10.961044378764752,10.75232752472695,109.71617399999998,109.71617399999997,0.3094618003458891,0.208716854037803,1.9411318485027529,-1.4210854715202004e-14,0.36,11.174390514324426,11.064347730271605,0.0,0.3341911390917649,0.1100427840528226,0.9945709113222234
2023,CLE,0.278,0.196,0.092,0.054,0.371,0.717,0.44,0.45,0.378,0.367,0.238,0.367,0.559,0.367,0.371,0.2062883087400681,88.1,0.78,92.05851619644724,95.7,0.991,0.5602870967741934,0.088298,0.282702,0.367,88.1,0.371,11.075902404534492,10.8216197458896,115.67940718466194,115.67940718466194,0.3168487963154359,0.2542826586448914,2.349765234926826,0.0,0.3743693239152371,11.140568593660587,10.947062365923877,0.0,0.3295110428872592,0.1935062277367123,1.7676543831435687
2023,DAL,0.218,0.169,0.08,0.046,0.487,0.708,0.499,0.47,0.396,0.371,0.271,0.403,0.574,0.371,0.487,0.2250986078886311,86.2,0.755,89.23395445134577,96.6,1.0,0.5740565302144249,0.131977,0.355023,0.3591042524005487,86.2,0.487,11.526986226443944,10.705046278900468,114.13261866,114.13261866,0.3076776606776605,0.8219399475434788,7.678060665309916,0.0,0.487,11.51613854320595,10.695153674022285,0.0,0.3076776606776605,0.8209848691836648,7.676232564827701
2023,DEN,0.258,0.213,0.083,0.077,0.361,0.758,0.477,0.401,0.421,0.379,0.251,0.407,0.575,0.379,0.361,0.1941651480637813,87.8,0.751,89.50050968399593,98.1,0.992,0.5750633914421553,0.090611,0.270389,0.3696168224299065,87.8,0.361,11.011690356279312,10.715870144261798,118.1593724798387,118.1593724798387,0.3076776606776605,0.2958202120175137,2.760580410503777,0.0,0.3639112903225805,11.099982542769146,10.833634138168833,0.0,0.3076776606776605,0.266348404600313,2.458532392763013
2023,DET,0.217,0.224,0.111,0.068,0.372,0.677,0.431,0.432,0.413,0.351,0.264,0.372,0.516,0.351,0.372,0.2275949656750572,87.4,0.771,88.28282828282828,99.0,0.992,0.5153048387096774,0.098208,0.273792,0.3434673913043478,87.4,0.372,11.07418243398079,10.75147172179872,108.26837112903227,110.2349938936631,0.3076776606776605,0.3227107121820705,3.0015491881708822,1.9666227646308272,0.375,11.115935378468828,10.771896566485228,1.5962149232187133,0.3076776606776605,0.3440388119836015,3.193855509660337
2023,GSW,0.177,0.21,0.069,0.065,0.479,0.71,0.54,0.407,0.413,0.385,0.199,0.395,0.564,0.385,0.479,0.1777477272727272,88.0,0.794,86.61417322834646,101.6,1.0,0.5642955854126679,0.095321,0.3836789999999999,0.3825156054931335,88.0,0.479,11.658571804429872,10.815940650499286,117.4582728,117.78699529946044,0.3076776606776605,0.8426311539305864,7.790641435256851,0.3287224994604543,0.479,11.598603841713588,10.762030426473416,2.415324263301038,0.3076776606776605,0.8365734152401725,7.773379019467308
2023,HOU,0.259,0.262,0.07,0.049,0.359,0.678,0.436,0.448,0.366,0.327,0.173,0.361,0.53,0.327,0.359,0.2150671140939597,89.4,0.754,90.3030303030303,99.0,0.999,0.5298875000000001,0.0621069999999999,0.2968929999999999,0.3198875453446191,89.4,0.359,11.024718877793504,10.790175870538938,110.15590582582584,110.39674793620536,0.3076776606776605,0.2345430072545671,2.1736717739231137,0.2408421103795319,0.3593593593593592,11.172468228266188,10.928550470569308,0.0,0.3076776606776605,0.2439177576968791,2.231931474844284
2023,IND,0.266,0.189,0.08,0.045,0.413,0.679,0.425,0.414,0.402,0.367,0.224,0.386,0.54,0.367,0.413,0.2093544733861835,88.3,0.79,87.33926805143423,101.1,0.993,0.5381879310344827,0.092512,0.320488,0.3615154639175257,88.3,0.413,11.322980869288443,11.007421109459845,113.37022847935546,113.37022847935545,0.3441190388833498,0.3155597598286004,2.866791019355164,-1.4210854715202004e-14,0.4159113796576032,11.323221097649856,10.951745075110557,0.0,0.3312559113746821,0.3714760225392997,3.3919345272520385
2023,LAC,0.221,0.19,0.11,0.092,0.387,0.692,0.475,0.45,0.408,0.381,0.249,0.406,0.539,0.381,0.387,0.2167454128440367,87.2,0.781,88.9795918367347,98.0,1.0,0.5386916802610114,0.096363,0.290637,0.372711051930759,87.2,0.387,11.205782839109776,10.808866508612292,113.51855576,114.60780841896695,0.3076776606776605,0.3969163304974827,3.672136483332711,1.0892526589669558,0.387,11.134744274387616,10.74545546326267,1.7003834429764728,0.3076776606776605,0.3892888111249455,3.622822805937576
2023,LAL,0.261,0.214,0.095,0.079,0.351,0.728,0.46,0.425,0.397,0.346,0.238,0.369,0.555,0.346,0.351,0.2316091954022988,87.0,0.775,85.88351431391905,101.3,1.0,0.5549861325115564,0.0835379999999999,0.267462,0.3388162729658792,87.0,0.351,10.827192800015371,10.610057715270235,111.8745963,112.19743928295682,0.3076776606776605,0.2171350847451361,2.0465023902050072,0.3228429829568142,0.351,10.990634253755518,10.779340016388227,0.0977499222336688,0.3076776606776605,0.211294237367289,1.960177868459945
2023,MEM,0.273,0.224,0.099,0.033,0.372,0.688,0.446,0.447,0.386,0.351,0.245,0.376,0.548,0.351,0.372,0.1901269315673289,90.6,0.733,89.61424332344214,101.1,1.001,0.5480429252782195,0.09114,0.28086,0.342887417218543,90.6,0.372,11.258307181837749,10.971654828374366,115.97153892107892,115.9715389210789,0.3076776606776605,0.2866523534633813,2.6126628840168697,-2.8421709430404014e-14,0.3716283716283716,11.330147812738508,11.081090017152574,0.0,0.3166835812173176,0.2490577955859336,2.247592928136255
2023,MIA,0.196,0.217,0.12,0.052,0.408,0.683,0.48,0.471,0.411,0.344,0.26,0.367,0.54,0.344,0.408,0.223803409090909,88.0,0.831,91.38110072689511,96.3,0.993,0.5400341880341879,0.10608,0.3019199999999999,0.3359189189189189,88.0,0.408,11.20785924556091,10.721153715888532,110.6973623363545,112.85564241222002,0.3076776606776605,0.4867055296723777,4.539674950757311,2.15828007586552,0.4108761329305135,11.291958680401818,10.754767088670215,2.0072241270703337,0.3076776606776605,0.5371915917316006,4.994916089791612
2023,MIL,0.236,0.156,0.091,0.071,0.446,0.724,0.443,0.429,0.417,0.368,0.23,0.379,0.557,0.368,0.446,0.1840840807174888,89.2,0.743,88.75621890547264,100.5,1.0,0.5570722021660649,0.10258,0.34342,0.3647142857142856,89.2,0.446,11.50716892575804,10.859799932541524,116.41629367999998,116.79255580781856,0.3076776606776605,0.6473689932165172,5.961150271992288,0.3762621278185776,0.446,11.52731474671537,10.894300424109304,0.1281945276025902,0.3076776606776605,0.6330143226060656,5.810509146646914
2023,MIN,0.285,0.208,0.075,0.051,0.381,0.723,0.439,0.451,0.399,0.365,0.241,0.395,0.568,0.365,0.381,0.204790454016298,85.9,0.755,85.04950495049505,101.0,1.0,0.5679176090468497,0.091821,0.289179,0.3554743083003952,85.9,0.381,10.96255856666219,10.766072022029292,113.36041751,113.36041751,0.3344616992277349,0.1964865446328989,1.825053224898121,0.0,0.381,11.047895299097949,10.883447988800269,-1.907363156306019e-14,0.3409765760759269,0.16444731029768,1.5109854015648905
2023,NOP,0.255,0.23,0.099,0.065,0.344,0.698,0.444,0.484,0.343,0.364,0.227,0.364,0.541,0.364,0.344,0.2208812785388128,87.6,0.793,88.39556004036328,99.1,0.993,0.5397858243451463,0.0780879999999999,0.265912,0.3639999999999999,87.6,0.344,10.94435384947313,10.735064226157869,112.59727311178246,112.59727311178246,0.3076776606776605,0.2092896233152625,1.949588925656287,0.0,0.3464249748237663,11.003609388113029,10.805668679699991,0.0920055905803136,0.3076776606776605,0.1979407084130358,1.831822854099685
2023,NYK,0.266,0.196,0.096,0.043,0.4,0.679,0.46,0.424,0.404,0.354,0.272,0.382,0.547,0.354,0.4,0.2164696802646086,90.7,0.761,93.40885684860967,97.1,1.001,0.547171381031614,0.1088,0.2912,0.3435384615384615,90.7,0.4,11.388897181365076,10.97714893621471,116.06902558441558,116.06902558441558,0.3076776606776605,0.4117482451503651,3.750957990484816,0.0,0.3996003996003995,11.420141409206176,11.075318531891206,-2.013944566670034e-14,0.3233139560571911,0.3448228773149697,3.1134353050167984
2023,OKC,0.276,0.217,0.096,0.043,0.369,0.658,0.413,0.469,0.424,0.356,0.203,0.4,0.53,0.356,0.369,0.2075958149779736,90.8,0.809,89.81206726013848,101.1,1.001,0.5292484177215191,0.074907,0.294093,0.344792973651192,90.8,0.369,11.24704637413424,10.978347669725247,114.60278913086913,114.60278913086913,0.3076776606776605,0.2686987044089921,2.447533203470842,0.0,0.3686313686313686,11.286685639563276,11.031465043720225,0.0,0.3125854661774941,0.2552205958430509,2.313569365732948
2023,ORL,0.249,0.221,0.094,0.076,0.361,0.713,0.44,0.427,0.398,0.346,0.213,0.415,0.539,0.346,0.361,0.2268518518518518,86.4,0.784,87.00906344410876,99.3,1.001,0.5393171875000001,0.0768929999999999,0.284107,0.3273252858958068,86.4,0.361,10.837904373767518,10.581633191469884,109.26192335664336,110.24489741975825,0.3076776606776605,0.2562711822976347,2.421849044098612,0.9829740631148808,0.3606393606393606,10.979379321792203,10.72186421224208,0.5160180619460548,0.3076776606776605,0.2575151095501251,2.401775516389182
2023,PHI,0.251,0.191,0.109,0.054,0.389,0.697,0.429,0.463,0.472,0.387,0.256,0.402,0.551,0.387,0.389,0.2497196261682243,85.6,0.835,88.33849329205366,96.9,0.994,0.5501504132231404,0.099584,0.289416,0.3818387096774193,85.6,0.389,11.074997448809654,10.67632238600584,113.23470269617702,113.23470269617702,0.3076776606776605,0.3986750628038127,3.734198428912028,0.0,0.3913480885311871,11.042455897613705,10.645494812323513,1.9007018181582682e-14,0.3076776606776605,0.3969610852901919,3.728911546982849
2023,PHO,0.194,0.203,0.159,0.083,0.362,0.693,0.442,0.46,0.424,0.374,0.291,0.421,0.52,0.374,0.362,0.1910843373493976,91.3,0.793,92.9735234215886,98.2,1.001,0.5203442879499218,0.1053419999999999,0.256658,0.3547094499294781,91.3,0.362,11.323520172203946,11.008155208659174,116.01120692307693,118.59663449507514,0.3076776606776605,0.3153649635447717,2.8648302787073865,2.585427571998224,0.3616383616383616,11.31602484560892,10.996802279649492,2.874380774865057,0.3076776606776605,0.3192225659594285,2.902867195768155
2023,POR,0.288,0.161,0.069,0.062,0.413,0.673,0.434,0.437,0.414,0.365,0.204,0.362,0.55,0.365,0.413,0.2294027777777777,86.4,0.796,87.6267748478702,98.6,0.993,0.5508948275862068,0.084252,0.328748,0.3657688442211054,86.4,0.413,11.198311349679177,11.15658888094573,111.99768362537765,111.99768362537765,0.4054356871613517,0.0417224687334467,0.3739715533007004,1.4210854715202004e-14,0.4159113796576032,11.193263739036638,11.01890103826494,0.0,0.3701441411742363,0.174362700771697,1.5823964673627122
2023,SAC,0.243,0.199,0.08,0.05,0.423,0.741,0.488,0.438,0.45,0.369,0.226,0.397,0.586,0.369,0.423,0.2244215349369989,87.3,0.79,87.03888334995015,100.3,0.995,0.5851660839160839,0.095598,0.327402,0.3608242894056847,87.3,0.423,11.241669477369973,10.684991907854576,116.99579252261304,117.22371185692852,0.3076776606776605,0.5566775695153954,5.209901648181692,0.2279193343154872,0.4251256281407035,11.297845203097104,10.757622737150372,0.0,0.3076776606776605,0.5402224659467318,5.021764372542337
2023,SAS,0.258,0.23,0.112,0.053,0.348,0.679,0.442,0.412,0.425,0.345,0.216,0.367,0.529,0.345,0.348,0.1703222591362126,90.3,0.743,88.87795275590551,101.6,1.001,0.529113323124043,0.075168,0.272832,0.338938775510204,90.3,0.348,11.122366973224594,10.932199021037215,113.01568216783215,113.64547364323072,0.3076776606776605,0.1901679521873767,1.7395214981124063,0.6297914753985623,0.3476523476523477,11.202886434028407,10.999502081294883,0.0,0.3076776606776605,0.2033843527335239,1.849032358286351
2023,TOR,0.243,0.22,0.095,0.084,0.351,0.694,0.445,0.406,0.379,0.335,0.264,0.363,0.525,0.335,0.351,0.2012406417112299,93.5,0.784,96.29248197734294,97.1,0.993,0.5248411214953272,0.092664,0.2583359999999999,0.3249565217391305,93.5,0.351,11.23461599224216,10.995358906400677,115.46730241691846,116.38001681274103,0.3076776606776605,0.2392570858414835,2.175982502055529,0.91271439582259,0.3534743202416918,11.399826525866676,11.158370859326595,0.7834494931033149,0.3076776606776605,0.2414556665400784,2.163897127852321
2023,UTA,0.204,0.266,0.073,0.036,0.421,0.708,0.497,0.438,0.439,0.353,0.22,0.413,0.56,0.353,0.421,0.2088918918918919,88.8,0.786,88.35820895522389,100.5,1.0,0.5602970639032815,0.09262,0.32838,0.336076923076923,88.8,0.421,11.33045756772236,10.787654874372176,114.69948791999995,116.22695046117953,0.3076776606776605,0.5428026933501844,5.031702438309371,1.5274625411795455,0.421,11.390600888930406,10.818165738251189,0.4662035219348169,0.3076776606776605,0.5724351506792189,5.291425224289048
2023,WAS,0.211,0.244,0.107,0.073,0.365,0.76,0.47,0.46,0.42,0.356,0.215,0.399,0.559,0.356,0.365,0.2027246871444823,87.9,0.785,89.14807302231237,98.6,1.0,0.5589291338582678,0.078475,0.286525,0.3442229299363057,87.9,0.365,10.969977718069924,10.632418453497948,114.27206565000004,117.40238478902631,0.3076776606776605,0.3375592645719774,3.174811695460722,3.130319139026284,0.365,11.097297576417112,10.790789080946734,2.0419959985213123,0.3076776606776605,0.3065084954703785,2.8404641511488693
2022,ATL,0.242,0.162,0.109,0.089,0.39,0.668,0.441,0.442,0.431,0.374,0.219,0.43,0.531,0.374,0.39,0.2050232558139535,90.3,0.812,92.4257932446264,97.7,0.992,0.530955149501661,0.08541,0.30459,0.3582970550576184,90.3,0.39,11.389267276915318,11.041093664661137,115.963824375,117.07545334968756,0.3188679999999999,0.3481736122541825,3.153434096556662,1.111628974687548,0.3931451612903226,11.32895831923646,10.970630278186242,1.169064354946329,0.3188679999999999,0.3583280410502194,3.2662484466613684
2022,BOS,0.216,0.199,0.081,0.072,0.425,0.739,0.45,0.417,0.397,0.356,0.229,0.39,0.547,0.356,0.425,0.1951106145251396,89.5,0.816,92.65010351966876,96.6,0.993,0.5484771126760563,0.097325,0.327675,0.3459014267185473,89.5,0.425,11.324665692250855,10.777406129698832,114.6619741188318,117.211550008256,0.3188679999999999,0.5472595625520249,5.077841142535822,2.5495758894242044,0.4279959718026183,11.429962819856962,10.899216986603154,1.981722156256521,0.3188679999999999,0.5307458332538086,4.869577639441247
2022,BRK,0.242,0.165,0.134,0.093,0.359,0.659,0.448,0.475,0.48,0.361,0.229,0.394,0.538,0.361,0.359,0.1980842696629213,89.0,0.805,89.8989898989899,99.0,0.993,0.5389400630914827,0.082211,0.276789,0.3511984435797665,89.0,0.359,11.163143932424452,10.956901835554362,113.9469778449144,115.01504550588564,0.3188679999999999,0.2062420968700902,1.8823030448337883,1.0680676609712665,0.3615307150050352,11.1287903796829,10.906563094885458,1.2144630740503606,0.3188679999999999,0.2222272847974427,2.037555578820749
2022,CHI,0.259,0.151,0.127,0.131,0.332,0.677,0.452,0.45,0.435,0.369,0.273,0.418,0.535,0.369,0.332,0.2018673469387754,88.2,0.813,89.72533062054934,98.3,1.0,0.5355239520958084,0.090636,0.241364,0.3505997248968363,88.2,0.332,10.958440696668696,10.876778547269591,113.36617656,114.62748111864,0.3188679999999999,0.0816621493991061,0.7507935281040101,1.2613045586399778,0.3319999999999999,10.969640929622797,10.884075434796404,0.9190218773603392,0.3188679999999999,0.0855654948263939,0.786153085202268
2022,CHO,0.29,0.177,0.069,0.047,0.418,0.69,0.385,0.402,0.419,0.365,0.287,0.372,0.542,0.365,0.418,0.1733480662983425,90.5,0.74,90.5,100.0,1.001,0.5414682675814749,0.1199659999999999,0.298034,0.3621823281907433,90.5,0.418,11.453824800908086,11.273849448527567,116.3085477022977,116.3085477022977,0.3760828761253456,0.1799753523805183,1.5963966274538557,0.0,0.4175824175824175,11.492847103180738,11.279361999753776,2.009503674571533e-14,0.3663934312360252,0.2134851034269616,1.8927054866367587
2022,CLE,0.279,0.18,0.09,0.055,0.387,0.697,0.406,0.426,0.391,0.355,0.233,0.334,0.541,0.355,0.387,0.1982232346241458,87.8,0.76,91.36316337148804,96.1,0.991,0.5420331125827813,0.090171,0.296829,0.3613794002607561,87.8,0.387,11.113608045325003,10.815750212007064,111.98456758829464,111.98456758829464,0.3227457365124069,0.2978578333179396,2.753926703921783,0.0,0.3905146316851665,11.1714760507079,10.87829746593267,0.0,0.3218301746034673,0.2931785847752302,2.6950778436917178
2022,DAL,0.206,0.176,0.108,0.071,0.439,0.736,0.45,0.452,0.395,0.35,0.262,0.398,0.548,0.35,0.439,0.1925331833520809,88.9,0.771,93.18658280922432,95.4,1.0,0.5484438502673797,0.115018,0.323982,0.3329593495934959,88.9,0.439,11.352481247474438,10.760114150393555,113.10036689,116.1529893593044,0.3188679999999999,0.5923670970808814,5.50521201542471,3.052622469304396,0.439,11.44649166544667,10.872347762742493,2.322167472147055,0.3188679999999999,0.5741439027041775,5.2807720580063
2022,DEN,0.236,0.204,0.073,0.071,0.416,0.744,0.48,0.439,0.427,0.353,0.265,0.384,0.575,0.353,0.416,0.1939908779931584,87.7,0.795,89.67280163599182,97.8,0.9999999999999998,0.5751164383561644,0.11024,0.30576,0.3418231292517006,87.7,0.416,11.156008081736196,10.680676439620356,114.85002568000002,116.60538770538692,0.3188679999999999,0.4753316421158384,4.450388931852456,1.7553620253869155,0.416,11.269943376014,10.810326464969624,0.9728548338924294,0.3188679999999999,0.4596169110443764,4.2516469094041165
2022,DET,0.247,0.209,0.081,0.073,0.391,0.645,0.422,0.354,0.376,0.326,0.267,0.361,0.498,0.326,0.391,0.1946272321428571,89.6,0.782,91.05691056910568,98.4,1.001,0.4977622950819673,0.104397,0.286603,0.3132510231923602,89.6,0.391,11.145403335840596,10.821907845190166,106.4003311888112,107.01232177837898,0.3188679999999999,0.3234954906504299,2.989264880814968,0.6119905895677817,0.3906093906093906,11.290235842325297,10.945190432419988,0.8342876801539063,0.3188679999999999,0.3450454099053068,3.1524842992523228
2022,GSW,0.205,0.201,0.07,0.068,0.456,0.711,0.51,0.408,0.382,0.364,0.215,0.339,0.557,0.364,0.456,0.180837899543379,87.6,0.769,89.02439024390243,98.4,1.0,0.5566194852941175,0.09804,0.35796,0.3708471337579618,87.6,0.456,11.446410351308202,10.782520254036209,113.74407984,114.88518862359132,0.3188679999999999,0.6638900972719934,6.157095758976028,1.141108783591335,0.456,11.43363505065166,10.79542091364046,2.26114272861344,0.3188679999999999,0.6382141370111984,5.9118967395221045
2022,HOU,0.299,0.181,0.038,0.034,0.448,0.689,0.384,0.322,0.347,0.349,0.173,0.35,0.543,0.349,0.448,0.2022813599062133,85.3,0.713,84.53914767096134,100.9,1.0,0.5426612318840578,0.0775039999999999,0.370496,0.3487908101571946,85.3,0.448,11.173692559621506,11.164770400551406,107.77904075999996,107.77904075999996,0.4455095313707303,0.0089221590700994,0.0799135024725616,0.0,0.4479999999999999,11.278204154187318,11.035365334020463,0.0,0.381395334254767,0.2428388201668525,2.200550800236889
2022,IND,0.262,0.175,0.092,0.068,0.395,0.675,0.46,0.417,0.4,0.344,0.249,0.378,0.541,0.344,0.395,0.183504424778761,90.4,0.768,92.24489795918367,98.0,0.992,0.5408944723618091,0.098355,0.296645,0.3327270306258322,90.4,0.395,11.315538717068378,10.960732899884608,113.9340816935484,114.1598896986968,0.3188679999999999,0.3548058171837702,3.23706289008745,0.2258080051483944,0.3981854838709677,11.36534118731905,11.00257930082335,0.1180255995420433,0.3188679999999999,0.3627618864957007,3.297062230385883
2022,LAC,0.206,0.181,0.117,0.099,0.391,0.694,0.447,0.436,0.348,0.374,0.212,0.413,0.512,0.374,0.391,0.1777105855855855,88.8,0.793,90.6122448979592,98.0,0.994,0.5129933665008292,0.082892,0.308108,0.363507614213198,88.8,0.391,11.271833618954044,10.88564337202001,112.1023260362173,114.6295711148686,0.3188679999999999,0.386190246934035,3.5477025448645616,2.5272450786512906,0.3933601609657947,11.239023320515908,10.864191830906096,3.108633123428461,0.3188679999999999,0.3748314896098108,3.450155294050528
2022,LAL,0.273,0.162,0.086,0.083,0.388,0.709,0.42,0.412,0.392,0.347,0.226,0.37,0.546,0.347,0.388,0.1894982817869416,87.3,0.732,87.21278721278722,100.1,0.992,0.5456374172185432,0.087688,0.300312,0.3402842377260981,87.3,0.388,11.05684176567877,10.736846445299062,110.906272016129,111.01044738596929,0.3188679999999999,0.319995320379709,2.9803473674508307,0.1041753698402772,0.3911290322580645,11.165498287379204,10.851575372171675,0.0,0.3188679999999999,0.3139229152075256,2.8928787244344667
2022,MEM,0.26,0.233,0.11,0.045,0.346,0.676,0.425,0.409,0.383,0.353,0.225,0.366,0.519,0.353,0.346,0.1803632478632478,93.6,0.734,93.32003988035892,100.3,0.994,0.5200771604938272,0.07785,0.26815,0.3492258064516128,93.6,0.346,11.352846680322052,11.198356210086017,116.82161384305832,117.55776369590708,0.3188679999999999,0.1544904702360359,1.3795816755399537,0.7361498528487402,0.3480885311871227,11.403359184842165,11.244266669581387,0.2230599553179468,0.3188679999999999,0.1590925152607756,1.4148767539564178
2022,MIA,0.22,0.18,0.104,0.065,0.422,0.697,0.437,0.44,0.385,0.379,0.293,0.419,0.531,0.379,0.422,0.2038447488584475,87.6,0.808,91.3451511991658,95.9,0.991,0.5321353251318103,0.1236459999999999,0.298354,0.3624229137199434,87.6,0.422,11.34421978948725,10.812612438341626,113.17470066599392,113.91324083977796,0.3188679999999999,0.5316073511456239,4.916548652576691,0.7385401737840454,0.4258324924318869,11.315735165413026,10.795025457673404,1.3660223796048192,0.3188679999999999,0.5207097077396217,4.823607964439636
2022,MIL,0.234,0.159,0.102,0.069,0.43,0.715,0.422,0.445,0.393,0.366,0.236,0.395,0.544,0.366,0.43,0.1994433221099887,89.1,0.776,89.18918918918918,99.9,0.994,0.5441755319148935,0.1014799999999999,0.32852,0.357041884816754,89.1,0.43,11.413155080332308,10.865719268190944,114.83441058350098,115.62942286117128,0.3188679999999999,0.547435812141364,5.038192121749052,0.7950122776702955,0.4325955734406438,11.426456904590882,10.900192149606566,0.9640703322368522,0.3188679999999999,0.5262647549843162,4.82803190770642
2022,MIN,0.264,0.171,0.058,0.046,0.454,0.675,0.417,0.424,0.359,0.358,0.22,0.395,0.54,0.358,0.454,0.197752508361204,89.7,0.778,88.89990089197225,100.9,0.993,0.5391706864564006,0.09988,0.35412,0.3475641025641026,89.7,0.454,11.55247446839422,11.010021771873,114.0247339879154,114.0247339879154,0.330789461167748,0.5424526965212202,4.926899399118434,0.0,0.4572004028197381,11.573020437698212,11.047254350695708,1.9917401061775312e-14,0.3363798545911706,0.5257660870025056,4.759246689829277
2022,NOP,0.262,0.188,0.099,0.079,0.365,0.666,0.429,0.459,0.395,0.332,0.237,0.372,0.528,0.332,0.365,0.2084150943396227,90.1,0.789,92.6954732510288,97.2,0.993,0.5283280254777071,0.086505,0.278495,0.3195753604193971,90.1,0.365,11.108672096670924,10.889128568591977,111.23470165156093,111.77280852841984,0.3188679999999999,0.2195435280789475,2.016171695430136,0.5381068768589188,0.3675730110775427,11.219522757062345,10.988102528568133,0.6180081218850503,0.3188679999999999,0.2314202284942137,2.106098190224759
2022,NYK,0.253,0.158,0.086,0.074,0.428,0.654,0.374,0.376,0.361,0.357,0.219,0.392,0.497,0.357,0.428,0.2080536912751678,89.4,0.744,93.22210636079248,95.9,0.999,0.4966795096322242,0.093732,0.334268,0.3471856594110114,89.4,0.428,11.427026637587591,10.9507089054736,109.35176222222222,109.35176222222222,0.3208580763048048,0.4763177321139924,4.349652029156848,0.0,0.4284284284284284,11.431184132150111,10.944979717493323,0.4051435417251692,0.3188679999999999,0.4862044146567861,4.442259622278577
2022,OKC,0.201,0.26,0.072,0.041,0.419,0.644,0.444,0.424,0.367,0.323,0.205,0.347,0.507,0.323,0.419,0.169027808676307,89.9,0.756,91.1764705882353,98.6,0.993,0.506026132404181,0.0858949999999999,0.333105,0.3168113207547169,89.9,0.419,11.343397860637626,10.896154715386109,107.05532819738168,109.09222742850642,0.3188679999999999,0.4472431452515177,4.1045961344508,2.0368992311247496,0.4219536757301108,11.448990429877345,10.938737273389847,1.7655497988616646,0.3188679999999999,0.5102531564874973,4.664644041947752
2022,ORL,0.223,0.227,0.069,0.063,0.417,0.67,0.425,0.42,0.329,0.331,0.212,0.385,0.507,0.331,0.417,0.1751853107344632,88.5,0.787,89.21370967741935,99.2,0.999,0.5078900343642612,0.088404,0.328596,0.3164720812182741,88.5,0.417,11.184468657178346,10.741030417764682,106.50837687687688,108.06973378586495,0.3188679999999999,0.4434382394136644,4.128451574629732,1.5613569089880883,0.4174174174174174,11.325729408195068,10.854954187800828,1.5311590209947128,0.3188679999999999,0.4707752203942394,4.336961835576547
2022,PHI,0.24,0.194,0.119,0.071,0.376,0.702,0.414,0.417,0.431,0.364,0.244,0.394,0.527,0.364,0.376,0.2313470790378007,87.3,0.821,90.74844074844074,96.2,1.0,0.5272756410256411,0.0917439999999999,0.284256,0.3543174603174603,87.3,0.376,11.02618134106118,10.740452700118173,110.72559312,112.5330592610944,0.3188679999999999,0.285728640943006,2.660303517186602,1.8074661410944088,0.376,11.078263802960842,10.789629170409366,1.274006981794048,0.3188679999999999,0.2886346325514761,2.675111702106125
2022,PHO,0.184,0.219,0.147,0.087,0.354,0.709,0.506,0.497,0.426,0.364,0.257,0.39,0.551,0.364,0.354,0.1760299667036626,90.1,0.797,90.28056112224448,99.8,0.991,0.5516342229199371,0.090978,0.263022,0.3550067294751009,90.1,0.354,11.201770169528777,10.949169901854209,117.13671885973764,120.72758757931354,0.3188679999999999,0.2526002676745662,2.3070266507764225,3.5908687195759086,0.3572149344096872,11.207186896831322,10.956256149193358,4.055583919593526,0.3188679999999999,0.2509307476379643,2.29029646825516
2022,POR,0.255,0.172,0.073,0.07,0.422,0.629,0.424,0.425,0.404,0.346,0.207,0.368,0.513,0.346,0.422,0.1882805429864253,88.4,0.76,89.92878942014242,98.3,0.992,0.5133824561403509,0.0873539999999999,0.334646,0.3402572509457754,88.4,0.422,11.369628708935869,10.9212142002641,108.57974169354836,108.74118816798163,0.3188679999999999,0.4484145086717657,4.1059034320645615,0.1614464744332622,0.4254032258064516,11.347201782665236,10.877505309900442,0.2581021325865427,0.3188679999999999,0.4696964727647934,4.318053261139632
2022,SAC,0.23,0.217,0.098,0.071,0.377,0.7,0.434,0.425,0.422,0.344,0.215,0.386,0.53,0.344,0.377,0.2031653363740022,87.7,0.768,87.87575150300601,99.8,0.993,0.5305032467532468,0.081055,0.295945,0.3324968152866241,87.7,0.377,11.045810830694933,10.75850044405483,109.57909218529709,112.16726068260562,0.3188679999999999,0.287310386640101,2.670543056944985,2.58816849730853,0.3796576032225578,11.125537166659774,10.8301317905912,1.854719612104068,0.3188679999999999,0.2954053760685724,2.727624942895046
2022,SAS,0.236,0.226,0.124,0.069,0.345,0.674,0.455,0.441,0.413,0.352,0.23,0.368,0.527,0.352,0.345,0.1661910966340934,92.1,0.754,92.1,100.0,1.0,0.5268320610687023,0.07935,0.26565,0.3472207792207792,92.1,0.345,11.267069878739834,11.121220098424606,115.68086955,117.62133933957972,0.3188679999999999,0.1458497803152276,1.3114548495977374,1.9404697895797227,0.345,11.28285781945628,11.130495527552338,1.924245373549374,0.3188679999999999,0.1523622919039411,1.3688724956295584
2022,TOR,0.221,0.205,0.096,0.093,0.375,0.654,0.438,0.429,0.366,0.349,0.238,0.401,0.503,0.349,0.375,0.1770731707317073,94.3,0.759,98.22916666666669,96.0,0.99,0.5033268292682926,0.08925,0.28575,0.332758530183727,94.3,0.375,11.522367694544728,11.231988929951154,115.18473530303028,117.16722105600408,0.3188679999999999,0.2903787645935747,2.5852835718102707,1.9824857529738007,0.3787878787878788,11.529994499290414,11.225149678109483,2.624397051654089,0.3188679999999999,0.3048448211809287,2.7157305686125177
2022,UTA,0.203,0.235,0.066,0.029,0.468,0.729,0.481,0.458,0.396,0.36,0.242,0.383,0.568,0.36,0.468,0.208,88.5,0.767,91.14315139031926,97.1,1.001,0.567981238273921,0.113256,0.354744,0.3526569920844327,88.5,0.468,11.52895169247145,10.807902285316278,115.4039557942058,117.19357159024749,0.3188679999999999,0.7210494071551725,6.671501907773503,1.7896157960416872,0.4675324675324676,11.553449311325211,10.83958501901919,0.9646254844939378,0.3188679999999999,0.7138642923060221,6.585716068036485
2022,WAS,0.225,0.22,0.106,0.085,0.356,0.725,0.455,0.429,0.425,0.342,0.244,0.396,0.543,0.342,0.356,0.1975295454545454,88.0,0.783,90.72164948453609,97.0,0.992,0.5421761006289308,0.086864,0.269136,0.3245714285714286,88.0,0.356,10.926430918007526,10.702092419036658,111.24459677419355,114.26391821302856,0.3188679999999999,0.2243384989708676,2.096211564869499,3.0193214388350214,0.3588709677419355,11.060694980760838,10.846422078387848,2.299115383401297,0.3188679999999999,0.2142729023729899,1.9755169107787296
2021,ATL,0.26,0.178,0.119,0.061,0.382,0.656,0.415,0.454,0.443,0.373,0.207,0.4,0.526,0.373,0.382,0.2258603603603603,88.8,0.812,90.98360655737706,97.6,1.0,0.5266650485436895,0.0790739999999999,0.302926,0.3659520807061791,88.8,0.382,11.25538013506583,10.849713230203722,113.46489264000002,114.37512079465694,0.2985193875193874,0.4056669048621071,3.7389643049071664,0.9102281546569202,0.3819999999999999,11.176302584492111,10.766825226250052,1.5047219503193143,0.2985193875193874,0.4094773582420608,3.8031392693524513
2021,BOS,0.218,0.208,0.094,0.071,0.409,0.693,0.453,0.412,0.414,0.374,0.191,0.393,0.53,0.374,0.409,0.1808333333333333,90.0,0.775,91.55645981688708,98.3,1.0,0.5303214890016921,0.078119,0.330881,0.3695142150803461,90.0,0.409,11.45376382491648,10.8904122332455,115.511139,118.52691084527883,0.2985193875193874,0.5633515916709797,5.172913381104327,3.0157718452788487,0.409,11.360445220278889,10.821515970258645,3.735544347636135,0.2985193875193874,0.538929250020244,4.980164068522486
2021,BRK,0.271,0.164,0.097,0.055,0.413,0.693,0.443,0.48,0.45,0.392,0.22,0.408,0.565,0.392,0.413,0.2076923076923077,87.1,0.804,87.53768844221105,99.5,1.0,0.5651873935264055,0.09086,0.32214,0.3874871794871795,87.1,0.413,11.308097465237909,10.751294370795268,117.29728257,117.40756869391709,0.2985193875193874,0.556803094442639,5.178940090740469,0.110286123917092,0.413,11.199018369802404,10.66861597525872,0.6434905308710829,0.2985193875193874,0.5304023945436853,4.971613897938831
2021,CHI,0.275,0.178,0.085,0.079,0.383,0.672,0.447,0.428,0.425,0.37,0.231,0.427,0.542,0.37,0.383,0.1555337078651685,89.0,0.791,89.8989898989899,99.0,1.0,0.5418492706645057,0.088473,0.294527,0.3528777633289987,89.0,0.383,11.244652343009076,10.836001260294948,115.0817793,115.78144899002191,0.2985193875193874,0.4086510827141296,3.771235097687753,0.6996696900219206,0.383,11.1976043476683,10.79935437194816,1.0877797781111938,0.2985193875193874,0.3982499757201427,3.687720228485292
2021,CHO,0.283,0.166,0.071,0.059,0.422,0.637,0.4,0.418,0.387,0.369,0.221,0.421,0.517,0.369,0.422,0.1812719101123595,89.0,0.761,90.53916581892167,98.3,1.001,0.5167219343696027,0.093262,0.328738,0.3542477535301669,89.0,0.422,11.450721394398004,10.94975629106697,112.2660848151848,112.2660848151848,0.3094313554434736,0.5009651033310334,4.57512560110338,0.0,0.4215784215784215,11.355816169602402,10.803685946950996,0.113403112823831,0.2985193875193874,0.5521302226514067,5.110572681976455
2021,CLE,0.31,0.211,0.085,0.047,0.347,0.626,0.419,0.4,0.354,0.336,0.22,0.376,0.51,0.336,0.347,0.1938260869565217,87.4,0.743,89.82528263103804,97.3,1.0,0.5101179173047473,0.0763399999999999,0.27066,0.3247179487179487,87.4,0.347,10.932436462078623,10.716308261803793,106.40384522000002,106.40384522000002,0.2985193875193874,0.2161282002748308,2.016815819354312,0.0,0.3469999999999999,10.983648892018,10.760751090915903,0.0,0.2985193875193874,0.2228978011020945,2.0713963107116484
2021,DAL,0.23,0.152,0.111,0.071,0.436,0.715,0.429,0.475,0.426,0.362,0.208,0.368,0.554,0.362,0.436,0.188421875,89.6,0.778,92.0863309352518,97.3,1.0,0.5543067375886525,0.0906879999999999,0.345312,0.3604242424242423,89.6,0.436,11.462300631699634,10.78547820238102,116.01859584,118.76459903946235,0.2985193875193874,0.676822429318614,6.27531219866726,2.746003199462365,0.4359999999999999,11.44387559503428,10.794990730770296,2.5806488714058187,0.2985193875193874,0.6488848642639837,6.010981208296795
2021,DEN,0.226,0.215,0.095,0.081,0.383,0.73,0.46,0.444,0.425,0.377,0.219,0.429,0.552,0.377,0.383,0.175987885462555,90.8,0.803,93.51184346035016,97.1,1.0,0.551839546191248,0.083877,0.299123,0.3624186939820742,90.8,0.383,11.31909167635806,10.836599509724744,119.25896276,122.98409436880512,0.2985193875193874,0.4824921666333175,4.452431468011064,3.725131608805128,0.383,11.306670077288652,10.869310097056474,3.480915092300552,0.2985193875193874,0.4373599802321788,4.023806261177709
2021,DET,0.273,0.21,0.073,0.06,0.385,0.66,0.416,0.359,0.386,0.351,0.226,0.351,0.515,0.351,0.385,0.207477508650519,86.7,0.759,88.55975485188968,97.9,1.001,0.5144594155844157,0.08701,0.29799,0.351,86.7,0.385,11.05324001056834,10.650950801322637,107.27958317682318,107.87066407426111,0.2985193875193874,0.4022892092457049,3.777026265070616,0.5910808974379478,0.3846153846153846,11.065791787498547,10.666470187955024,0.7824495177803187,0.2985193875193874,0.3993215995435228,3.743708954387293
2021,GSW,0.229,0.181,0.072,0.079,0.439,0.709,0.449,0.402,0.391,0.376,0.21,0.402,0.541,0.376,0.439,0.1878164924506388,86.1,0.785,84.24657534246575,102.2,1.0,0.5409322638146169,0.09219,0.34681,0.3690886075949367,86.1,0.439,11.292199407772914,10.598631877172783,111.76073601,113.67561872265787,0.2985193875193874,0.693567530600129,6.54393452511477,1.914882712657885,0.439,11.236878572128632,10.583483876595936,2.6322593967398427,0.2985193875193874,0.6533946955326968,6.173720328308896
2021,HOU,0.284,0.158,0.043,0.056,0.459,0.683,0.385,0.354,0.317,0.339,0.227,0.342,0.532,0.339,0.459,0.1869115958668197,87.1,0.74,85.8974358974359,101.4,1.0,0.5319334565619225,0.104193,0.354807,0.3381190168175937,87.1,0.459,11.275691574504826,10.58289369172338,107.74871861,107.74871861,0.2985193875193874,0.6927978827814449,6.5463936704123205,0.0,0.4590000000000001,11.41389490705608,10.755861329113618,0.0,0.3072039384245186,0.6580335779424633,6.117906858480215
2021,IND,0.316,0.176,0.081,0.054,0.372,0.655,0.414,0.445,0.417,0.364,0.21,0.421,0.54,0.364,0.372,0.1799595050618672,88.9,0.792,87.5,101.6,0.999,0.5397240829346092,0.07812,0.29388,0.3488481012658228,88.9,0.372,11.17243758730155,10.88627335324222,114.15138203203205,114.15138203203205,0.3077338979096856,0.2861642340593313,2.628670296746716,0.0,0.3723723723723724,11.151729827166951,10.875512993436596,0.0,0.3097132531254103,0.2762168337303556,2.53980510066103
2021,LAC,0.219,0.164,0.121,0.095,0.4,0.688,0.432,0.446,0.439,0.411,0.271,0.472,0.529,0.411,0.4,0.1867572706935122,89.4,0.839,92.26006191950464,96.9,0.999,0.529534223706177,0.1084,0.2916,0.3883237311385459,89.4,0.4,11.432652873130754,10.881396355322773,118.6290302102102,120.2839804008074,0.2985193875193874,0.5512565178079818,5.066045751916093,1.6549501905971908,0.4004004004004005,11.295758239240818,10.760246740596587,3.315883399775475,0.2985193875193874,0.5355114986442313,4.976758540525261
2021,LAL,0.288,0.167,0.105,0.077,0.363,0.701,0.434,0.403,0.35,0.354,0.25,0.367,0.539,0.354,0.363,0.2001458333333333,86.4,0.739,87.53799392097264,98.7,1.0,0.5394521193092622,0.09075,0.27225,0.3496666666666666,86.4,0.363,10.903184254578113,10.58524573836525,110.00894688,110.75763275670062,0.2985193875193874,0.3179385162128607,3.0036007105675555,0.7486858767006055,0.363,10.986012084717714,10.686703149045572,0.5871536505551966,0.2985193875193874,0.2993089356721423,2.800760267200597
2021,MEM,0.251,0.221,0.141,0.046,0.342,0.661,0.443,0.453,0.393,0.356,0.258,0.377,0.525,0.356,0.342,0.1791640969162995,90.8,0.771,90.4382470119522,100.4,1.001,0.5246813353566009,0.088236,0.253764,0.3486981132075471,90.8,0.342,11.1810513236666,10.94399592686389,114.1806915884116,116.08868881809246,0.2985193875193874,0.2370553968027096,2.166077165844116,1.9079972296808732,0.3416583416583417,11.176751235826316,10.928927590842992,1.8784615379594325,0.2985193875193874,0.247823644983324,2.267593438819815
2021,MIA,0.247,0.161,0.096,0.064,0.432,0.719,0.437,0.427,0.391,0.358,0.239,0.361,0.553,0.358,0.432,0.1988747099767981,86.2,0.79,89.23395445134577,96.6,1.0,0.5527570422535211,0.1032479999999999,0.328752,0.3570578186596583,86.2,0.432,11.171380100963718,10.533802515500708,111.04601215999998,113.29373542995651,0.2985193875193874,0.6375775854630117,6.052682158458955,2.247723269956552,0.4319999999999999,11.210272645617955,10.595392539199638,1.662638651448697,0.2985193875193874,0.6148801064183189,5.803278209310836
2021,MIL,0.255,0.155,0.104,0.082,0.404,0.717,0.419,0.457,0.426,0.389,0.211,0.407,0.554,0.389,0.404,0.1772767857142857,89.6,0.76,87.67123287671232,102.2,1.0,0.5540939597315437,0.085244,0.318756,0.3841863117870722,89.6,0.404,11.409035648999966,10.861591357623332,119.16509695999996,120.4236953453148,0.2985193875193874,0.5474442913766335,5.040184935630121,1.2585983853148264,0.4039999999999999,11.31996368631871,10.828289332803106,1.812443436006956,0.2985193875193874,0.491674353515604,4.540646619278355
2021,MIN,0.299,0.172,0.061,0.054,0.413,0.65,0.391,0.363,0.362,0.349,0.208,0.362,0.518,0.349,0.413,0.1936779279279279,88.8,0.761,87.40157480314961,101.6,0.999,0.5175648464163822,0.085904,0.327096,0.3455858585858585,88.8,0.413,11.288935467469324,10.849677780997784,109.88919111111107,109.88919111111106,0.3123180924281276,0.4392576864715405,4.048578172900763,-1.4210854715202004e-14,0.4134134134134134,11.315535345334652,10.82535094569556,0.0,0.3011435390956108,0.4901843996390909,4.528115551154488
2021,NOP,0.336,0.165,0.087,0.071,0.342,0.66,0.413,0.414,0.457,0.348,0.237,0.345,0.544,0.348,0.342,0.2132448979591836,88.2,0.729,88.11188811188812,100.1,1.001,0.5438088012139607,0.081054,0.260946,0.3489318479685452,88.2,0.342,10.98539499518695,10.88076023850182,112.40927874125876,112.40927874125876,0.3159341278905529,0.1046347566851295,0.9616493185363728,0.0,0.3416583416583416,11.023487951782712,10.978128219744312,0.0,0.3301009474823748,0.0453597320384009,0.4131827496496321
2021,NYK,0.254,0.19,0.118,0.091,0.347,0.637,0.385,0.407,0.411,0.392,0.283,0.426,0.49,0.392,0.347,0.1896349384098544,89.3,0.784,93.11783107403544,95.9,1.0,0.4906202143950995,0.0982009999999999,0.248799,0.3785801952580195,89.3,0.347,11.194502904184482,10.936910684760925,111.64886989,112.95685761826296,0.2985193875193874,0.2575922194235573,2.35525576507154,1.307987728262944,0.347,11.088285847604393,10.832186950753904,2.394899722576812,0.2985193875193874,0.2560988968504887,2.3642400007937825
2021,OKC,0.278,0.2,0.074,0.05,0.399,0.635,0.401,0.41,0.381,0.339,0.188,0.375,0.509,0.339,0.399,0.1754032258064516,86.8,0.725,85.94059405940594,101.0,1.001,0.5085049833887042,0.075012,0.323988,0.3306650246305418,86.8,0.399,11.123267196041846,10.696239081012328,105.49238433566433,106.1993864033983,0.2985193875193874,0.4270281150295183,3.99232021456557,0.707002067733967,0.3986013986013986,11.151132011267768,10.701271877053046,0.4881388667936169,0.2985193875193874,0.4498601342147221,4.20380062653456
2021,ORL,0.201,0.212,0.121,0.109,0.356,0.652,0.386,0.424,0.388,0.343,0.15,0.359,0.476,0.343,0.356,0.1864467849223946,90.2,0.775,91.38804457953394,98.7,0.999,0.4766407465007776,0.0533999999999999,0.3026,0.3401764705882353,90.2,0.356,11.13076092747407,10.847520310362697,106.5394817017017,111.45383891304331,0.2985193875193874,0.2832406171113728,2.61110935040878,4.91435721134161,0.3563563563563563,11.152035546290266,10.836472254222857,5.627969623542017,0.2985193875193874,0.3155632920674112,2.912048170883663
2021,PHI,0.241,0.203,0.117,0.092,0.347,0.672,0.436,0.479,0.438,0.374,0.261,0.417,0.531,0.374,0.347,0.2249630484988452,86.6,0.767,87.03517587939699,99.5,1.0,0.5310857580398163,0.090567,0.2564329999999999,0.3588132611637347,86.6,0.347,10.993589927225814,10.725864294035071,111.22707418,113.3655462306548,0.2985193875193874,0.2677256331907411,2.4960751492971056,2.138472050654784,0.347,10.925940371591391,10.668162812867338,3.008029785766265,0.2985193875193874,0.2577775587240545,2.416325690241039
2021,PHO,0.211,0.158,0.148,0.091,0.392,0.718,0.47,0.509,0.454,0.378,0.265,0.43,0.563,0.378,0.392,0.1764587973273942,89.8,0.834,92.38683127572016,97.2,1.0,0.5631644736842105,0.10388,0.28812,0.3592517006802721,89.8,0.392,11.314318643729282,10.785845828048288,119.26129664,122.39972861439006,0.2985193875193874,0.5284728156809937,4.899688203466757,3.138431974390059,0.392,11.29005206947779,10.781669987159937,3.4846637870651063,0.2985193875193874,0.5083820823178531,4.715244326002321
2021,POR,0.244,0.133,0.085,0.089,0.448,0.637,0.378,0.439,0.422,0.385,0.159,0.393,0.509,0.385,0.448,0.1959523809523809,92.4,0.823,93.90243902439023,98.4,0.999,0.5092105263157893,0.071232,0.376768,0.383487514863258,92.4,0.448,11.819903275703496,11.105985347034164,117.81165561561562,117.81165561561562,0.2985193875193874,0.7139179286693338,6.428226819693972,0.0,0.4484484484484484,11.67995790905702,10.96120502424759,1.922773401675636,0.2985193875193874,0.7187528848094296,6.557243325158657
2021,SAC,0.249,0.213,0.106,0.056,0.376,0.717,0.432,0.479,0.4,0.364,0.212,0.422,0.551,0.364,0.376,0.1851977401129943,88.5,0.745,88.5,100.0,1.0,0.550838141025641,0.0797119999999999,0.296288,0.3483959390862944,88.5,0.376,11.13900041567629,10.725810055837822,114.8500254,117.02639924123804,0.2985193875193874,0.4131903598384667,3.852299804745996,2.1763738412380604,0.3759999999999999,11.160005113011977,10.782176063176015,2.168923982194471,0.2985193875193874,0.3778290498359595,3.504200336018859
2021,SAS,0.24,0.199,0.142,0.105,0.314,0.658,0.435,0.433,0.444,0.35,0.2,0.377,0.514,0.35,0.314,0.1925303867403315,90.5,0.792,91.50657229524772,98.9,1.0,0.5139810495626822,0.0628,0.2512,0.3432499999999999,90.5,0.314,11.01028390624647,10.906901787507817,112.0671093,115.58695411154604,0.2985193875193874,0.1033821187386525,0.9478596282682216,3.5198448115460508,0.314,11.013693642879902,10.89636399705539,3.509793815734625,0.2985193875193874,0.1173296458245118,1.0767779587412818
2021,TOR,0.236,0.194,0.065,0.061,0.444,0.662,0.407,0.409,0.375,0.368,0.225,0.388,0.512,0.368,0.444,0.1962206047032474,89.3,0.815,90.02016129032258,99.2,1.0,0.5119604316546762,0.0999,0.3441,0.3621935483870968,89.3,0.444,11.510416066657529,10.82423804074434,112.07967988,113.22704412834403,0.2985193875193874,0.6861780259131862,6.339273243347865,1.147364248344033,0.444,11.47453631028849,10.770975493382249,1.861173191189628,0.2985193875193874,0.7035608169062417,6.532006477393937
2021,UTA,0.207,0.201,0.069,0.035,0.488,0.703,0.443,0.448,0.372,0.389,0.254,0.408,0.544,0.389,0.488,0.1948123595505618,89.0,0.799,90.35532994923858,98.5,1.0,0.5439375,0.1239519999999999,0.364048,0.3825308310991957,89.0,0.488,11.761720124685306,10.813107906566572,117.4318688,118.48901855773735,0.2985193875193874,0.9486122181187344,8.772798961366712,1.0571497577373634,0.488,11.6656016183549,10.73861234949502,2.154891225414977,0.2985193875193874,0.9269892688598772,8.632300326060927
2021,WAS,0.199,0.268,0.101,0.114,0.319,0.695,0.515,0.408,0.402,0.351,0.231,0.369,0.533,0.351,0.319,0.2217416378316032,86.7,0.769,83.28530259365995,104.1,1.001,0.5327873900293254,0.073689,0.245311,0.3455929778933679,86.7,0.319,10.790867323728667,10.616268760659969,109.6507632167832,113.56091898497264,0.2985193875193874,0.1745985630687005,1.6446320925455504,3.9101557681894255,0.3186813186813186,10.834138536104875,10.664722482475966,4.85210186741522,0.2985193875193874,0.1694160536289093,1.5885650461818337
2020,ATL,0.291,0.155,0.097,0.059,0.398,0.658,0.414,0.394,0.376,0.333,0.201,0.342,0.525,0.333,0.398,0.2038709677419354,86.8,0.79,84.27184466019418,103.0,1.0,0.525,0.079998,0.318002,0.3307359198998749,86.8,0.398,11.013986889498351,10.56669005025539,106.59753496000002,107.09409684002344,0.2948491508491508,0.447296839242961,4.233083748227773,0.4965618800234352,0.398,11.105110563758515,10.639475296435318,0.0374568782623788,0.2948491508491508,0.4656352673231971,4.37648713258636
2020,BOS,0.276,0.173,0.094,0.071,0.386,0.662,0.387,0.437,0.416,0.364,0.181,0.396,0.522,0.364,0.386,0.2072015677491601,89.3,0.801,89.74874371859296,99.5,1.0,0.5216237785016288,0.069866,0.3161339999999999,0.3569279609279609,89.3,0.386,11.24404859255452,10.811907841926226,112.62224882,113.37286717985396,0.2948491508491508,0.4321407506282924,3.996896356742363,0.7506183598539593,0.386,11.215051873738355,10.78873215091831,1.1499129705288718,0.2948491508491508,0.426319722820045,3.951527546114475
2020,BRK,0.315,0.15,0.07,0.042,0.423,0.651,0.358,0.381,0.413,0.343,0.213,0.369,0.524,0.343,0.423,0.1981022727272727,88.0,0.745,86.78500986193293,101.4,1.0,0.5247504332755635,0.090099,0.332901,0.3359631512071157,88.0,0.423,11.25056314624672,10.810936457310808,108.9181896,108.9181896,0.3169520962686365,0.4396266889359115,4.066499610573682,0.0,0.423,11.306724628027045,10.937574174866675,0.0,0.3344394392225319,0.3691504531603655,3.3750669687674595
2020,CHI,0.34,0.152,0.057,0.055,0.396,0.627,0.362,0.375,0.354,0.348,0.225,0.383,0.511,0.348,0.396,0.1748870056497175,88.5,0.755,88.76629889669007,99.7,1.0,0.5116705298013244,0.0891,0.3069,0.3378387096774193,88.5,0.396,11.20337782287542,11.096774533064275,108.8569824,108.8569824,0.3663447564978837,0.1066032898111419,0.9606691520450684,0.0,0.396,11.213245982068075,11.088666279930225,0.0,0.3623662991840687,0.1245797021378543,1.1234868016844812
2020,CHO,0.303,0.192,0.062,0.044,0.399,0.627,0.357,0.321,0.352,0.352,0.201,0.397,0.489,0.352,0.399,0.1886846846846846,88.8,0.748,92.69311064718164,95.8,1.0,0.4890432612312811,0.080199,0.318801,0.3406795994993742,88.8,0.399,11.23393447828506,10.881269695727688,107.22547608,107.22547607999996,0.3176984834995331,0.3526647825573725,3.241026023790572,-2.8421709430404014e-14,0.399,11.249233731011074,10.804282308527634,1.9717560917342783e-14,0.2969647772486931,0.4449514224834399,4.118287636118567
2020,CLE,0.297,0.183,0.101,0.057,0.362,0.64,0.407,0.443,0.385,0.351,0.188,0.396,0.519,0.351,0.362,0.1714932126696832,88.4,0.758,89.56433637284701,98.7,1.0,0.5191990595611286,0.0680559999999999,0.293944,0.3405812807881773,88.4,0.362,11.09781450751407,10.78824138980558,109.98973752,109.98973752,0.2948491508491508,0.3095731177084904,2.869541999690739,0.0,0.3619999999999999,11.075506564086329,10.765743049912036,0.2620495070768295,0.2948491508491508,0.3097635141742909,2.877307332509882
2020,DAL,0.245,0.162,0.082,0.053,0.457,0.696,0.407,0.413,0.431,0.367,0.204,0.408,0.541,0.367,0.457,0.2060022222222222,90.0,0.779,90.6344410876133,99.3,0.999,0.540891143911439,0.0932279999999999,0.363772,0.3564924623115578,90.0,0.457,11.59367753063768,10.820557636118602,115.68423423423424,117.13617738813024,0.2948491508491508,0.7731198945190787,7.144917300180853,1.4519431538959964,0.4574574574574573,11.56153055987603,10.808517951567945,1.5641909206377735,0.2948491508491508,0.7530126083080848,6.96684422121765
2020,DEN,0.278,0.18,0.105,0.092,0.344,0.687,0.402,0.417,0.456,0.359,0.208,0.401,0.533,0.359,0.344,0.1830763274336283,90.4,0.777,93.09989701338826,97.1,0.999,0.5329511450381681,0.0715519999999999,0.2724479999999999,0.347969696969697,90.4,0.344,11.099760711778702,10.839838421195989,114.92810802802803,116.4955449696997,0.2948491508491508,0.259922290582713,2.397842850447529,1.5674369416716445,0.3443443443443442,11.12043744123797,10.876666235505112,1.5663457958880933,0.2948491508491508,0.2437712057328571,2.241230910783165
2020,DET,0.282,0.214,0.072,0.05,0.381,0.66,0.4,0.369,0.401,0.367,0.284,0.422,0.515,0.367,0.381,0.1934185779816513,87.2,0.743,89.34426229508198,97.6,0.999,0.5151100323624594,0.108204,0.272796,0.3451843575418994,87.2,0.381,11.122719138640637,10.702498516990335,109.57492644644644,109.57492644644644,0.2948491508491508,0.4202206216502979,3.926378695434463,-1.4210854715202004e-14,0.3813813813813814,11.10656634952165,10.6969620298632,0.0327500281043088,0.2948491508491508,0.4096043196584507,3.8291649396804406
2020,GSW,0.244,0.166,0.108,0.128,0.355,0.666,0.382,0.416,0.384,0.334,0.182,0.405,0.495,0.334,0.355,0.2118004587155963,87.2,0.803,86.93918245264207,100.3,1.001,0.4953498452012383,0.06461,0.29039,0.31820293398533,87.2,0.355,10.831125207211352,10.547576148010137,104.26443892107892,107.6492554812435,0.2948491508491508,0.2835490592012171,2.688286438725651,3.384816560164566,0.3546453546453547,10.954753901309806,10.649095898764068,3.2451279439408345,0.2948491508491508,0.3056580025457389,2.870271856423168
2020,HOU,0.297,0.126,0.04,0.036,0.501,0.672,0.379,0.403,0.402,0.345,0.245,0.378,0.557,0.345,0.501,0.2280853517877739,86.7,0.791,83.60655737704917,103.7,1.0,0.5569739478957916,0.1227449999999999,0.378255,0.3342913907284768,86.7,0.501,11.44599641580023,10.814620066448454,109.81291083000002,109.81291083,0.3485897667964642,0.6313763493517772,5.838174114970296,-1.4210854715202004e-14,0.501,11.556312998993096,11.01042897870447,0.0,0.3727639758704282,0.5458840202886268,4.957881489853255
2020,IND,0.298,0.151,0.119,0.116,0.317,0.651,0.428,0.456,0.42,0.363,0.232,0.389,0.529,0.363,0.317,0.169970753655793,88.9,0.787,89.88877654196158,98.9,1.001,0.5286695906432749,0.073544,0.243456,0.3551458333333333,88.9,0.317,10.958814076387174,10.839722526931562,112.9592707692308,113.71237700363636,0.2948491508491508,0.1190915494556126,1.0986586525598474,0.7531062344055499,0.3166833166833167,10.931556557809817,10.812337850481534,0.8558179525010975,0.2948491508491508,0.1192187073282813,1.102617296803876
2020,LAC,0.272,0.167,0.104,0.081,0.375,0.669,0.408,0.419,0.4,0.371,0.25,0.401,0.522,0.371,0.375,0.2334988558352402,87.4,0.791,86.10837438423646,101.5,0.999,0.5225641025641026,0.09375,0.28125,0.361,87.4,0.375,11.104982735397362,10.711075766518173,111.0282006806807,112.00385626757242,0.2948491508491508,0.3939069688791896,3.677566823964651,0.9756555868917188,0.3753753753753753,11.067576223915982,10.682297410958006,1.2033035247975914,0.2948491508491508,0.385278812957976,3.606703671840794
2020,LAL,0.315,0.147,0.084,0.097,0.358,0.723,0.401,0.401,0.355,0.349,0.26,0.402,0.552,0.349,0.358,0.2006422018348623,87.2,0.729,86.42220019821605,100.9,1.001,0.5518055987558321,0.09308,0.26492,0.3303783783783783,87.2,0.358,10.830218732414808,10.52597334539688,111.97965274725276,111.97965274725276,0.2948491508491508,0.3042453870179269,2.8904252085245608,0.0,0.3576423576423577,11.022613149631832,10.760793322903991,-1.936228954946273e-14,0.2993516154152659,0.2618198267278409,2.4330903760651834
2020,MEM,0.281,0.21,0.103,0.06,0.346,0.667,0.443,0.427,0.397,0.347,0.202,0.381,0.532,0.347,0.346,0.182738933030647,88.1,0.763,85.70038910505836,102.8,1.0,0.5325045871559635,0.069892,0.276108,0.3383934837092732,88.1,0.346,10.976719177212017,10.724605713298605,110.84807194000004,111.98528628832275,0.2948491508491508,0.2521134639134104,2.3507947112758387,1.1372143483227433,0.346,10.997929548211763,10.74615407756419,0.9923073890484568,0.2948491508491508,0.2517754706475728,2.3429356105476806
2020,MIA,0.255,0.159,0.09,0.077,0.419,0.693,0.418,0.398,0.386,0.379,0.231,0.381,0.532,0.379,0.419,0.2338831168831169,84.7,0.783,86.1648016276704,98.3,1.0,0.5313580034423409,0.096789,0.3222109999999999,0.3783992197659298,84.7,0.419,11.125254279666182,10.52751257203697,109.34423577000004,110.3731283720156,0.2948491508491508,0.5977417076292113,5.677900677287484,1.02889260201556,0.4189999999999999,11.052044609649217,10.489802322242594,1.6260856116328142,0.2948491508491508,0.5622422874066224,5.359894020256628
2020,MIL,0.284,0.141,0.082,0.064,0.428,0.717,0.374,0.458,0.467,0.355,0.204,0.392,0.567,0.355,0.428,0.2016585365853658,86.1,0.742,81.92197906755472,105.1,0.999,0.5670858143607707,0.0873119999999999,0.340688,0.3455175879396985,86.1,0.428,11.136572011474607,10.518778507978686,112.02367576576576,112.2834410412314,0.2948491508491508,0.617793503495923,5.87324377091234,0.2597652754656536,0.4284284284284283,11.259417022515942,10.657514400815684,1.9118040484045194e-14,0.2948491508491508,0.6019026217002583,5.647682931155051
2020,MIN,0.308,0.164,0.055,0.04,0.433,0.64,0.384,0.373,0.372,0.336,0.173,0.339,0.521,0.336,0.433,0.2082582857142857,87.5,0.753,84.62282398452611,103.4,1.0,0.5211481481481482,0.0749089999999999,0.358091,0.335372430471584,87.5,0.433,11.24741969291874,10.863430123183564,107.07573624999998,107.07573624999998,0.3407719353946407,0.383989569735176,3.534699127080554,0.0,0.4329999999999999,11.30297704112194,10.835518957501195,0.0,0.320661634114484,0.4674580836207447,4.3141273201052766
2020,NOP,0.309,0.144,0.079,0.065,0.403,0.666,0.376,0.394,0.378,0.37,0.233,0.401,0.528,0.37,0.403,0.1864109589041095,87.6,0.729,84.47444551591128,103.7,1.0,0.5287001675041876,0.093899,0.309101,0.3605827900912646,87.6,0.403,11.249847577339324,10.925634096139778,111.83696652,111.83696652000002,0.3306374950111231,0.3242134811995463,2.9674568848511607,2.8421709430404014e-14,0.403,11.211051064648466,10.822319547389716,0.0,0.3125236519568494,0.3887315172587495,3.5919427028239026
2020,NYK,0.313,0.159,0.091,0.119,0.318,0.64,0.364,0.401,0.382,0.337,0.201,0.374,0.499,0.337,0.318,0.1821846496106785,89.9,0.694,91.1764705882353,98.6,1.0,0.4987463343108504,0.063918,0.254082,0.3276921151439299,89.9,0.318,10.959927576489296,10.84611247965082,108.32736038,108.74266611389476,0.2948491508491508,0.1138150968384756,1.0493630510656438,0.415305733894769,0.3179999999999999,11.004479651754082,10.897756343709426,0.6195289298611963,0.2948491508491508,0.1067233080446552,0.979314499963646
2020,OKC,0.26,0.173,0.128,0.087,0.353,0.68,0.386,0.455,0.474,0.355,0.195,0.357,0.529,0.355,0.353,0.231006993006993,85.8,0.796,86.84210526315789,98.8,1.001,0.5294074074074075,0.068835,0.2841649999999999,0.3545155279503106,85.8,0.353,10.846549858291066,10.554075711614075,108.28834285714284,110.2567710509905,0.2948491508491508,0.2924741466769909,2.771196215270111,1.9684281938476431,0.3526473526473525,10.864413189116531,10.575239408336316,1.9613553205550889,0.2948491508491508,0.2891737807802155,2.7344419318986235
2020,ORL,0.252,0.169,0.121,0.095,0.364,0.664,0.406,0.392,0.381,0.343,0.142,0.395,0.502,0.343,0.364,0.1978191964285714,89.6,0.774,90.87221095334688,98.6,1.001,0.5016781789638933,0.0516879999999999,0.312312,0.3343939393939394,89.6,0.364,11.094080290377049,10.775902764524114,108.69615888111888,111.80714216076288,0.2948491508491508,0.3181775258529331,2.952676288991962,3.110983279643989,0.3636363636363635,11.126912830021569,10.799002122321795,2.8149122925371497,0.2948491508491508,0.3279107076997736,3.036490816331772
2020,PHI,0.266,0.173,0.114,0.087,0.36,0.688,0.41,0.408,0.399,0.368,0.193,0.409,0.524,0.368,0.36,0.1930203619909502,88.4,0.755,89.29292929292929,99.0,1.0,0.5236921875,0.06948,0.2905199999999999,0.3581945477075589,88.4,0.36,11.08807685892484,10.759379520125334,112.129212,114.29686486930528,0.2948491508491508,0.3286973387995058,3.0549841483394014,2.167652869305272,0.36,11.06577371370247,10.754511187831683,1.8644477089940923,0.2948491508491508,0.3112625258707862,2.8942507979625054
2020,PHO,0.296,0.146,0.116,0.081,0.361,0.659,0.404,0.444,0.405,0.358,0.24,0.374,0.529,0.358,0.361,0.2256138728323699,86.5,0.834,85.38993089832182,101.3,1.0,0.5295101721439751,0.08664,0.27436,0.3529473684210526,86.5,0.361,10.922018167174969,10.608419922829205,109.42525935000003,109.56291242743336,0.2948491508491508,0.3135982443457621,2.9561258568856497,0.1376530774333417,0.361,10.954054589707969,10.631883554420986,0.0487187456518085,0.2948491508491508,0.3221710352869831,3.0302347992987366
2020,POR,0.272,0.139,0.117,0.097,0.374,0.634,0.399,0.428,0.446,0.377,0.185,0.418,0.514,0.377,0.374,0.1943148558758315,90.2,0.804,89.57298907646475,100.7,0.999,0.5139952000000001,0.06919,0.3048099999999999,0.3676932515337423,90.2,0.374,11.341598221209852,10.958056909843656,114.22518984984984,114.56981838457412,0.2948491508491508,0.383541311366196,3.5000850472099554,0.3446285347242792,0.3743743743743744,11.22575387765667,10.84123820853283,1.289854227759495,0.2948491508491508,0.3845156691238394,3.546787384684502
2020,SAC,0.253,0.187,0.09,0.075,0.395,0.689,0.4,0.416,0.426,0.364,0.211,0.392,0.527,0.364,0.395,0.1768212669683257,88.4,0.77,89.38321536905966,98.9,1.0,0.5264578512396694,0.083345,0.311655,0.3565120405576679,88.4,0.395,11.22405978967114,10.736329574154023,111.9952418,114.1791587157471,0.2948491508491508,0.4877302155171179,4.542802194627571,2.183916915747105,0.395,11.196330977830211,10.726978123520787,2.107591424334093,0.2948491508491508,0.4693528543094256,4.37544338120992
2020,SAS,0.233,0.158,0.144,0.147,0.318,0.666,0.435,0.458,0.422,0.376,0.207,0.4,0.516,0.376,0.318,0.2123836549375709,88.1,0.81,87.66169154228855,100.5,1.0,0.5159736070381232,0.065826,0.252174,0.3697351828499369,88.1,0.318,10.940911233033034,10.789162155826194,111.50642562,114.9612859922119,0.2948491508491508,0.1517490772068406,1.406495472170621,3.454860372211897,0.318,10.87667357803593,10.713478339917668,3.702887720141332,0.2948491508491508,0.1631952381182628,1.5232703417171978
2020,TOR,0.311,0.155,0.056,0.058,0.421,0.645,0.381,0.367,0.351,0.374,0.217,0.382,0.519,0.374,0.421,0.2104896073903002,86.6,0.796,85.82755203171456,100.9,1.001,0.518206896551724,0.091357,0.329643,0.3717828863346104,86.6,0.421,11.25112063558929,10.983053066823512,109.9328776423576,109.9328776423576,0.360049921313602,0.2680675687657778,2.440738173027035,0.0,0.4205794205794206,11.192773947771007,10.800517021777498,1.9229062786507713e-14,0.3289533098232726,0.3922569259935091,3.631834709417947
2020,UTA,0.256,0.196,0.087,0.048,0.414,0.692,0.407,0.42,0.428,0.38,0.249,0.418,0.535,0.38,0.414,0.2085797438882421,85.9,0.779,87.11967545638946,98.6,1.001,0.5349369676320271,0.103086,0.3109139999999999,0.3674007989347536,85.9,0.414,11.18936503652646,10.611721813751744,111.35393777222777,112.50275125786696,0.2948491508491508,0.5776432227747161,5.443444833110389,1.1488134856391952,0.4135864135864135,11.117266111739928,10.56447792914882,1.157046464610292,0.2948491508491508,0.5527881825911081,5.232517747667309
2020,WAS,0.259,0.16,0.111,0.112,0.358,0.688,0.363,0.41,0.387,0.368,0.167,0.388,0.506,0.368,0.358,0.2128762769580023,88.1,0.788,85.7838364167478,102.7,1.0,0.5064267912772585,0.059786,0.298214,0.3639903961584633,88.1,0.358,11.009138637116736,10.679200203279487,109.79622842,112.08875997482204,0.2948491508491508,0.3299384338372491,3.0895425458540293,2.292531554822034,0.358,11.015282967450789,10.711302654915798,2.479086313499816,0.2948491508491508,0.3039803125349891,2.8379397196426126
2019,ATL,0.332,0.134,0.083,0.047,0.403,0.64,0.356,0.374,0.374,0.352,0.245,0.393,0.518,0.352,0.403,0.1914337899543379,87.6,0.752,84.31183830606352,103.9,0.999,0.5181275167785234,0.098735,0.304265,0.3386953642384105,87.6,0.403,11.178307653787908,10.957712981734243,108.82334918918916,108.82334918918916,0.3478067492535245,0.2205946720536644,2.0131451920796017,0.0,0.4034034034034033,11.196239035453628,10.93547508591557,0.0,0.3389368027142169,0.2607639495380578,2.384569005821336
2019,BOS,0.248,0.147,0.114,0.109,0.381,0.677,0.42,0.448,0.41,0.365,0.196,0.355,0.527,0.365,0.381,0.1729977876106194,90.4,0.802,90.76305220883536,99.6,0.999,0.5265339805825243,0.074676,0.306324,0.3674378109452736,90.4,0.381,11.305671254581195,10.789570663477942,114.66688912912916,116.89997812552204,0.2765463573573573,0.5161005911032532,4.783328338079507,2.23308899639288,0.3813813813813814,11.262306757387352,10.75125120655835,2.55203965856121,0.2765463573573573,0.5110555508290009,4.7534518635119705
2019,BRK,0.299,0.166,0.084,0.048,0.403,0.639,0.373,0.423,0.366,0.353,0.185,0.377,0.513,0.353,0.403,0.211763698630137,87.6,0.745,86.90476190476191,100.8,1.0,0.5126951423785595,0.074555,0.328445,0.3475521472392638,87.6,0.403,11.216372039675244,10.667841133524306,108.36248772,108.36248772,0.2765463573573573,0.5485309061509387,5.141911088525197,0.0,0.4029999999999999,11.195934278945291,10.645380329330184,0.0,0.2765463573573573,0.5505539496151091,5.171764019536451
2019,CHI,0.31,0.191,0.104,0.101,0.295,0.627,0.408,0.392,0.368,0.351,0.218,0.4,0.496,0.351,0.295,0.1837107061503417,87.8,0.783,88.68686868686869,99.0,1.001,0.4960821529745042,0.0643099999999999,0.23069,0.3373401534526853,87.8,0.295,10.740177989724282,10.641217319764472,106.64900223776222,107.11725345848345,0.2765463573573573,0.0989606699598102,0.9299750863654088,0.4682512207212141,0.2947052947052946,10.77027409782934,10.674961778282904,0.7758214304545458,0.2765463573573573,0.0953123195464371,0.8928586492959578
2019,CHO,0.289,0.165,0.083,0.084,0.378,0.625,0.387,0.44,0.401,0.351,0.194,0.415,0.507,0.351,0.378,0.204766334440753,90.3,0.797,91.48936170212764,98.7,0.999,0.5067375201288246,0.073332,0.304668,0.3355955334987593,90.3,0.378,11.257764478440777,10.800087991016914,110.88748705705706,111.00369218138836,0.2765463573573573,0.4576764874238623,4.237710727954624,0.1162051243312873,0.3783783783783784,11.244951566472198,10.774986264141178,0.6585921487846026,0.2765463573573573,0.4699653023310191,4.361632495950829
2019,CLE,0.277,0.171,0.114,0.105,0.332,0.619,0.39,0.411,0.387,0.355,0.207,0.36,0.488,0.355,0.332,0.1868172757475083,90.3,0.792,93.47826086956522,96.6,0.999,0.4882188905547226,0.068724,0.263276,0.3536948297604035,90.3,0.332,11.088473627208757,10.828643755445048,109.1001617117117,110.4821151624105,0.2765463573573573,0.25982987176371,2.3994682772074505,1.3819534506987878,0.3323323323323323,11.062831815227783,10.786413706255903,1.6853308221629577,0.2765463573573573,0.2764181089718818,2.5626507243233565
2019,DAL,0.268,0.157,0.088,0.065,0.422,0.677,0.4,0.397,0.371,0.34,0.194,0.383,0.524,0.34,0.422,0.2167353951890034,87.3,0.742,88.18181818181819,99.0,1.0,0.5247179930795848,0.081868,0.340132,0.3296501240694788,87.3,0.422,11.17885987859886,10.531893486381271,107.72399213999998,108.86721703478666,0.2765463573573573,0.6469663922175872,6.142925705184688,1.143224894786684,0.422,11.248340314583825,10.602990003021466,1.0014848494520792,0.2765463573573573,0.6453503115623587,6.0864936341396
2019,DEN,0.277,0.203,0.101,0.07,0.348,0.674,0.407,0.457,0.394,0.351,0.183,0.406,0.527,0.351,0.348,0.1749891186071817,91.9,0.755,94.06345957011258,97.7,0.999,0.5269677419354839,0.0636839999999999,0.2843159999999999,0.3386805385556916,91.9,0.348,11.214653292520987,10.862762792005125,115.332099009009,116.78941342607986,0.2765463573573573,0.3518905005158643,3.2394199086704933,1.4573144170708474,0.3483483483483482,11.233928604278692,10.890668230631087,1.3832348199273306,0.2765463573573573,0.3432603736476043,3.151876141834431
2019,DET,0.263,0.197,0.074,0.073,0.394,0.638,0.396,0.365,0.419,0.348,0.252,0.38,0.5,0.348,0.394,0.1952669632925472,89.9,0.747,92.29979466119096,97.4,1.001,0.499840197693575,0.099288,0.294712,0.3372192513368983,89.9,0.394,11.311967592652351,10.771032999432874,109.29764486513486,109.98840913738633,0.2765463573573573,0.5409345932194789,5.022123627770525,0.6907642722514566,0.3936063936063936,11.300895316246388,10.754485542403884,1.322044666251181,0.2765463573573573,0.5464097738425036,5.080761619773111
2019,GSW,0.25,0.107,0.121,0.138,0.384,0.703,0.433,0.477,0.458,0.385,0.195,0.427,0.557,0.385,0.384,0.1821278280542986,88.4,0.801,87.61149653121902,100.9,1.0,0.5568214285714286,0.07488,0.30912,0.3748260869565217,88.4,0.384,11.235847844552447,10.682373768276246,117.46111104,119.17517808496385,0.2765463573573573,0.5534740762762027,5.181189951617959,1.7140670449638264,0.384,11.148709103304888,10.626071324086684,1.949663716105336,0.2765463573573573,0.5226377792182024,4.918447874836973
2019,HOU,0.261,0.145,0.05,0.025,0.519,0.67,0.4,0.415,0.452,0.356,0.242,0.372,0.551,0.356,0.519,0.2205158013544018,88.6,0.791,90.50051072522982,97.9,1.0,0.5507692307692308,0.125598,0.393402,0.3508918205804749,88.6,0.519,11.733163278479386,10.66699476053408,112.98627286,112.98627286,0.2765463573573573,1.0661685179453055,9.995022420840892,0.0,0.5189999999999999,11.750275716471624,10.762189329306104,0.0,0.2993294533436027,0.98808638716552,9.181090918693457
2019,IND,0.311,0.158,0.086,0.152,0.292,0.651,0.407,0.416,0.414,0.374,0.229,0.432,0.517,0.374,0.292,0.1816343115124153,88.6,0.752,90.31600407747196,98.1,0.999,0.5169321074964639,0.066868,0.225132,0.3567730220492866,88.6,0.292,10.859203369050975,10.770688892658072,112.02219489489488,112.79927861396531,0.2765463573573573,0.088514476392902,0.821808867334739,0.7770837190704327,0.2922922922922922,10.817028949696786,10.736350288839583,0.9066817466982526,0.2765463573573573,0.0806786608572025,0.7514533215357888
2019,LAC,0.312,0.182,0.113,0.098,0.295,0.638,0.397,0.426,0.385,0.388,0.21,0.409,0.507,0.388,0.295,0.2578173302107728,85.4,0.792,83.9724680432645,101.7,1.0,0.5066354609929078,0.0619499999999999,0.23305,0.3824177215189873,85.4,0.295,10.691629000325678,10.591441783011277,107.8009751,108.174694088294,0.2765463573573573,0.1001872173144011,0.9459261483653948,0.3737189882940015,0.2949999999999999,10.621671493420124,10.525433137435826,0.5902709564524491,0.2765463573573573,0.0962383559842994,0.9143410511250892
2019,LAL,0.345,0.155,0.078,0.08,0.342,0.677,0.387,0.372,0.419,0.333,0.208,0.348,0.541,0.333,0.342,0.1801546391752577,87.3,0.699,84.59302325581395,103.2,1.0,0.5411641337386018,0.071136,0.270864,0.329060606060606,87.3,0.342,10.831304464219103,10.667305477038411,109.61176734,109.61176734,0.2997627217932127,0.1639989871806921,1.5373984323754808,2.8421709430404014e-14,0.3419999999999999,10.935339761888972,10.841119493667149,0.0,0.316238980986426,0.0942202682218233,0.8691009104443648
2019,MEM,0.278,0.184,0.101,0.095,0.342,0.643,0.419,0.39,0.393,0.342,0.232,0.359,0.505,0.342,0.342,0.2097341040462427,86.5,0.772,89.54451345755695,96.6,1.0,0.5054331306990882,0.079344,0.262656,0.3368645833333334,86.5,0.342,10.84453426827629,10.545251239315864,105.33864470000002,106.76845656200588,0.2765463573573573,0.2992830289604242,2.838083438397443,1.4298118620058489,0.3419999999999999,10.875628209524423,10.56546326476792,1.4529348131075392,0.2765463573573573,0.3101649447565044,2.935649265761908
2019,MIA,0.291,0.175,0.102,0.064,0.368,0.637,0.427,0.375,0.364,0.349,0.256,0.375,0.509,0.349,0.368,0.1718064876957494,89.4,0.695,91.0386965376782,98.2,1.0,0.5089208860759494,0.094208,0.273792,0.3400537634408602,89.4,0.368,11.219735233719256,10.79775349746628,109.85071488,109.85071488,0.2765463573573573,0.4219817362529774,3.908051210392949,0.0,0.368,11.177974329518362,10.765233363417105,0.3500542197453875,0.2765463573573573,0.4127409661012571,3.83401782541799
2019,MIL,0.34,0.122,0.066,0.053,0.419,0.698,0.346,0.424,0.389,0.353,0.195,0.386,0.565,0.353,0.419,0.1972118451025057,87.8,0.773,84.99515972894483,103.3,1.0,0.5647728055077453,0.081705,0.3372949999999999,0.3450062111801242,87.8,0.419,11.153983481304182,10.851964897560531,113.88582777999996,113.88582778,0.3425816059691722,0.3020185837436493,2.783077411276391,2.8421709430404014e-14,0.4189999999999999,11.243432750417554,11.008389749368208,0.0,0.3569097135686141,0.2350430010493465,2.13512608474673
2019,MIN,0.288,0.176,0.099,0.121,0.315,0.66,0.391,0.395,0.388,0.351,0.215,0.387,0.504,0.351,0.315,0.2098086283185841,90.4,0.787,90.21956087824351,100.2,0.999,0.504311403508772,0.067725,0.247275,0.341140127388535,90.4,0.315,10.944844768745105,10.752096895752448,110.82725093093092,112.68414730509194,0.2765463573573573,0.1927478729926566,1.7926537945244905,1.8568963741610105,0.3153153153153153,11.011868544249747,10.817046176480794,1.582446381885477,0.2765463573573573,0.1948223677689533,1.801068097430791
2019,NOP,0.315,0.199,0.094,0.068,0.324,0.674,0.423,0.447,0.344,0.344,0.206,0.351,0.536,0.344,0.324,0.1932426966292135,89.0,0.761,86.15682478218781,103.3,1.0,0.5353505917159765,0.066744,0.257256,0.342183879093199,89.0,0.324,10.887697623779992,10.65223008697552,112.22807439999998,112.22807439999998,0.2765463573573573,0.2354675368044709,2.21049991299358,0.0,0.3239999999999999,10.970479095308376,10.74609375621722,0.0,0.2765463573573573,0.2243853390911567,2.0880642229771817
2019,NYK,0.311,0.129,0.103,0.122,0.334,0.603,0.345,0.386,0.385,0.34,0.166,0.342,0.479,0.34,0.334,0.2048095238095238,88.2,0.759,88.55421686746989,99.6,0.999,0.4793473684210526,0.055444,0.278556,0.3396019184652278,88.2,0.334,10.920713054356748,10.66415593485323,104.19927693693693,104.19927693693693,0.2765463573573573,0.2565571195035172,2.4057892726889074,0.0,0.3343343343343343,10.942028647735672,10.682536123048791,0.3074115646487229,0.2765463573573573,0.2594925246868804,2.429128455058493
2019,OKC,0.339,0.132,0.102,0.08,0.347,0.637,0.362,0.372,0.393,0.348,0.256,0.376,0.51,0.348,0.347,0.1896611479028697,90.6,0.713,88.13229571984436,102.8,1.0,0.5101240428790199,0.088832,0.2581679999999999,0.3383655913978494,90.6,0.347,11.152035939800497,11.012372106725298,111.43213817999997,111.43213817999997,0.3131796005089921,0.1396638330751969,1.2682447679905673,0.0,0.3469999999999998,11.188817073730652,11.055806046673922,0.0,0.3152489010542597,0.1330110270567299,1.2030875586565235
2019,ORL,0.246,0.161,0.104,0.128,0.36,0.674,0.422,0.384,0.401,0.356,0.191,0.38,0.509,0.356,0.36,0.168683628318584,90.4,0.782,92.15086646279308,98.1,0.999,0.5086228482003129,0.06876,0.2912399999999999,0.3503337453646477,90.4,0.36,11.177850530486516,10.761771284456348,111.75048016016017,114.68647586467732,0.2765463573573573,0.4160792460301685,3.86627103505841,2.935995704517154,0.3603603603603603,11.170030130729222,10.762360800124329,3.2021377789551355,0.2765463573573573,0.4076693306048931,3.787917336874491
2019,PHI,0.285,0.166,0.105,0.101,0.342,0.696,0.401,0.401,0.401,0.359,0.178,0.367,0.529,0.359,0.342,0.2406020881670533,86.2,0.771,84.84251968503938,101.6,0.999,0.5289680365296805,0.060876,0.281124,0.3572676399026763,86.2,0.342,10.805013266240977,10.485463354161976,109.14537867867868,110.96846215031812,0.2765463573573573,0.3195499120790011,3.0475516559042903,1.8230834716394355,0.3423423423423424,10.848918395476158,10.547867648725225,1.334962105807394,0.2765463573573573,0.3010507467509349,2.854138455058441
2019,PHO,0.301,0.158,0.114,0.093,0.335,0.656,0.407,0.44,0.4,0.329,0.234,0.339,0.525,0.329,0.335,0.201996511627907,86.0,0.779,85.57213930348259,100.5,1.001,0.5242072072072073,0.07839,0.25661,0.3259451697127937,86.0,0.335,10.713984202147415,10.455743901689674,105.78410669330668,106.62215227410492,0.2765463573573573,0.2582403004577429,2.469841485080848,0.8380455807982372,0.3346653346653347,10.827232799313729,10.552063844914228,0.3675358649588549,0.2765463573573573,0.2751689543995006,2.6077263978280696
2019,POR,0.329,0.133,0.09,0.109,0.339,0.621,0.404,0.454,0.428,0.359,0.151,0.366,0.523,0.359,0.339,0.2093399558498896,90.6,0.814,91.42280524722504,99.1,1.0,0.5227730711043873,0.051189,0.287811,0.3577550058892815,90.6,0.339,11.154952477389871,10.879396432532795,113.98704006,113.98704006,0.2765463573573573,0.2755560448570762,2.532824744147355,0.0,0.3389999999999999,11.087170858673163,10.821691431304815,2.0117241206207835e-14,0.2789361705699837,0.265479427368346,2.453215646126927
2019,SAC,0.277,0.199,0.097,0.104,0.321,0.674,0.375,0.404,0.395,0.378,0.2,0.39,0.504,0.378,0.321,0.1772697003329633,90.1,0.726,87.39088263821533,103.1,0.998,0.5045657311669128,0.0642,0.2568,0.3749999999999999,90.1,0.321,11.070507119757306,10.83483406379847,112.82897087174346,114.95930814289775,0.2765463573573573,0.235673055958836,2.1751422732561254,2.130337271154289,0.3216432865731462,11.044983725657854,10.823745147121295,1.8885737410792085,0.2765463573573573,0.2212385785365569,2.0440113429259554
2019,SAS,0.214,0.179,0.156,0.165,0.286,0.68,0.457,0.436,0.431,0.392,0.196,0.456,0.513,0.392,0.286,0.1942147651006711,89.4,0.819,90.94608341810785,98.3,1.0,0.5132408963585434,0.0560559999999999,0.2299439999999999,0.3763980099502487,89.4,0.286,10.89304448145992,10.783204987471173,113.92737276,119.10170840873602,0.2765463573573573,0.1098394939887477,1.0186163957410566,5.174335648736019,0.2859999999999998,10.810607425220216,10.701038620582608,5.314902354323269,0.2765463573573573,0.1095688046376075,1.0239081319346033
2019,TOR,0.279,0.169,0.09,0.083,0.379,0.659,0.452,0.431,0.432,0.366,0.276,0.425,0.539,0.366,0.379,0.1980340522133938,88.1,0.804,87.92415169660678,100.2,1.0,0.5392834138486313,0.104604,0.274396,0.3435082872928177,88.1,0.379,11.161489167280388,10.672002833296863,113.24850621,113.5471428088174,0.2765463573573573,0.4894863339835247,4.586639842863582,0.2986365988173958,0.379,11.13226482883017,10.645794625472217,0.7985416199933879,0.2765463573573573,0.4864702033579551,4.569599738416685
2019,UTA,0.315,0.153,0.073,0.064,0.394,0.684,0.369,0.398,0.412,0.356,0.277,0.374,0.541,0.356,0.394,0.217025641025641,85.8,0.736,85.54336989032902,100.3,0.999,0.5410561983471075,0.109138,0.284862,0.349103734439834,85.8,0.394,11.011235329031704,10.567632159375064,109.40730744744744,109.40730744744744,0.2930466840449844,0.4436031696566402,4.19775369701052,0.0,0.3943943943943944,11.069127156035778,10.709676089683102,0.0,0.3103907309249488,0.3594510663526762,3.3563206145790447
2019,WAS,0.306,0.137,0.086,0.101,0.37,0.698,0.403,0.386,0.393,0.341,0.213,0.36,0.543,0.341,0.37,0.2038086560364465,87.8,0.768,86.58777120315581,101.4,1.0,0.5423619047619047,0.0788099999999999,0.29119,0.3358576874205844,87.8,0.37,10.936093774512734,10.510468466549286,110.79912219999996,111.2485923232832,0.2765463573573573,0.4256253079634486,4.04953698608248,0.4494701232832199,0.3699999999999999,11.066359049474402,10.647957532157916,1.9495516312417748e-14,0.2765463573573573,0.4184015173164859,3.929406330302032
2018,ATL,0.279,0.131,0.105,0.122,0.363,0.635,0.351,0.399,0.411,0.36,0.243,0.426,0.495,0.36,0.363,0.1849712643678161,87.0,0.785,88.50457782299085,98.3,1.0,0.4947927786499215,0.088209,0.274791,0.3388137384412153,87.0,0.363,10.989419197968788,10.465527175330372,106.3914039,106.3914039,0.2504184044044043,0.5238920226384156,5.00588277935341,0.0,0.363,10.983424576725469,10.462721704402286,0.793017644710436,0.2504184044044043,0.5207028723231826,4.976743977660147
2018,BOS,0.259,0.158,0.106,0.12,0.357,0.628,0.364,0.419,0.426,0.377,0.213,0.408,0.491,0.377,0.357,0.1874931818181817,88.0,0.771,91.66666666666669,96.0,1.0,0.4909766718506999,0.076041,0.280959,0.3686099110546378,88.0,0.357,11.13408102948008,10.62366802422508,108.7686424,109.24428512166293,0.2504184044044043,0.510413005254998,4.804489410729951,0.4756427216629078,0.357,11.012243908998906,10.516786532782533,2.137547183146827,0.2504184044044043,0.4954573762163736,4.711109944772129
2018,BRK,0.269,0.175,0.083,0.062,0.411,0.643,0.379,0.4,0.354,0.356,0.201,0.376,0.5,0.356,0.411,0.2005425287356322,87.0,0.772,87.96764408493428,98.9,1.0,0.4998981324278438,0.082611,0.3283889999999999,0.3509687108886108,87.0,0.411,11.196234278700311,10.471193456938158,106.61214030000002,106.61214030000002,0.2504184044044043,0.7250408217621551,6.924146944126486,0.0,0.4109999999999999,11.167512005865408,10.447111830297596,0.636569198564992,0.2504184044044043,0.7204001755678124,6.895687413612106
2018,CHI,0.254,0.165,0.095,0.135,0.35,0.624,0.39,0.388,0.377,0.355,0.184,0.372,0.478,0.355,0.35,0.1643370535714285,89.6,0.759,91.14954221770093,98.3,0.999,0.4785839753466872,0.0644,0.2856,0.3511666666666666,89.6,0.35,11.133225850712044,10.676605262720146,107.17870382382382,108.94433255777118,0.2504184044044043,0.4566205879918978,4.276833101494293,1.7656287339473522,0.3503503503503504,11.085507660661737,10.620103122779986,2.777254255673037,0.2504184044044043,0.465404537881751,4.382297728196849
2018,CHO,0.273,0.16,0.114,0.138,0.314,0.642,0.38,0.408,0.37,0.369,0.154,0.369,0.487,0.369,0.314,0.2327979452054794,87.6,0.747,89.02439024390243,98.4,0.999,0.4870627737226277,0.0483559999999999,0.265644,0.369,87.6,0.314,10.880145496769371,10.569004330730086,106.81064492492492,108.2566976004663,0.2504184044044043,0.3111411660392864,2.943902342197191,1.4460526755413667,0.3143143143143142,10.820178091720422,10.528383810882946,2.205618044045252,0.2504184044044043,0.2917942808374754,2.7715011731986205
2018,CLE,0.297,0.113,0.092,0.119,0.379,0.706,0.368,0.413,0.387,0.372,0.252,0.417,0.54,0.372,0.379,0.2139316338354577,86.3,0.779,88.06122448979592,98.0,1.0,0.5399597423510467,0.095508,0.283492,0.3568395721925133,86.3,0.379,10.96224844388994,10.388235297263206,111.59591942999998,111.59591942999998,0.2587585670182427,0.5740131466267346,5.52560786506211,0.0,0.379,11.001066088804814,10.428292764841778,0.0,0.2504184044044043,0.5727733239630357,5.492493708021873
2018,DAL,0.241,0.135,0.105,0.137,0.382,0.652,0.4,0.385,0.405,0.36,0.169,0.416,0.496,0.36,0.382,0.1659439461883408,89.2,0.763,93.30543933054392,95.6,1.0,0.4968317152103559,0.064558,0.317442,0.3486113116726835,89.2,0.382,11.24259198503013,10.633318088198491,109.35793336,111.49148598353952,0.2504184044044043,0.6092738968316382,5.729856774508124,2.1335526235395434,0.382,11.17294463480558,10.5680204374242,2.990578211695869,0.2504184044044043,0.604924197381381,5.7241013202357305
2018,DEN,0.275,0.204,0.09,0.074,0.357,0.664,0.424,0.441,0.391,0.371,0.167,0.417,0.525,0.371,0.357,0.1973769751693002,88.6,0.767,91.52892561983472,96.8,1.0,0.525225505443235,0.059619,0.2973809999999999,0.3617779111644658,88.6,0.357,11.133932923833596,10.619400354624675,112.84320157999998,113.313223909735,0.2504184044044043,0.5145325692089191,4.845213025468453,0.4700223297350021,0.357,11.046925616073713,10.55979433528647,1.108576595550085,0.2504184044044043,0.4871312807872403,4.61307545696652
2018,DET,0.26,0.185,0.107,0.116,0.333,0.657,0.346,0.433,0.388,0.373,0.227,0.392,0.488,0.373,0.333,0.1692427616926503,89.8,0.745,93.34719334719334,96.2,1.001,0.4882769461077843,0.075591,0.257409,0.3674204398447606,89.8,0.333,11.08336247825098,10.667581529065384,110.11704815184814,111.68754717363876,0.2504184044044043,0.4157809491855939,3.897612106856063,1.5704990217906245,0.3326673326673326,11.054643245102566,10.658977856920632,2.30920004124829,0.2504184044044043,0.3956653881819338,3.71203874792776
2018,GSW,0.267,0.111,0.139,0.144,0.339,0.708,0.424,0.485,0.463,0.391,0.158,0.405,0.56,0.391,0.339,0.1949120750293083,85.3,0.815,85.6425702811245,99.6,1.0,0.5600408472012103,0.053562,0.285438,0.3883729216152019,85.3,0.339,10.830175764668883,10.36358326031732,114.29748763,115.36537190326716,0.2504184044044043,0.4665925043515653,4.502231444776172,1.067884273267154,0.339,10.764258899093736,10.338656551540788,1.374590459958281,0.2504184044044043,0.4256023475529495,4.116611722531016
2018,HOU,0.288,0.104,0.062,0.044,0.502,0.669,0.369,0.454,0.43,0.362,0.228,0.4,0.558,0.362,0.502,0.2333918604651162,86.0,0.781,88.11475409836066,97.6,1.0,0.5584658634538152,0.114456,0.387544,0.3507772020725388,86.0,0.502,11.50893210202465,10.588577999683398,111.24390680000002,111.2439068,0.2854080161571109,0.9203541023412516,8.691951859529867,-1.4210854715202004e-14,0.5020000000000001,11.495296011414109,10.73694552446427,0.0,0.3233331167780015,0.758350486949837,7.063000228714267
2018,IND,0.293,0.136,0.096,0.191,0.284,0.638,0.42,0.449,0.422,0.369,0.22,0.425,0.513,0.369,0.284,0.1730145089285714,89.6,0.779,93.33333333333331,96.0,1.0,0.5136312849162011,0.0624799999999999,0.22152,0.3532051282051281,89.6,0.284,10.886754417402686,10.715741097222727,112.46050816,113.63526377141292,0.2504184044044043,0.1710133201799575,1.595907540396624,1.1747556114129054,0.284,10.81812680829184,10.64797955100908,1.271346995782963,0.2504184044044043,0.1701472572827587,1.5979299778673406
2018,LAC,0.347,0.164,0.083,0.091,0.314,0.659,0.378,0.424,0.378,0.354,0.219,0.338,0.525,0.354,0.314,0.2218680555555555,86.4,0.743,87.53799392097264,98.7,0.999,0.5259197080291972,0.068766,0.245234,0.3584865556978232,86.4,0.314,10.729470600768828,10.625119994882116,108.72945297297298,108.72945297297298,0.2881684873461133,0.1043506058867116,0.9821122579036778,0.0,0.3143143143143143,10.768967236516016,10.689445787020423,-1.9184653865522703e-14,0.2932156628810815,0.0795214494955924,0.7439249057434871
2018,LAL,0.321,0.168,0.086,0.096,0.329,0.67,0.39,0.354,0.378,0.345,0.159,0.372,0.517,0.345,0.329,0.1885419058553387,87.1,0.714,86.839481555334,100.3,1.0,0.5176184798807749,0.052311,0.276689,0.3398953626634958,87.1,0.329,10.800763159857574,10.45340204484918,107.80245931,107.80245931,0.2504184044044043,0.347361115008395,3.3229480079124407,0.0,0.329,10.878844901896716,10.5418655869235,0.0,0.2504184044044043,0.3369793149732132,3.196581403876131
2018,MEM,0.312,0.139,0.1,0.132,0.317,0.62,0.352,0.372,0.398,0.352,0.189,0.35,0.486,0.352,0.317,0.2003352468427095,87.1,0.786,91.7808219178082,94.9,1.0,0.4862430453879941,0.059913,0.257087,0.3524660912453761,87.1,0.317,10.783467487701724,10.480955138960638,104.71234292999998,104.71234292999998,0.2504184044044043,0.3025123487410859,2.886305157595448,0.0,0.317,10.797476467062236,10.49421724099007,0.1884397144579265,0.2504184044044043,0.3032592260721678,2.8897746168970784
2018,MIA,0.28,0.163,0.095,0.104,0.358,0.657,0.416,0.383,0.366,0.36,0.256,0.388,0.508,0.36,0.358,0.1731101021566402,88.1,0.755,92.15481171548116,95.6,1.0,0.508126168224299,0.091648,0.266352,0.3503655913978495,88.1,0.358,11.057330124643634,10.538629505964115,109.23150742,109.27069740806864,0.2504184044044043,0.5187006186795173,4.921898225817412,0.0391899880686281,0.358,11.045410481629771,10.551617203966677,0.9483529441702904,0.2504184044044043,0.4937932776630944,4.679787639353172
2018,MIL,0.31,0.152,0.114,0.127,0.297,0.685,0.373,0.463,0.406,0.355,0.263,0.405,0.531,0.355,0.297,0.220447429906542,85.6,0.783,88.88888888888889,96.3,1.0,0.5311379800853484,0.078111,0.218889,0.3371573948439619,85.6,0.297,10.547606139235038,10.303648506395772,108.50102167999998,108.50102168,0.2504184044044043,0.2439576328392654,2.3676820175672075,1.4210854715202004e-14,0.297,10.643020438842925,10.42157061235364,0.3189229320796292,0.2504184044044043,0.2214498264892856,2.1249179679959207
2018,MIN,0.264,0.196,0.129,0.15,0.261,0.69,0.433,0.432,0.403,0.357,0.226,0.403,0.519,0.357,0.261,0.2253363228699551,89.2,0.804,92.91666666666669,96.0,1.0,0.5185466847090663,0.058986,0.202014,0.3435684754521964,89.2,0.261,10.633383453230154,10.533362714973707,111.72807548,115.06546911397083,0.2504184044044043,0.100020738256445,0.9495613220862564,3.337393633970862,0.261,10.68886683019698,10.613083075684152,3.035662627449537,0.2504184044044043,0.0757837545128286,0.714059750332674
2018,NOP,0.295,0.179,0.099,0.109,0.319,0.667,0.475,0.441,0.396,0.362,0.233,0.399,0.54,0.362,0.319,0.1827482678983834,86.6,0.772,86.16915422885572,100.5,1.001,0.5404882697947214,0.074327,0.244673,0.3507601043024771,86.6,0.319,10.810267456412827,10.473031221122657,111.34375688311688,111.34375688311688,0.2504184044044043,0.3372362352901703,3.220044208500128,0.0,0.3186813186813187,10.801584132225477,10.48112560507346,0.7378584178036703,0.2504184044044043,0.3204585271520166,3.0574819845389234
2018,NYK,0.278,0.156,0.14,0.159,0.266,0.656,0.398,0.442,0.399,0.352,0.194,0.406,0.504,0.352,0.266,0.1707063403781979,89.9,0.787,92.87190082644628,96.8,0.999,0.5044706684856753,0.051604,0.214396,0.3390024813895781,89.9,0.266,10.72981890786876,10.632444008610314,110.37642131131132,112.6699079328119,0.2504184044044043,0.0973748992584475,0.9158279994664564,2.293486621500577,0.2662662662662662,10.75131861182739,10.658725543014356,2.174705574559397,0.2504184044044043,0.0925930688130325,0.8687067552247685
2018,OKC,0.315,0.096,0.105,0.138,0.345,0.639,0.367,0.404,0.375,0.354,0.239,0.372,0.505,0.354,0.345,0.1964247787610619,90.4,0.716,93.4850051706308,96.7,0.999,0.5056376146788991,0.0824549999999999,0.262545,0.34834691195795,90.4,0.345,11.163881190238149,10.819199649285348,111.2225133933934,111.2225133933934,0.2687418704039016,0.3446815409528003,3.1858321514158128,0.0,0.3453453453453453,11.163656720985772,10.776994669147989,0.0,0.2585350629382684,0.386662051837785,3.587846739357748
2018,ORL,0.259,0.18,0.108,0.112,0.342,0.688,0.398,0.347,0.403,0.351,0.178,0.374,0.504,0.351,0.342,0.1801556064073226,87.4,0.757,89.0927624872579,98.1,1.001,0.5044673748103187,0.060876,0.281124,0.3460194647201946,87.4,0.342,10.858725730768231,10.411567027128564,107.13110443556442,109.71571911812998,0.2504184044044043,0.4471587036396673,4.294826153205777,2.584614682565558,0.3416583416583417,10.917627287050538,10.495419162062014,2.4102500528896336,0.2504184044044043,0.4222081249885239,4.022784783238453
2018,PHI,0.272,0.168,0.109,0.107,0.344,0.702,0.401,0.383,0.421,0.369,0.151,0.397,0.526,0.369,0.344,0.197803012746234,86.3,0.752,86.47294589178357,99.8,1.0,0.5260762195121951,0.051944,0.292056,0.3640200235571261,86.3,0.344,10.860782734571345,10.39567586492842,109.82931528,111.56697857580131,0.2504184044044043,0.4651068696429217,4.474041665843376,1.737663295801326,0.344,10.85728133287796,10.4392704122056,1.8545308031744767,0.2504184044044043,0.4180109206723603,4.004215851939441
2018,PHO,0.313,0.145,0.115,0.107,0.32,0.618,0.387,0.399,0.369,0.334,0.209,0.366,0.492,0.334,0.32,0.2034117647058823,86.7,0.741,86.4406779661017,100.3,1.0,0.492525,0.06688,0.25312,0.3255448798988622,86.7,0.32,10.760790004167871,10.456811602851444,103.4800914,103.4800914,0.2504184044044043,0.3039784013164279,2.906989365989321,0.0,0.32,10.82537862746905,10.50964384154937,-1.9251267247000212e-14,0.2504184044044043,0.3157347859196804,3.004238684772909
2018,POR,0.283,0.155,0.111,0.127,0.324,0.609,0.383,0.434,0.418,0.366,0.175,0.386,0.493,0.366,0.324,0.1924276169265033,89.8,0.8,93.05699481865284,96.5,1.0,0.4925621301775148,0.0567,0.2673,0.3617575757575758,89.8,0.324,11.074175029683824,10.727933111292083,109.96221928000004,110.40900796964716,0.2504184044044043,0.3462419183917422,3.2274802126356805,0.4467886896471356,0.324,10.983791421304796,10.635573285444492,1.4909429162566703,0.2504184044044043,0.3482181358603036,3.274089007847492
2018,SAC,0.242,0.205,0.115,0.159,0.278,0.642,0.395,0.385,0.407,0.375,0.2,0.409,0.479,0.375,0.278,0.1430973451327433,90.4,0.735,95.2581664910432,94.9,0.999,0.4789556171983357,0.0556,0.2224,0.3665,90.4,0.278,10.933186213889693,10.779751490736976,109.38254310310312,113.08550935496872,0.2504184044044043,0.1534347231527153,1.4233604854857915,3.702966251865604,0.2782782782782783,10.86335394669276,10.709166904469344,4.108994976676997,0.2504184044044043,0.1541870422234161,1.439766917434704
2018,SAS,0.261,0.169,0.143,0.144,0.282,0.66,0.406,0.416,0.4,0.352,0.235,0.4,0.499,0.352,0.282,0.1895535714285714,89.6,0.772,94.3157894736842,95.0,0.999,0.499249651324965,0.06627,0.2157299999999999,0.3372549019607843,89.6,0.282,10.791282341816126,10.614841662963023,109.31787467467466,112.33926883654937,0.2504184044044043,0.1764406788531012,1.662207355091616,3.02139416187471,0.2822822822822822,10.818496986859357,10.64462492967894,2.655785746462422,0.2504184044044043,0.1738720571804162,1.6334258682580094
2018,TOR,0.291,0.16,0.098,0.074,0.377,0.681,0.414,0.428,0.419,0.358,0.243,0.396,0.541,0.358,0.377,0.1978316498316498,89.1,0.794,91.47843942505132,97.4,1.0,0.5415104333868379,0.091611,0.285389,0.3458018494055482,89.1,0.377,11.150924619102527,10.55916221667019,113.98227093,114.36413266386988,0.2504184044044043,0.5917624024323374,5.604255245724876,0.3818617338698544,0.377,11.17080013369901,10.58642019404559,0.0,0.2504184044044043,0.5843799396534202,5.520090162131575
2018,UTA,0.284,0.151,0.1,0.108,0.357,0.674,0.37,0.398,0.408,0.366,0.268,0.418,0.515,0.366,0.357,0.2021969872537659,86.3,0.779,90.17763845350052,95.7,1.0,0.5150077760497668,0.095676,0.261324,0.3469617486338797,86.3,0.357,10.9025126606986,10.38460946499248,108.31774489,108.41103358657432,0.2504184044044043,0.517903195706122,4.987218801554594,0.0932886965743051,0.3570000000000001,10.922253955503322,10.433278707447602,0.6880473980989253,0.2504184044044043,0.4889752480557199,4.686688257514615
2018,WAS,0.243,0.159,0.139,0.149,0.31,0.673,0.418,0.436,0.405,0.375,0.192,0.376,0.508,0.375,0.31,0.1960774487471526,87.8,0.772,90.89026915113872,96.6,1.0,0.5086231884057971,0.05952,0.25048,0.3747623762376237,87.8,0.31,10.884399603671666,10.566096600554497,110.1292082,113.2650838124234,0.2504184044044043,0.3183030031171689,3.0124937822399334,3.135875612423405,0.31,10.812297674965905,10.511002473151471,3.2669645163453875,0.2504184044044043,0.3012952018144315,2.8664744641059503
2017,WAS,0.3,0.137,0.108,0.169,0.284,0.629,0.429,0.426,0.442,0.372,0.254,0.351,0.515,0.372,0.284,0.1990970654627539,88.6,0.784,90.96509240246408,97.4,0.998,0.515656862745098,0.0721359999999999,0.2118639999999999,0.3791501340482573,88.6,0.284,10.856389848414114,10.583174325387276,111.6900655310621,112.3515077581036,0.2267784895104894,0.2732155230268382,2.5816027840667832,0.6614422270415048,0.284569138276553,10.764737976367549,10.485506528664487,0.6604217313195273,0.2267784895104894,0.2792314477030579,2.663022973088758
2017,UTA,0.297,0.152,0.105,0.118,0.327,0.651,0.413,0.427,0.363,0.372,0.28,0.385,0.511,0.372,0.327,0.2150323699421965,86.5,0.747,94.43231441048036,91.6,0.999,0.5115952380952381,0.09156,0.23544,0.3669444444444444,86.5,0.327,10.882560772548814,10.406706719675142,108.66105755755754,108.66105755755756,0.2267784895104894,0.4758540528736716,4.572570993799707,1.4210854715202004e-14,0.3273273273273274,10.832586615447331,10.373542051746004,0.1810919525608973,0.2267784895104894,0.4590445637013296,4.4251477596706446
2017,TOR,0.254,0.185,0.12,0.153,0.289,0.631,0.45,0.449,0.407,0.363,0.273,0.381,0.505,0.363,0.289,0.233589164785553,88.6,0.796,93.558606124604,94.7,1.001,0.5051615168539325,0.078897,0.2101029999999999,0.3562407152682255,88.6,0.289,10.846386905029917,10.537560304871215,109.68559624375624,111.65198222631604,0.2267784895104894,0.3088266001586994,2.930722019364751,1.9663859825598,0.2887112887112886,10.781697450763849,10.463296828685586,2.822379069183473,0.2267784895104894,0.3184006220782613,3.0430238890418515
2017,SAS,0.255,0.159,0.116,0.191,0.281,0.644,0.429,0.391,0.431,0.391,0.268,0.433,0.5,0.391,0.281,0.2094043035107587,88.3,0.797,93.73673036093416,94.2,1.0020000000000002,0.4994563106796115,0.075308,0.205692,0.3756229508196721,88.3,0.281,10.82550257249829,10.536457492089808,110.65571821357284,112.6587940181583,0.2267784895104894,0.2890450804084832,2.743285213512059,2.003075804585478,0.280439121756487,10.721841707604646,10.442713861396806,2.9226880712549588,0.2267784895104894,0.2791278462078406,2.6729435462143902
2017,SAC,0.258,0.195,0.1,0.155,0.291,0.642,0.421,0.412,0.402,0.376,0.237,0.416,0.496,0.376,0.291,0.2197491248541423,85.7,0.775,90.30558482613276,94.9,0.999,0.4961031073446327,0.0689669999999999,0.2220329999999999,0.3635753604193971,85.7,0.291,10.691491773843865,10.370102527184136,105.9727767967968,107.94178662800684,0.2267784895104894,0.3213892466597272,3.099190637867255,1.9690098312100304,0.2912912912912911,10.61252708936045,10.300592009264628,2.7111851070228608,0.2267784895104894,0.3119350800958216,3.028321865532191
2017,POR,0.299,0.141,0.091,0.148,0.322,0.596,0.418,0.441,0.417,0.375,0.199,0.375,0.499,0.375,0.322,0.2147440273037542,87.9,0.78,90.89968976215098,96.7,1.001,0.4992474226804125,0.064078,0.257922,0.375,87.9,0.322,11.01920327475583,10.59994984313446,109.18550748251748,109.18550748251752,0.2297078980751571,0.4192534316213692,3.955239768355301,2.8421709430404014e-14,0.3216783216783216,10.864085445455492,10.43098550815274,0.5365471868503436,0.2267784895104894,0.4330999373027531,4.152051951028479
2017,PHO,0.306,0.154,0.12,0.165,0.255,0.629,0.412,0.402,0.373,0.332,0.269,0.329,0.491,0.332,0.255,0.2312054794520548,87.6,0.776,87.33798604187437,100.3,1.0,0.4908818791946309,0.068595,0.186405,0.3331039671682627,87.6,0.255,10.505734212547816,10.375375382393267,104.45148059999998,105.68324720769624,0.2267784895104894,0.1303588301545488,1.2564251928249617,1.231766607696258,0.255,10.576529895451468,10.433583449832735,0.8704770312824751,0.2267784895104894,0.1429464456187315,1.3700608837419417
2017,PHI,0.309,0.149,0.092,0.1,0.349,0.638,0.376,0.384,0.344,0.34,0.154,0.406,0.496,0.34,0.349,0.1992572759022118,85.9,0.771,87.20812182741116,98.5,0.999,0.4967600000000001,0.0537459999999999,0.2952539999999999,0.3279858156028369,85.9,0.349,10.778137129169927,10.255164940540558,103.43003175175176,103.43003175175176,0.2267784895104894,0.522972188629371,5.09959802364528,0.0,0.3493493493493492,10.83773053991031,10.308094783197635,-1.907363156306019e-14,0.2267784895104894,0.5296357567126755,5.138056720006023
2017,ORL,0.266,0.168,0.109,0.157,0.3,0.616,0.427,0.413,0.39,0.328,0.182,0.297,0.488,0.328,0.3,0.1831948488241881,89.3,0.747,92.25206611570248,96.8,1.0,0.4883414285714286,0.0545999999999999,0.2454,0.3348973105134474,89.3,0.3,10.846493169938622,10.526005348669418,105.65511639999998,107.73782373625534,0.2267784895104894,0.3204878212692037,3.0447240966841926,2.082707336255353,0.2999999999999999,10.868151699547257,10.524490244962212,2.4722764103051422,0.2267784895104894,0.3436614545850425,3.265350117546495
2017,OKC,0.346,0.146,0.104,0.109,0.295,0.614,0.418,0.391,0.379,0.327,0.252,0.345,0.504,0.327,0.295,0.2198085585585585,88.8,0.745,90.79754601226996,97.8,1.0,0.5041801418439715,0.07434,0.22066,0.3209358288770054,88.8,0.295,10.77700019625445,10.59368270041372,106.9915236,106.9915236,0.2496019354611014,0.1833174958407291,1.7304416322906355,0.0,0.295,10.83744274572124,10.733034013171247,-1.9717560917342783e-14,0.2700345514734548,0.1044087325499916,0.9727792944834056
2017,NYK,0.291,0.126,0.132,0.172,0.279,0.591,0.381,0.44,0.419,0.348,0.229,0.425,0.485,0.348,0.279,0.1879474835886214,91.4,0.788,95.20833333333331,96.0,1.0,0.485624133148405,0.063891,0.215109,0.3251297016861219,91.4,0.279,10.928494526381767,10.676540453736092,109.41293834000004,109.56981723258762,0.2267784895104894,0.2519540726456775,2.3598849621509155,0.1568788925875992,0.2789999999999999,10.904199734617526,10.638277163852894,0.8328795164155731,0.2267784895104894,0.2659225707646317,2.499677031053426
2017,NOP,0.279,0.17,0.094,0.149,0.308,0.627,0.417,0.427,0.38,0.35,0.219,0.373,0.495,0.35,0.308,0.1915621436716077,87.7,0.75,89.48979591836735,98.0,1.0,0.4950592485549133,0.067452,0.240548,0.3435505761843789,87.7,0.308,10.840149322142109,10.466466195229398,106.32320024,107.42556302053389,0.2267784895104894,0.3736831269127112,3.570289340666255,1.1023627805338805,0.308,10.81903612127028,10.442171308585362,1.641107784872912,0.2267784895104894,0.3768648126849179,3.6090656008972655
2017,MIN,0.304,0.164,0.097,0.186,0.249,0.645,0.437,0.392,0.402,0.349,0.268,0.393,0.507,0.349,0.249,0.229058690744921,88.6,0.799,93.65750528541228,94.6,1.0,0.5067163781624502,0.066732,0.1822679999999999,0.3328907103825136,88.6,0.249,10.567461626672744,10.441027491095506,108.90057246,109.84189840633115,0.2267784895104894,0.1264341355772398,1.2109357597714254,0.9413259463311618,0.2489999999999999,10.593080881636872,10.478765234437867,1.2870317415024952,0.2267784895104894,0.114315647199005,1.090926694524219
2017,MIL,0.351,0.174,0.077,0.108,0.29,0.644,0.402,0.377,0.387,0.37,0.276,0.388,0.516,0.37,0.29,0.2102645011600928,86.2,0.768,91.2169312169312,94.5,0.9999999999999998,0.5166436619718312,0.08004,0.2099599999999999,0.3631381215469613,86.2,0.29,10.665443161927865,10.624844180346829,108.646911,108.646911,0.2796293383745971,0.0405989815810361,0.3821136657809365,0.0,0.29,10.63832396211527,10.606277804646934,0.0,0.2815338178637411,0.0320461574683363,0.3021432971923143
2017,MIA,0.29,0.169,0.094,0.131,0.314,0.63,0.412,0.387,0.389,0.365,0.301,0.4,0.496,0.365,0.314,0.1770903010033444,89.7,0.706,94.22268907563024,95.2,0.998,0.4965862573099415,0.094514,0.219486,0.3499284692417739,89.7,0.314,11.060475618774383,10.635691016253954,110.20552785571142,110.2055278557114,0.2267784895104894,0.4247846025204289,3.993953960031882,-1.4210854715202004e-14,0.3146292585170341,11.006004544657118,10.600642556951644,0.8862119564293592,0.2267784895104894,0.4053619877054739,3.8239378936482327
2017,MEM,0.288,0.158,0.092,0.144,0.316,0.58,0.416,0.385,0.38,0.354,0.192,0.409,0.473,0.354,0.316,0.219625,89.6,0.784,97.0747562296858,92.3,0.998,0.4734721407624633,0.060672,0.255328,0.3409306930693069,89.6,0.316,11.005763350318484,10.60041656516727,106.32340008016033,106.32340008016033,0.2267784895104894,0.4053467851512131,3.823876002035376,0.0,0.3166332665330661,10.940114394222826,10.524783870251438,1.1877983328568518,0.2267784895104894,0.415330523971388,3.946214279471616
2017,LAL,0.299,0.187,0.103,0.118,0.295,0.633,0.397,0.379,0.39,0.346,0.217,0.368,0.493,0.346,0.295,0.194882618510158,88.6,0.754,89.94923857868021,98.5,1.002,0.493016973125884,0.064015,0.230985,0.3399029374201788,88.6,0.295,10.791462254879203,10.480271254578374,106.8462150299401,107.71059978569804,0.2267784895104894,0.3111910003008304,2.969302919186223,0.8643847557579392,0.2944111776447106,10.82176513565344,10.505363094187222,0.7671028528664804,0.2267784895104894,0.316402041466219,3.011814428777715
2017,LAC,0.275,0.118,0.081,0.196,0.329,0.661,0.419,0.423,0.439,0.375,0.198,0.423,0.525,0.375,0.329,0.2322190034762456,86.3,0.745,89.80228928199793,96.1,0.999,0.5246626865671641,0.065142,0.263858,0.3631496259351621,86.3,0.329,10.90834708671654,10.417182431113996,110.18391805805804,110.9937758882008,0.2267784895104894,0.4911646556025442,4.714947240777279,0.8098578301427466,0.3293293293293293,10.805961360444586,10.334406353166472,1.123594344737132,0.2267784895104894,0.4715550072781145,4.562961733487758
2017,IND,0.241,0.186,0.107,0.194,0.272,0.625,0.464,0.417,0.418,0.376,0.258,0.403,0.498,0.376,0.272,0.2113043478260869,87.4,0.81,91.13660062565172,95.9,1.0,0.4981318681318681,0.070176,0.201824,0.3666118598382749,87.4,0.272,10.727421499486256,10.48980180358716,108.20546512,110.45418048692105,0.2267784895104894,0.2376196958990934,2.265244857322624,2.248715366921033,0.272,10.623126334508166,10.378183306279713,3.892194974142385,0.2267784895104894,0.2449430282284534,2.3601724984009698
2017,HOU,0.321,0.125,0.041,0.051,0.462,0.667,0.391,0.375,0.373,0.357,0.202,0.391,0.552,0.357,0.462,0.2329769585253456,86.8,0.766,86.8,100.0,1.0,0.5527509293680298,0.093324,0.368676,0.3483934837092731,86.8,0.462,11.369271862120838,10.967720114455142,111.45951543999998,111.45951543999998,0.3656127391270539,0.401551747665696,3.6612143952913456,0.0,0.462,11.371194374885468,10.920174155080938,0.0,0.3513465776131662,0.4510202198045299,4.130155924250345
2017,GSW,0.303,0.102,0.107,0.129,0.359,0.69,0.408,0.43,0.469,0.383,0.208,0.409,0.557,0.383,0.359,0.2042626728110599,86.8,0.788,86.97394789579158,99.8,1.0,0.5572496099843993,0.0746719999999999,0.284328,0.3761717171717172,86.8,0.359,11.01061576057546,10.38785515130806,115.23646988,115.23646988000004,0.2278410982741396,0.6227606092673987,5.9950836837475485,2.8421709430404014e-14,0.359,10.949456275901248,10.358999140037277,0.0,0.2267784895104894,0.5904571358639714,5.699943864092716
2017,DET,0.25,0.189,0.141,0.157,0.263,0.646,0.384,0.445,0.416,0.33,0.203,0.384,0.492,0.33,0.263,0.1563379978471474,92.9,0.719,97.78947368421052,95.0,1.0,0.4913609226594301,0.053389,0.209611,0.316245922208281,92.9,0.263,10.900350976408491,10.711926820848698,110.65594913,114.038190660979,0.2267784895104894,0.1884241555597956,1.759012722090891,3.3822415309790017,0.263,10.950747764637748,10.75780218689308,3.458670585110217,0.2267784895104894,0.1929455777446662,1.7935408589288215
2017,DEN,0.33,0.156,0.078,0.108,0.329,0.626,0.441,0.386,0.397,0.368,0.192,0.387,0.519,0.368,0.329,0.2133070866141732,88.9,0.774,90.43743641912512,98.3,1.001,0.5183928571428573,0.063168,0.265832,0.3634851485148514,88.9,0.329,11.048407207674456,10.762581477300104,112.1405914685315,112.1405914685315,0.2637628338165019,0.2858257303743521,2.6557358100117723,0.0,0.3286713286713286,10.953885963870247,10.636949926530116,-1.9739765377835285e-14,0.2549508786632426,0.3169360373401311,2.979576283889851
2017,DAL,0.201,0.127,0.116,0.189,0.366,0.637,0.444,0.441,0.391,0.355,0.196,0.371,0.489,0.355,0.366,0.1795033783783783,88.8,0.801,96.31236442516268,92.2,0.999,0.4889099526066351,0.071736,0.294264,0.3510995024875621,88.8,0.366,11.153768204628742,10.50729570812698,107.45165333333333,111.06741275051876,0.2267784895104894,0.6464724965017616,6.152605907928721,3.6157594171854575,0.3663663663663663,11.08565085209904,10.39034918871483,4.775611569544937,0.2267784895104894,0.6953016633842122,6.691802659908608
2017,CLE,0.284,0.11,0.092,0.115,0.399,0.666,0.362,0.427,0.425,0.384,0.293,0.412,0.528,0.384,0.399,0.2054004576659038,87.4,0.748,90.85239085239084,96.2,1.0,0.5276589018302829,0.116907,0.282093,0.3723960396039604,87.4,0.399,11.276865145288149,10.626387865961364,112.93951234,112.93951234,0.2598211229223561,0.6504772793267826,6.121339513781554,0.0,0.3989999999999999,11.165887418323305,10.397468088586402,0.0,0.2267784895104894,0.7684193297369024,7.39044662787105
2017,CHO,0.282,0.133,0.099,0.152,0.335,0.61,0.4,0.419,0.38,0.351,0.133,0.377,0.488,0.351,0.335,0.2274632768361581,88.5,0.815,92.47648902821317,95.7,1.001,0.4871786786786785,0.044555,0.290445,0.3470115340253748,88.5,0.335,10.963861600311418,10.479299834592997,106.45336993006993,106.94929691534026,0.2267784895104894,0.4845617657184231,4.623989897863656,0.4959269852703443,0.3346653346653347,10.923906043914922,10.428244999052156,1.435789022727961,0.2267784895104894,0.4956610448627661,4.753062906633065
2017,CHI,0.28,0.167,0.117,0.179,0.256,0.6,0.449,0.393,0.377,0.34,0.288,0.415,0.479,0.34,0.256,0.2063036303630362,90.9,0.798,95.38300104931794,95.3,0.999,0.4797402422611035,0.073728,0.182272,0.3096629213483147,90.9,0.256,10.73880386975524,10.576240872262773,107.43361810810812,107.6797223462998,0.2267784895104894,0.1625629974924685,1.5370583882861943,0.2461042381916769,0.2562562562562562,10.762536593710168,10.604936434510462,2.1576864274285867,0.2267784895104894,0.1576001591997062,1.4861018750366606
2017,BRK,0.309,0.173,0.077,0.07,0.371,0.613,0.418,0.391,0.374,0.338,0.215,0.375,0.506,0.338,0.371,0.2275608591885441,83.8,0.788,82.72458045409674,101.3,1.0,0.5055930047694753,0.079765,0.291235,0.3278662420382165,83.8,0.371,10.787750425653286,10.274794148979328,101.58511701999998,101.58511701999998,0.2459976339897693,0.5129562766739593,4.992375216830158,0.0,0.371,10.809730417131496,10.279475956057802,0.0,0.2478092294481484,0.5302544610736959,5.158380284563169
2017,BOS,0.296,0.129,0.071,0.111,0.393,0.632,0.395,0.417,0.405,0.359,0.22,0.41,0.515,0.359,0.393,0.2201746575342465,87.6,0.807,90.49586776859503,96.8,1.0,0.5149736408566722,0.08646,0.30654,0.3446153846153846,87.6,0.393,11.17037830117012,10.544054798105044,109.24768572,109.24768572,0.2497201145617374,0.6263235030650787,5.9400630502948415,0.0,0.3929999999999999,11.125633087564044,10.437688961833656,0.0,0.239041782018169,0.6879441257303878,6.590962120503074
2017,ATL,0.331,0.117,0.092,0.151,0.309,0.616,0.349,0.394,0.429,0.341,0.234,0.388,0.501,0.341,0.309,0.2146666666666666,85.8,0.728,88.09034907597535,97.4,1.0,0.500370477568741,0.072306,0.236694,0.3266422976501305,85.8,0.309,10.697725230735289,10.387736507656504,103.93366697999998,103.93366697999996,0.2348876332446474,0.3099887230787832,2.9841796896783013,-1.4210854715202004e-14,0.309,10.724385053384912,10.475814342283105,0.0,0.2513343617071361,0.2485707111018076,2.3728056166336664
2016,ATL,0.326,0.121,0.078,0.138,0.336,0.623,0.377,0.431,0.415,0.35,0.244,0.36,0.512,0.35,0.336,0.1850892236384704,86.3,0.783,88.87744593202883,97.1,0.999,0.5122217194570136,0.081984,0.254016,0.3467724867724867,86.3,0.336,10.847624352548534,10.323675218736737,106.59130693693692,106.59130693693692,0.2151039928817709,0.523949133811799,5.075219073735182,0.0,0.3363363363363364,10.82482538623494,10.32158407504346,0.0,0.2208167120631121,0.5032413111914789,4.875620907921152
2016,BOS,0.318,0.141,0.094,0.154,0.293,0.624,0.355,0.378,0.373,0.335,0.232,0.345,0.483,0.335,0.293,0.207920177383592,90.2,0.788,91.57360406091372,98.5,1.0,0.4829717114568598,0.067976,0.225024,0.3319791666666666,90.2,0.293,10.790382060291238,10.267843105470702,106.62340854,106.62340854000004,0.1778538378378378,0.5225389548205364,5.089081995634781,2.8421709430404014e-14,0.293,10.890193564324562,10.36224357632462,-2.0028423364237825e-14,0.1795783916328628,0.527949987999941,5.094938987983144
2016,BRK,0.284,0.211,0.106,0.181,0.218,0.608,0.425,0.404,0.392,0.352,0.309,0.391,0.481,0.352,0.218,0.1860351075877689,88.3,0.757,92.75210084033613,95.2,1.0,0.4809757033248081,0.067362,0.150638,0.33456005788712,88.3,0.218,10.500380732809672,10.299256854032532,105.22288926,106.83838651925944,0.1778538378378378,0.201123878777139,1.9527999119508528,1.615497259259442,0.218,10.439212597207158,10.245452994402456,2.459046670449649,0.1778538378378378,0.1937596028047021,1.8911765337322084
2016,CHI,0.291,0.162,0.117,0.185,0.244,0.573,0.391,0.4,0.398,0.371,0.224,0.397,0.464,0.371,0.244,0.1891240310077519,90.3,0.787,94.35736677115987,95.7,0.999,0.4642582781456955,0.054656,0.189344,0.3634948453608247,90.3,0.244,10.777057569977474,10.46205748579385,106.66204363363364,106.66204363363364,0.1778538378378378,0.3150000841836249,3.010880838796348,0.0,0.2442442442442442,10.663442493945254,10.345311817148204,1.7024374091219876,0.1778538378378378,0.3181306767970504,3.075119265808146
2016,CHO,0.274,0.129,0.093,0.156,0.348,0.599,0.394,0.383,0.397,0.362,0.171,0.409,0.479,0.362,0.348,0.2212,87.5,0.79,91.52719665271968,95.6,1.0,0.4792990797546012,0.059508,0.2884919999999999,0.3523051869722557,87.5,0.348,11.020300477528645,10.255628299971676,105.37792999999998,105.37792999999998,0.1778538378378378,0.7646721775569691,7.456122191549008,0.0,0.3479999999999999,10.917908218899845,10.147145787106076,1.4297921839992678,0.1778538378378378,0.77076243179377,7.595854518747269
2016,CLE,0.28,0.149,0.095,0.125,0.352,0.658,0.391,0.378,0.438,0.362,0.26,0.391,0.514,0.362,0.352,0.193491601343785,89.3,0.748,95.71275455519827,93.3,1.001,0.5133420647149463,0.09152,0.26048,0.3518108108108108,89.3,0.352,11.127081280602756,10.299320183972942,111.50965937062936,111.50965937062936,0.1778538378378378,0.8277610966298141,8.03704595879946,-1.4210854715202004e-14,0.3516483516483516,11.08898036809988,10.293443678425092,0.8254618356188933,0.1778538378378378,0.7955366896747869,7.72857669918785
2016,DAL,0.243,0.149,0.111,0.159,0.339,0.656,0.369,0.431,0.412,0.344,0.213,0.39,0.495,0.344,0.339,0.2107084282460137,87.8,0.794,93.10710498409333,94.3,1.001,0.49507250755287,0.072207,0.266793,0.3315501905972045,87.8,0.339,10.879590933908396,10.132349255914743,105.91016655344654,108.42407535941584,0.1778538378378378,0.7472416779936513,7.374811695890271,2.513908805969308,0.3386613386613387,10.915769525881284,10.151305046053738,2.886725491007868,0.1778538378378378,0.7644644798275468,7.530701484778324
2016,DEN,0.342,0.158,0.08,0.142,0.277,0.586,0.389,0.373,0.397,0.338,0.21,0.34,0.482,0.338,0.277,0.2163841807909604,88.5,0.766,92.47648902821317,95.7,0.999,0.4821163434903046,0.05817,0.21883,0.3374683544303797,88.5,0.277,10.726548778159476,10.450365479935511,104.7545885885886,104.7545885885886,0.2127673800330052,0.2761832982239642,2.642809945300284,0.0,0.2772772772772772,10.70674185642891,10.400078987068907,0.0,0.2069738527776049,0.306662869360002,2.9486590413524416
2016,DET,0.293,0.184,0.104,0.116,0.303,0.611,0.369,0.41,0.388,0.345,0.254,0.374,0.48,0.345,0.303,0.1974311111111111,90.0,0.668,94.63722397476342,95.1,1.0,0.4800100430416068,0.076962,0.226038,0.3351260053619303,90.0,0.303,10.997977153339765,10.433034315195004,106.814583,106.814583,0.1778538378378378,0.5649428381447574,5.414942777691789,0.0,0.303,10.931119792134371,10.380773805838428,0.0,0.1778538378378378,0.5503459862959446,5.301589232070691
2016,GSW,0.301,0.125,0.093,0.119,0.362,0.66,0.362,0.422,0.452,0.416,0.229,0.413,0.528,0.416,0.362,0.1911885057471264,87.0,0.763,87.61329305135952,99.3,1.0,0.5281253918495298,0.082898,0.279102,0.4168910505836576,87.0,0.362,11.166892196042228,10.658168080384227,115.38007860000002,115.38007860000003,0.2583781220869076,0.5087241156579978,4.773091508983396,1.4210854715202004e-14,0.362,10.973480725670472,10.164194118265282,-1.9317880628477724e-14,0.17933791505306,0.8092866074051894,7.962132540846345
2016,HOU,0.321,0.164,0.064,0.082,0.37,0.651,0.356,0.4,0.379,0.347,0.307,0.36,0.514,0.347,0.37,0.2435948174322732,84.9,0.694,86.98770491803279,97.6,1.001,0.5135229793977815,0.11359,0.25641,0.3412409812409812,84.9,0.37,10.882610660464168,10.29095572024666,104.62133703296706,104.62133703296703,0.2307535908146843,0.5916549402175075,5.749271071621376,-2.8421709430404014e-14,0.3696303696303696,10.895629248661043,10.354070397103465,-1.8851586958135162e-14,0.2389061682488797,0.5415588515575802,5.230395687758516
2016,IND,0.27,0.133,0.108,0.219,0.27,0.635,0.435,0.39,0.381,0.351,0.273,0.398,0.486,0.351,0.27,0.2047835051546391,87.3,0.764,90.37267080745342,96.6,1.0,0.4861150684931507,0.07371,0.19629,0.3333507565337,87.3,0.27,10.61460862152695,10.181667712311288,104.7696903,106.9010292515494,0.1778538378378378,0.4329409092156613,4.252161055031922,2.131338951549381,0.2699999999999999,10.607827842092648,10.167428919205038,1.974626166306109,0.1778538378378378,0.4403989228876082,4.331467929475741
2016,LAC,0.239,0.129,0.093,0.215,0.324,0.674,0.438,0.425,0.417,0.364,0.226,0.405,0.513,0.364,0.324,0.2204028103044496,85.4,0.692,89.14405010438414,95.8,1.0,0.5129704142011834,0.073224,0.250776,0.3520284237726098,85.4,0.324,10.829032278748665,10.133536573481,106.76465464000005,109.84302600585752,0.1778538378378378,0.695495705267664,6.863306805323477,3.0783713658574783,0.324,10.713383359413257,10.062033057590536,3.046950464356131,0.1778538378378378,0.6513503018227222,6.473346868318641
2016,LAL,0.255,0.163,0.125,0.168,0.29,0.59,0.403,0.369,0.358,0.317,0.192,0.33,0.454,0.317,0.29,0.2276813559322034,88.5,0.781,92.5732217573222,95.6,1.001,0.4534571026722925,0.05568,0.23432,0.3139108910891088,88.5,0.29,10.656162843852943,10.18136701598118,99.52486318681318,99.52486318681318,0.1778538378378378,0.4747958278717661,4.663379948159241,0.0,0.2897102897102897,10.75401652916255,10.222023428950497,2.8419969718013838,0.1778538378378378,0.5319931002120537,5.20438153864291
2016,MEM,0.313,0.19,0.103,0.172,0.222,0.583,0.389,0.416,0.392,0.331,0.268,0.324,0.471,0.331,0.222,0.2313808988764045,89.0,0.783,95.39121114683816,93.3,1.0,0.4712866323907454,0.059496,0.162504,0.3335628415300546,89.0,0.222,10.491767170222282,10.296856160713238,103.4825962,103.4825962,0.1778538378378378,0.1949110095090436,1.892917667945193,1.4210854715202004e-14,0.222,10.487021533796527,10.279660414257362,1.2837370040203744,0.1778538378378378,0.2073611195391649,2.017198148409305
2016,MIA,0.303,0.166,0.128,0.182,0.221,0.663,0.422,0.407,0.401,0.336,0.372,0.358,0.508,0.336,0.221,0.2096258660508083,86.6,0.744,92.52136752136752,93.6,1.0,0.5083684210526316,0.082212,0.138788,0.3229681528662421,86.6,0.221,10.311888591046175,10.091913454438671,105.98314974000002,107.85248277164038,0.1778538378378378,0.219975136607502,2.179716835668577,1.869333031640366,0.221,10.36092010979186,10.15481197293913,1.3426843670532258,0.1778538378378378,0.2061081368527304,2.029659804651973
2016,MIL,0.365,0.19,0.106,0.149,0.189,0.617,0.402,0.397,0.387,0.345,0.282,0.353,0.495,0.345,0.189,0.2061581986143187,86.6,0.747,91.932059447983,94.2,0.999,0.4954691358024692,0.053298,0.135702,0.341857938718663,86.6,0.189,10.234254934795969,10.202023074347624,104.80366674674676,104.80366674674676,0.181548674656724,0.0322318604483449,0.3159359689098417,0.0,0.1891891891891892,10.207265198337822,10.1879277105809,0.0,0.1846750725842376,0.0193374877569212,0.1898078618759457
2016,MIN,0.298,0.16,0.101,0.239,0.202,0.661,0.41,0.372,0.4,0.338,0.208,0.386,0.496,0.338,0.202,0.2633751479289941,84.5,0.792,88.76050420168067,95.2,1.0,0.4959273182957393,0.042016,0.159984,0.3253939393939394,84.5,0.202,10.04934737454401,9.922915984085533,101.9482191,104.41766372294391,0.1778538378378378,0.1264313904584764,1.2741354523332582,2.469444622943925,0.202,10.11369007280853,9.998037207592706,2.112696758939293,0.1778538378378378,0.115652865215825,1.156755699288614
2016,NOP,0.304,0.144,0.101,0.174,0.277,0.597,0.38,0.385,0.419,0.36,0.229,0.332,0.482,0.36,0.277,0.2012502831257078,88.3,0.776,91.2190082644628,96.8,1.0,0.4813264177040111,0.063433,0.213567,0.3683164721141375,88.3,0.277,10.768379879050611,10.308256391213504,106.03154949,106.03154949,0.1778538378378378,0.4601234878371105,4.463640312917594,0.0,0.277,10.70092024947058,10.239654807691776,0.5545220122000091,0.1778538378378378,0.4612654417788064,4.504697184052686
2016,NYK,0.245,0.154,0.143,0.201,0.256,0.585,0.425,0.407,0.412,0.346,0.231,0.405,0.471,0.346,0.256,0.2046304591265398,89.3,0.805,95.610278372591,93.4,0.999,0.4707779273216688,0.059136,0.196864,0.3282769830949284,89.3,0.256,10.698890560008666,10.351039707756035,104.76401574574572,105.90417616681177,0.1778538378378378,0.3478508522526304,3.3605402169599063,1.140160421066028,0.2562562562562562,10.65661364247527,10.252713755454993,3.355388288468951,0.1778538378378378,0.4038998870202768,3.9394437087973966
2016,OKC,0.33,0.126,0.122,0.146,0.275,0.626,0.438,0.478,0.41,0.349,0.291,0.357,0.524,0.349,0.275,0.2285981941309255,88.6,0.782,91.62357807652532,96.7,0.999,0.5247845303867402,0.080025,0.194975,0.3457165021156558,88.6,0.275,10.750780963158409,10.310231653041956,111.15913865865863,111.15913865865866,0.1778538378378378,0.4405493101164524,4.272933188523176,1.4210854715202004e-14,0.2752752752752753,10.715097501923504,10.334087643968289,0.0,0.1921184372127747,0.3810098579552168,3.686923036477263
2016,ORL,0.296,0.15,0.093,0.206,0.255,0.609,0.422,0.409,0.409,0.35,0.241,0.37,0.492,0.35,0.255,0.1752785234899328,89.4,0.757,93.125,96.0,1.0,0.4910805369127517,0.0614549999999999,0.193545,0.3436495388669301,89.4,0.255,10.736888972959482,10.383609434137568,107.8552443,109.0770679574021,0.1778538378378378,0.3532795388219139,3.402280691148274,1.2218236574020835,0.2549999999999999,10.670839434295948,10.307352075900758,1.1854313465711916,0.1778538378378378,0.3634873583951901,3.5264862955932896
2016,PHI,0.311,0.166,0.096,0.099,0.327,0.628,0.341,0.361,0.338,0.339,0.234,0.366,0.476,0.339,0.327,0.1865328638497652,85.2,0.694,87.02757916241062,97.9,0.999,0.4762380952380953,0.076518,0.250482,0.3307519582245431,85.2,0.327,10.681394093985222,10.131016966050522,100.21430390390393,100.21430390390393,0.2004336628791089,0.5503771279347003,5.432595067001045,0.0,0.3273273273273273,10.741805523469456,10.103847176809218,0.0,0.1778538378378378,0.6379583466602377,6.314014211581776
2016,PHO,0.3,0.151,0.092,0.155,0.302,0.614,0.349,0.396,0.362,0.348,0.226,0.368,0.472,0.348,0.302,0.203323732718894,86.8,0.751,88.12182741116752,98.5,1.0,0.4719785100286533,0.068252,0.233748,0.3421602067183462,86.8,0.302,10.704279878498587,10.13915261881103,102.27815864,102.27815864,0.1778538378378378,0.5651272596875572,5.573712921917018,0.0,0.302,10.73535127573247,10.171257661703038,0.4954846053778484,0.1778538378378378,0.5640936140294315,5.545957371165256
2016,POR,0.282,0.137,0.092,0.157,0.332,0.607,0.361,0.436,0.423,0.37,0.238,0.388,0.49,0.37,0.332,0.2018582677165354,88.9,0.754,92.60416666666669,96.0,1.0,0.4897514970059881,0.079016,0.252984,0.3643779527559055,88.9,0.332,11.097217958421831,10.384606570098189,108.91803971999998,108.91803971999998,0.1778538378378378,0.7126113883236442,6.86218956407616,0.0,0.3319999999999999,10.978732937120748,10.269884592406871,0.9122469787433688,0.1778538378378378,0.7088483447138749,6.902203606435542
2016,SAC,0.297,0.223,0.066,0.155,0.26,0.65,0.404,0.411,0.389,0.359,0.23,0.418,0.5,0.359,0.26,0.2135331781140861,85.9,0.725,85.9,100.0,1.001,0.5000850202429149,0.0598,0.2002,0.3413766233766233,85.9,0.26,10.518406961194112,10.131014074355813,105.3834501198801,106.6185301756974,0.1778538378378378,0.387392886838299,3.823831296601288,1.235080055817292,0.2597402597402597,10.526021861773163,10.142710628760383,0.712735225911205,0.1778538378378378,0.3833112330127814,3.779179422962886
2016,SAS,0.264,0.175,0.137,0.201,0.223,0.667,0.452,0.44,0.421,0.375,0.283,0.373,0.515,0.375,0.223,0.1973397508493771,88.3,0.803,94.136460554371,93.8,1.0000000000000002,0.5149150579150578,0.063109,0.159891,0.37578940027894,88.3,0.223,10.5079935053432,10.249891687428963,111.25364681,114.34457530166506,0.1778538378378378,0.258101817914234,2.5180931251281846,3.090928491665053,0.223,10.441771934480691,10.206230970693731,3.086935179987161,0.1778538378378378,0.2355409637869598,2.30781533813309
2016,TOR,0.277,0.187,0.111,0.139,0.287,0.624,0.409,0.394,0.374,0.37,0.29,0.413,0.483,0.37,0.287,0.255134328358209,87.1,0.777,93.756727664155,92.9,1.001,0.4832647058823528,0.0832299999999999,0.2037699999999999,0.3524366197183098,87.1,0.287,10.728811028819887,10.19799029123841,105.6290327272727,106.02546871616128,0.1778538378378378,0.5308207375814789,5.205150450452312,0.3964359888885838,0.2867132867132865,10.678060733649088,10.16484266287464,1.5820831305610514,0.1778538378378378,0.513218070774446,5.04895243139265
2016,UTA,0.282,0.177,0.119,0.126,0.297,0.633,0.394,0.401,0.378,0.355,0.314,0.389,0.488,0.355,0.297,0.2126934557979334,87.1,0.744,95.71428571428572,91.0,1.001,0.4880553977272727,0.093258,0.2037419999999999,0.3394373177842565,87.1,0.297,10.745347066805191,10.184284735681455,105.12557558441556,105.8014043697547,0.1778538378378378,0.5610623311237344,5.509099025462305,0.6758287853391352,0.2967032967032966,10.73537400919862,10.185410051906056,1.1103718810397452,0.1778538378378378,0.5499639572925634,5.399526916342912
2016,WAS,0.291,0.129,0.111,0.188,0.282,0.638,0.41,0.415,0.4,0.358,0.246,0.382,0.501,0.358,0.282,0.1917511520737327,86.8,0.73,88.12182741116752,98.5,1.001,0.5004353268428372,0.0693719999999999,0.2126279999999999,0.3501697612732095,86.8,0.282,10.69979284924097,10.216581259147732,106.48982125874126,107.55266916669272,0.1778538378378378,0.4832115900932372,4.729679898161421,1.0628479079514648,0.2817182817182815,10.667189776555997,10.18350535344886,0.8121790783382966,0.1778538378378378,0.4836844231071371,4.749684969167589
2015,ATL,0.291,0.157,0.08,0.151,0.321,0.635,0.393,0.386,0.441,0.38,0.275,0.421,0.506,0.38,0.321,0.2019031141868512,86.7,0.778,92.33226837060704,93.9,1.0,0.5065640648011782,0.088275,0.232725,0.3644482758620689,86.7,0.321,10.8914515151155,10.29576930017154,108.96992673,108.96992673,0.1922774390984666,0.5956822149439596,5.785698936883077,0.0,0.321,10.797003017617552,10.15611441745072,-1.9251267247000212e-14,0.1802733785919072,0.6408886001668321,6.310371996849762
2015,BOS,0.28,0.144,0.103,0.193,0.28,0.621,0.384,0.407,0.416,0.327,0.204,0.374,0.488,0.327,0.28,0.1752136563876652,90.8,0.754,94.78079331941544,95.8,1.0,0.4880347222222221,0.05712,0.22288,0.3149547738693468,90.8,0.28,10.825015441424156,10.365245006372566,107.4093176,108.65922301456148,0.1751681681681681,0.4597704350515883,4.435692882984643,1.249905414561482,0.2799999999999999,10.860765213818464,10.372100423098413,0.962090821901924,0.1751681681681681,0.4886647907200512,4.711338791435216
2015,BRK,0.269,0.213,0.115,0.163,0.24,0.615,0.444,0.408,0.397,0.331,0.285,0.389,0.489,0.331,0.24,0.1996923076923077,88.4,0.748,95.361380798274,92.7,1.0,0.4889973684210527,0.0683999999999999,0.1716,0.3078811188811189,88.4,0.24,10.5542143898014,10.250866458684865,105.14932480000002,106.38033555144185,0.1751681681681681,0.3033479311165354,2.9592418586189773,1.2310107514418291,0.2399999999999999,10.54501029870098,10.238795947616108,1.975748029009992,0.1751681681681681,0.306214351084872,2.9907261815894204
2015,CHI,0.312,0.156,0.1,0.163,0.269,0.586,0.392,0.372,0.401,0.353,0.218,0.388,0.474,0.353,0.269,0.2382658371040723,88.4,0.783,95.25862068965516,92.8,1.0,0.4740725034199726,0.058642,0.210358,0.3432429667519181,88.4,0.269,10.713419251439513,10.332575773520356,104.67427204,104.67427203999998,0.1827562798602095,0.3808434779191554,3.685852262464473,-2.8421709430404014e-14,0.269,10.662012559048929,10.249752458535632,0.0,0.1782053366082532,0.4122601005132953,4.022146897508527
2015,CHO,0.263,0.153,0.124,0.234,0.226,0.572,0.382,0.389,0.39,0.318,0.176,0.389,0.45,0.318,0.226,0.2013526140155728,89.9,0.748,96.66666666666669,93.0,1.0,0.4501007751937984,0.039776,0.186224,0.3028349514563107,89.9,0.226,10.533159382066575,10.327554513319267,100.78485826,100.78485826,0.1751681681681681,0.2056048687473062,1.9908378937350648,0.0,0.226,10.552049702245943,10.308077691965734,2.5203178413265,0.1751681681681681,0.2439720102802116,2.366804146910595
2015,CLE,0.295,0.155,0.092,0.124,0.334,0.647,0.36,0.387,0.432,0.367,0.289,0.365,0.504,0.367,0.334,0.2152979683972911,88.6,0.751,95.99133261105092,92.3,1.0,0.5042597597597598,0.096526,0.237474,0.3678129395218002,88.6,0.334,11.01748379351079,10.317888945203885,110.00882556,110.00882555999998,0.1816685086580233,0.6995948483069068,6.780406845065956,-1.4210854715202004e-14,0.334,10.978170066892783,10.36499849054134,1.9673151996357773e-14,0.1977489679403852,0.613171576351446,5.915790310157787
2015,DAL,0.288,0.14,0.094,0.182,0.296,0.659,0.382,0.42,0.417,0.352,0.229,0.393,0.509,0.352,0.296,0.1970526315789473,89.3,0.752,93.80252100840336,95.2,1.0,0.509440340909091,0.067784,0.228216,0.3398223086900129,89.3,0.296,10.843464761590788,10.272374441972604,110.22999112,110.54623149796898,0.1751681681681681,0.5710903196181842,5.559477244956401,0.3162403779689668,0.296,10.852203846606464,10.292745701568316,0.218024121907437,0.1751681681681681,0.5594581450381497,5.435460675501824
2015,DEN,0.299,0.176,0.09,0.152,0.284,0.622,0.351,0.396,0.379,0.325,0.236,0.344,0.476,0.325,0.284,0.2041156840934371,89.9,0.734,93.5483870967742,96.1,1.001,0.4755955369595537,0.0670239999999999,0.2169759999999999,0.319130890052356,89.9,0.284,10.74632523951594,10.265235145874648,104.57120400599402,104.83252513459084,0.1751681681681681,0.481090093641292,4.686595940616423,0.2613211285968191,0.2837162837162835,10.852483372878972,10.354875108810491,0.1294075976244895,0.1751681681681681,0.4976082640684804,4.805545782441056
2015,DET,0.324,0.192,0.065,0.128,0.29,0.6,0.329,0.382,0.386,0.344,0.24,0.396,0.468,0.344,0.29,0.1837908496732026,91.8,0.703,98.92241379310344,92.8,0.999,0.4679915373765869,0.0696,0.2203999999999999,0.3275789473684209,91.8,0.29,10.975240906504872,10.551423639766258,107.28752378378375,107.28752378378375,0.1902583286468387,0.4238172667386148,4.016683257236786,0.0,0.2902902902902902,11.003486327727034,10.68314954712447,0.0,0.2163065840674686,0.3203367806025632,2.998523789164653
2015,GSW,0.288,0.143,0.104,0.154,0.311,0.673,0.372,0.442,0.397,0.398,0.221,0.459,0.514,0.398,0.311,0.1843895809739524,88.3,0.768,89.82706002034588,98.3,1.0,0.5139709724238025,0.068731,0.242269,0.3806944801026958,88.3,0.311,10.9267031691841,10.33813938265176,113.30610967,113.30610967,0.1917509603190575,0.5885637865323385,5.693130695451809,1.4210854715202004e-14,0.311,10.8475225182946,10.223244983989591,0.0568013831536346,0.1751681681681681,0.6242775343050084,6.106451868097418
2015,HOU,0.31,0.183,0.047,0.068,0.392,0.635,0.392,0.351,0.328,0.348,0.328,0.394,0.506,0.348,0.392,0.2233333333333333,85.8,0.715,88.9119170984456,96.5,1.0,0.5055707236842105,0.128576,0.263424,0.325547619047619,85.8,0.392,11.030659514462403,10.563285873227148,104.91304824,104.91304823999997,0.2777195235181654,0.4673736412352571,4.4245100136864,-2.8421709430404014e-14,0.392,11.070483376667228,10.601154016952608,0.0,0.2797197244890471,0.4693293597146208,4.427153486913804
2015,IND,0.245,0.172,0.105,0.222,0.255,0.604,0.399,0.378,0.418,0.352,0.266,0.383,0.469,0.352,0.255,0.2016,88.5,0.756,94.95708154506436,93.2,0.999,0.4692123655913978,0.06783,0.18717,0.3407656675749318,88.5,0.255,10.678907488108312,10.302553857693049,104.0225102102102,105.79996827677375,0.1751681681681681,0.3763536304152648,3.653012987010373,1.777458066563554,0.2552552552552553,10.604970101540095,10.22209633631423,3.033643988021774,0.1751681681681681,0.3828737652258667,3.7455503512102473
2015,LAC,0.242,0.119,0.097,0.219,0.322,0.68,0.408,0.437,0.437,0.376,0.265,0.396,0.519,0.376,0.322,0.2145381984036487,87.7,0.71,92.60823653643084,94.7,0.999,0.5187651403249632,0.08533,0.23667,0.3687891156462585,87.7,0.322,10.98634488450321,10.253901265282426,111.34559674674676,112.79252490580296,0.1751681681681681,0.732443619220783,7.143072673233997,1.446928159056199,0.3223223223223223,10.885594039296349,10.19677669298954,1.8211041140763464,0.1751681681681681,0.6888173463068075,6.75524596689836
2015,LAL,0.265,0.15,0.132,0.233,0.22,0.651,0.348,0.374,0.366,0.344,0.183,0.396,0.461,0.344,0.22,0.2044137931034482,89.9,0.741,95.63829787234044,94.0,1.0,0.4607192307692308,0.04026,0.1797399999999999,0.3323525091799266,89.9,0.22,10.458199304824438,10.23615766945838,103.820116,106.8848554800764,0.1751681681681681,0.2220416353660592,2.169189285043593,3.0647394800763834,0.2199999999999999,10.53516137514974,10.31574419611614,2.3748685369853635,0.1751681681681681,0.2194171790336021,2.1270126019236946
2015,MEM,0.308,0.199,0.129,0.179,0.184,0.621,0.405,0.42,0.386,0.339,0.262,0.383,0.485,0.339,0.184,0.2135118376550169,88.7,0.773,96.41304347826087,92.0,0.999,0.4848306748466258,0.048208,0.135792,0.323379403794038,88.7,0.184,10.300650021601571,10.243706465817391,105.5184877977978,106.37005707084786,0.1751681681681681,0.0569435557841782,0.5558882029097045,0.8515692730500604,0.1841841841841842,10.30961541228516,10.258480958969878,1.069742138740307,0.1751681681681681,0.0511344533152815,0.4984602839328778
2015,MIA,0.295,0.142,0.118,0.184,0.262,0.629,0.438,0.424,0.385,0.335,0.319,0.374,0.499,0.335,0.262,0.227461629279811,84.7,0.741,93.17931793179318,90.9,1.001,0.4988132611637349,0.083578,0.178422,0.3167312775330396,84.7,0.262,10.41481439846789,10.024799013584726,102.15887000000002,102.58726759909968,0.1751681681681681,0.3900153848831635,3.8905057782669727,0.428397599099668,0.2617382617382617,10.415630056898218,10.022420715393844,0.2686755224033864,0.1751681681681681,0.3932093415043738,3.923297102270196
2015,MIL,0.338,0.136,0.11,0.193,0.223,0.608,0.352,0.438,0.394,0.363,0.316,0.403,0.486,0.363,0.223,0.1954116279069767,86.0,0.757,91.39213602550478,94.1,1.0000000000000002,0.4859691119691118,0.070468,0.152532,0.3445204678362573,86.0,0.223,10.377788888399058,10.240335678845668,103.7969002,103.7969002,0.1923128592564216,0.1374532095533904,1.342272498325814,0.0,0.223,10.313747884473589,10.18554578951274,0.0,0.1938089166882475,0.1282020949608497,1.2586669149614815
2015,MIN,0.287,0.176,0.122,0.235,0.179,0.622,0.361,0.41,0.365,0.332,0.219,0.366,0.461,0.332,0.179,0.2403382857142857,87.5,0.776,92.69067796610167,94.4,0.999,0.4607865853658537,0.039201,0.139799,0.3224660691421255,87.5,0.179,10.133153858910736,10.102845466956447,100.31352102102102,100.75471389001984,0.1751681681681681,0.0303083919542856,0.2999985702386132,0.4411928689988258,0.1791791791791792,10.202405482885144,10.174431585934675,2.159712730722698,0.1751681681681681,0.0279738969504688,0.2749430935202301
2015,NOP,0.348,0.152,0.098,0.169,0.233,0.591,0.383,0.406,0.398,0.37,0.239,0.412,0.484,0.37,0.233,0.1981574279379157,90.2,0.751,98.6870897155361,91.4,1.0,0.4836166883963493,0.055687,0.177313,0.3568094612352168,90.2,0.233,10.728949134092888,10.638182162921009,109.03328194,109.03328194,0.2106819697292509,0.0907669711718792,0.853218809208256,0.0,0.2329999999999999,10.600101224085094,10.52875112485471,2.0028423364237825e-14,0.2144712561292459,0.0713500992303846,0.6776691592790263
2015,NYK,0.241,0.147,0.126,0.247,0.24,0.587,0.363,0.393,0.41,0.347,0.187,0.351,0.454,0.347,0.24,0.1801804932735425,89.2,0.769,97.80701754385964,91.2,1.001,0.4541603153745072,0.0448799999999999,0.19512,0.346079950799508,89.2,0.24,10.62306235441062,10.319089774651111,102.40358717282716,102.40358717282716,0.1751681681681681,0.3039725797595061,2.945730547923086,0.0,0.2397602397602397,10.542023018341926,10.22847192154582,3.340268722722844,0.1751681681681681,0.3135510967961057,3.065473505730853
2015,OKC,0.304,0.156,0.113,0.165,0.262,0.615,0.385,0.436,0.377,0.339,0.247,0.373,0.486,0.339,0.262,0.2136333333333333,90.0,0.754,94.04388714733544,95.7,1.0,0.4857628726287263,0.064714,0.197286,0.3278472775564409,90.0,0.262,10.733653915897555,10.335620974464891,107.099442,107.099442,0.1751681681681681,0.398032941432664,3.85107912157423,0.0,0.2619999999999999,10.743648013338602,10.338508369996568,0.0,0.1751681681681681,0.405139643342034,3.9187436798696407
2015,ORL,0.317,0.182,0.094,0.172,0.235,0.611,0.386,0.383,0.415,0.347,0.26,0.373,0.486,0.347,0.235,0.168358361774744,87.9,0.729,93.71002132196162,93.8,1.0,0.4853869281045752,0.0611,0.1739,0.3378648648648648,87.9,0.235,10.544630609429758,10.27007423760702,105.08036265,105.08036265,0.1751681681681681,0.2745563718227366,2.6733630689578014,0.0,0.235,10.51129175665026,10.23939585652313,0.1370994341596378,0.1751681681681681,0.2718959001271308,2.6553900634080474
2015,PHI,0.321,0.174,0.069,0.118,0.319,0.593,0.316,0.326,0.322,0.32,0.181,0.342,0.449,0.32,0.319,0.1946060606060606,85.8,0.676,89.6551724137931,95.7,1.001,0.4484266862170086,0.057739,0.2612609999999999,0.3151379731379731,85.8,0.319,10.613985053124178,10.293610831326076,96.10666285714284,96.10666285714284,0.2376129360285933,0.3203742217981027,3.1123599585008765,0.0,0.3186813186813186,10.689081853714187,10.237003259026476,0.0,0.2036024632288554,0.4520785946877108,4.416122406614353
2015,PHO,0.294,0.138,0.124,0.153,0.291,0.643,0.374,0.429,0.383,0.341,0.289,0.361,0.497,0.341,0.291,0.1910758776896942,88.3,0.76,91.6926272066459,96.3,1.0,0.4971071932299012,0.084099,0.206901,0.3328706047819972,88.3,0.291,10.72462876095438,10.188140712632537,106.61358777,106.61358777,0.1751681681681681,0.5364880483218428,5.265809174157132,0.0,0.291,10.776366152430414,10.240088992365523,0.0,0.1751681681681681,0.5362771600648895,5.237036127954653
2015,POR,0.248,0.134,0.112,0.19,0.316,0.652,0.411,0.402,0.393,0.362,0.249,0.391,0.491,0.362,0.316,0.1807566371681415,90.4,0.801,95.96602972399153,94.2,1.0,0.4919064327485381,0.078684,0.237316,0.3523848202396804,90.4,0.316,11.007558060091329,10.32275067160819,110.23488096000004,111.76743114169636,0.1751681681681681,0.6848073884831383,6.633962305867169,1.5325501816963225,0.3159999999999999,10.992393355916596,10.300689670909424,1.7020830531504298,0.1751681681681681,0.6917036850071732,6.715120124049956
2015,SAC,0.303,0.219,0.094,0.181,0.204,0.651,0.356,0.416,0.395,0.341,0.299,0.367,0.484,0.341,0.204,0.2761001191895113,83.9,0.762,87.94549266247378,95.4,1.001,0.4840853199498117,0.0609959999999999,0.143004,0.3299101283880171,83.9,0.204,10.040048136948958,9.895875613817584,99.79036664335663,101.03322824095316,0.1751681681681681,0.1441725231313722,1.4568950617170673,1.2428615975965016,0.2037962037962037,10.1154458497085,9.977274460921231,0.9107661513769938,0.1751681681681681,0.1381713887872671,1.3848610592848145
2015,SAS,0.278,0.202,0.103,0.148,0.269,0.634,0.462,0.404,0.395,0.367,0.288,0.423,0.505,0.367,0.269,0.1996587030716723,87.9,0.78,93.71002132196162,93.8,1.0,0.5056744186046512,0.077472,0.191528,0.3443483146067416,87.9,0.269,10.707155821584402,10.245287172367116,109.13647299000002,109.13647299,0.1751681681681681,0.461868649217287,4.50810837653246,-2.8421709430404014e-14,0.269,10.640259606886293,10.197974277799704,1.058752839543334,0.1751681681681681,0.4422853290865873,4.336992004867213
2015,TOR,0.254,0.195,0.104,0.145,0.302,0.644,0.446,0.393,0.395,0.352,0.264,0.408,0.499,0.352,0.302,0.2319392575928008,88.9,0.787,95.79741379310344,92.8,1.0,0.4995601719197708,0.079728,0.222272,0.3319130434782608,88.9,0.302,10.84868609109152,10.243260678417016,108.49780942,109.49550755678676,0.1751681681681681,0.6054254126745047,5.910475498784895,0.9976981367867525,0.302,10.845318153080688,10.237893865980642,1.7953447998572836,0.1751681681681681,0.6074242871000468,5.93309810642253
2015,UTA,0.299,0.17,0.096,0.161,0.274,0.669,0.333,0.395,0.363,0.343,0.275,0.376,0.486,0.343,0.274,0.2142399999999999,87.5,0.721,96.79203539823008,90.4,1.0,0.4862314049586778,0.07535,0.19865,0.3304827586206897,87.5,0.274,10.536104266590453,10.057374190857304,104.4563275,104.4563275,0.1751681681681681,0.4787300757331465,4.759990695865102,2.8421709430404014e-14,0.274,10.66440474066316,10.218403563245426,0.2158039285854646,0.1751681681681681,0.4460011774177346,4.36468548787754
2015,WAS,0.287,0.142,0.138,0.23,0.203,0.658,0.385,0.409,0.389,0.36,0.28,0.37,0.488,0.36,0.203,0.1923073394495413,87.2,0.742,93.06296691568836,93.7,1.0,0.4886173149309912,0.05684,0.14616,0.356111111111111,87.2,0.203,10.31425591993528,10.161026814820683,105.35466504,107.2227167637602,0.1751681681681681,0.1532291051145975,1.5080080774031668,1.8680517237602172,0.203,10.31304748796328,10.166648003468488,1.2461105731981572,0.1751681681681681,0.1463994844947933,1.439997572895679
2014,ATL,0.263,0.174,0.102,0.145,0.316,0.643,0.409,0.419,0.413,0.363,0.268,0.386,0.502,0.363,0.316,0.2082666666666667,85.5,0.781,90.38054968287528,94.6,1.0,0.5013128654970761,0.084688,0.231312,0.3545792349726776,85.5,0.316,10.748582854976362,10.045813654104467,105.4410282,106.36245262954206,0.1649970029970029,0.7027692008718951,6.99564241453714,0.921424429542057,0.316,10.71359781520691,10.005145051778316,1.2920740821833747,0.1649970029970029,0.7084527634285944,7.080884482556038
2014,BOS,0.273,0.148,0.109,0.219,0.251,0.608,0.348,0.424,0.402,0.333,0.242,0.39,0.47,0.333,0.251,0.1923010033444816,89.7,0.777,96.14147909967846,93.3,1.0,0.4696154873164219,0.060742,0.190258,0.3148021108179419,89.7,0.251,10.619650275423574,10.21772528415691,104.18187663,105.13229265453788,0.1649970029970029,0.4019249912666645,3.9336053778023183,0.9504160245378728,0.251,10.66873900177217,10.250467091975896,1.6748363119571748,0.1649970029970029,0.4182719097962746,4.080515610100344
2014,BRK,0.256,0.171,0.112,0.16,0.301,0.642,0.413,0.427,0.405,0.369,0.243,0.391,0.497,0.369,0.301,0.2355355450236966,84.4,0.753,92.3413566739606,91.4,1.0,0.497280400572246,0.073143,0.227857,0.3619379128137384,84.4,0.301,10.657616269164157,10.017501238496491,104.03269756,105.13029837081068,0.1649970029970029,0.6401150306676655,6.38996707290389,1.0976008108106896,0.301,10.57948534048806,9.953433336208445,1.8603578222118693,0.1649970029970029,0.6260520042796145,6.289809587634165
2014,CHO,0.29,0.151,0.122,0.218,0.219,0.607,0.414,0.409,0.352,0.351,0.209,0.371,0.468,0.351,0.219,0.2190854214123007,87.8,0.737,95.021645021645,92.4,1.0,0.4675774647887324,0.045771,0.173229,0.3457155499367888,87.8,0.219,10.45055938183469,10.200297803441854,102.73487658,104.07379215450108,0.1649970029970029,0.2502615783928359,2.4534732535788306,1.3389155745010726,0.219,10.431697195620195,10.175770642338122,1.3931854695355612,0.1649970029970029,0.2559265532820731,2.515058193403497
2014,CHI,0.297,0.148,0.112,0.222,0.222,0.597,0.334,0.373,0.392,0.348,0.22,0.383,0.456,0.348,0.222,0.2262471526195899,87.8,0.779,97.33924611973391,90.2,1.001,0.4564069319640565,0.04884,0.17316,0.3381282051282051,87.8,0.222,10.398649042795608,10.116318220368818,101.0471955844156,101.0471955844156,0.1649970029970029,0.2823308224267897,2.79084560485976,0.0,0.2217782217782218,10.411876289149022,10.142143080067504,1.1033360548222746,0.1649970029970029,0.269733209081517,2.6595287302900283
2014,CLE,0.269,0.17,0.128,0.197,0.236,0.583,0.388,0.394,0.402,0.356,0.252,0.373,0.461,0.356,0.236,0.2011011111111111,90.0,0.751,96.6702470461869,93.1,1.0,0.461273560209424,0.059472,0.176528,0.3502727272727273,90.0,0.236,10.70503099534386,10.37437717389893,104.849136,104.84913599999996,0.1649970029970029,0.3306538214449297,3.187216118157221,-2.8421709430404014e-14,0.236,10.633398885705228,10.288304045718354,2.1306017455065485,0.1649970029970029,0.3450948399868743,3.3542441830390013
2014,DAL,0.262,0.156,0.135,0.173,0.274,0.655,0.418,0.426,0.428,0.384,0.199,0.412,0.508,0.384,0.274,0.2007666290868094,88.7,0.795,94.8663101604278,93.5,1.0,0.5073994490358127,0.054526,0.219474,0.3770436953807741,88.7,0.274,10.800493427884506,10.249471801239803,111.60452202000002,113.04708375031194,0.1649970029970029,0.5510216266447028,5.376097786600576,1.4425617303119225,0.274,10.7125876345529,10.180163332298402,1.6890607302863008,0.1649970029970029,0.5324243022544977,5.230017288281474
2014,DEN,0.309,0.182,0.08,0.15,0.278,0.634,0.373,0.351,0.366,0.358,0.24,0.416,0.481,0.358,0.278,0.222295871559633,87.2,0.726,88.8888888888889,98.1,0.999,0.4809597780859917,0.06672,0.21128,0.3396842105263158,87.2,0.278,10.643579113526002,10.17329079682106,104.52529577577576,104.5252957757758,0.1751566049920951,0.4702883167049432,4.622774735308832,2.8421709430404014e-14,0.2782782782782783,10.691240062601192,10.188176079864803,0.0,0.1673968924641952,0.5030639827363892,4.937723678830097
2014,DET,0.356,0.197,0.068,0.157,0.222,0.64,0.344,0.369,0.348,0.321,0.251,0.396,0.483,0.321,0.222,0.1985729967069155,91.1,0.67,95.99578503688092,94.9,1.0,0.4824370179948586,0.055722,0.166278,0.2958664886515354,91.1,0.222,10.509535424996471,10.366560838401728,106.89817938,106.89817938,0.1838088962333396,0.1429745865947449,1.3791901559590647,0.0,0.222,10.625339548467725,10.54266822079314,2.022826350867035e-14,0.1998873188093484,0.0826713276745838,0.7841594361428506
2014,GSW,0.264,0.176,0.1,0.169,0.291,0.654,0.394,0.396,0.412,0.38,0.24,0.413,0.496,0.38,0.291,0.1863269012485812,88.1,0.753,91.58004158004158,96.2,1.0,0.4953850493653031,0.06984,0.22116,0.369578947368421,88.1,0.291,10.837696446542914,10.210693977457064,109.15650789,109.96778187990007,0.1649970029970029,0.6270024690858502,6.140644998960232,0.8112739899001014,0.291,10.77288426585845,10.180948772254162,1.7835486456815255,0.1649970029970029,0.5919354936042875,5.814148630405369
2014,HOU,0.341,0.214,0.049,0.065,0.33,0.663,0.405,0.391,0.343,0.358,0.23,0.389,0.529,0.358,0.33,0.2745060240963855,83.0,0.712,86.18899273104881,96.3,0.999,0.529457399103139,0.0759,0.2541,0.3487402597402597,83.0,0.33,10.61536203094995,10.362970870129235,105.10663873873872,105.10663873873872,0.2686099663068991,0.2523911608207125,2.4355097006806936,0.0,0.3303303303303303,10.643519846368424,10.379155649077571,0.0,0.2638012347733415,0.2643641972908526,2.5470684343610106
2014,IND,0.249,0.188,0.124,0.205,0.235,0.611,0.418,0.382,0.425,0.357,0.246,0.406,0.477,0.357,0.235,0.2259280742459397,86.2,0.779,93.1891891891892,92.5,1.001,0.4767832898172325,0.0578099999999999,0.17719,0.3410132625994694,86.2,0.235,10.445613236786915,10.11959735123442,102.51994201798202,104.87083857705927,0.1649970029970029,0.3260158855524953,3.221629025711459,2.3508965590772704,0.2347652347652346,10.379771831659722,10.04015234922328,3.1937688072814545,0.1649970029970029,0.3396194824364436,3.382612839163901
2014,LAC,0.267,0.137,0.097,0.208,0.291,0.707,0.408,0.422,0.415,0.352,0.286,0.401,0.525,0.352,0.291,0.2575467289719626,85.6,0.73,89.25964546402503,95.9,1.0,0.5245684062059238,0.083226,0.207774,0.3323725490196078,85.6,0.291,10.550518902231914,9.934451785562809,107.50888343999998,109.8975032080562,0.1649970029970029,0.6160671166691056,6.201319710106223,2.3886197680562304,0.291,10.639307715764964,10.047358989965742,1.117679210475517,0.1649970029970029,0.591948725799222,5.891585305057756
2014,LAL,0.247,0.177,0.116,0.169,0.291,0.64,0.407,0.392,0.375,0.381,0.239,0.405,0.478,0.381,0.291,0.1984709976798143,86.2,0.757,87.3353596757852,98.7,1.0,0.4780902679830747,0.0695489999999999,0.2214509999999999,0.3734625492772667,86.2,0.291,10.725364587160357,10.103083256029125,104.76367858,105.845309293988,0.1649970029970029,0.6222813311312336,6.159321024696896,1.0816307139880053,0.2909999999999999,10.657780588955331,10.058917028780025,2.439472716001532,0.1649970029970029,0.5988635601753085,5.953559001052233
2014,MEM,0.301,0.223,0.115,0.191,0.171,0.631,0.411,0.42,0.39,0.353,0.28,0.368,0.487,0.353,0.171,0.1838202866593164,90.7,0.741,100.88987764182424,89.9,1.001,0.4871975903614458,0.04788,0.12312,0.3471666666666666,90.7,0.171,10.41184025576643,10.36991348950504,108.9199356043956,110.7442148826014,0.1649970029970029,0.0419267662613904,0.4043116300229687,1.8242792782058217,0.1708291708291708,10.419393269835457,10.381586635196776,1.886251060021681,0.1649970029970029,0.0378066346386791,0.3641701020006271
2014,MIA,0.33,0.127,0.084,0.168,0.292,0.697,0.467,0.433,0.413,0.364,0.372,0.429,0.558,0.364,0.292,0.2279999999999999,83.0,0.76,91.00877192982456,91.2,1.001,0.557228490832158,0.108624,0.1833759999999999,0.3254968152866241,83.0,0.292,10.3888221732204,9.849492832733423,108.9519773226773,108.95197732267728,0.1724773512985696,0.5393293404869777,5.475706715523376,-2.8421709430404014e-14,0.2917082917082916,10.452125354982403,10.157895929808593,0.0,0.2240248684014806,0.2942294251738122,2.8965587677502125
2014,MIL,0.314,0.168,0.106,0.182,0.231,0.584,0.365,0.389,0.392,0.353,0.182,0.375,0.464,0.353,0.231,0.2040338600451467,88.6,0.747,96.51416122004358,91.8,1.001,0.4639922077922077,0.042042,0.188958,0.3481051344743275,88.6,0.231,10.571244714143631,10.26785045263157,103.36515016983014,103.36515016983014,0.1649970029970029,0.3033942615120608,2.954798211287768,0.0,0.2307692307692307,10.523049090109442,10.224390889127598,0.5429305107616067,0.1649970029970029,0.2986582009818441,2.9210366096178
2014,MIN,0.334,0.157,0.091,0.174,0.245,0.619,0.386,0.348,0.358,0.341,0.224,0.332,0.478,0.341,0.245,0.2497283950617284,89.1,0.778,91.57245632065776,97.3,1.001,0.477920634920635,0.05488,0.19012,0.3435979381443299,89.1,0.245,10.539975691107756,10.232212172969849,105.12632175824172,105.12632175824172,0.1758788385019188,0.3077635181379072,3.0077906217671924,0.0,0.2447552447552447,10.6062848392236,10.322090391584831,-1.9784174298820288e-14,0.1816310436511036,0.2841944476387699,2.75326447315809
2014,NOP,0.332,0.183,0.107,0.184,0.193,0.598,0.37,0.419,0.409,0.373,0.231,0.382,0.479,0.373,0.193,0.2202096956031566,88.7,0.769,96.20390455531454,92.2,0.999,0.4793238213399503,0.044583,0.148417,0.370296488946684,88.7,0.193,10.43669945068085,10.29646331328603,106.46800398398398,106.46800398398398,0.1649970029970029,0.1402361373948206,1.3619835581200723,0.0,0.1931931931931931,10.350323005978886,10.2195541954914,0.4266933961257904,0.1649970029970029,0.1307688104874849,1.2795940799959382
2014,NYK,0.252,0.112,0.111,0.222,0.302,0.628,0.355,0.412,0.417,0.372,0.207,0.394,0.482,0.372,0.302,0.1889844789356984,90.2,0.761,99.88925802879292,90.3,0.999,0.4825279770444765,0.062514,0.239486,0.3662572509457755,90.2,0.302,11.019483706760443,10.331064042884073,109.57661231231234,109.57661231231234,0.1649970029970029,0.688419663876374,6.663589161956174,0.0,0.3023023023023024,10.92218569658208,10.258927088880656,1.7058240346326403,0.1649970029970029,0.6632586077014242,6.46518492582242
2014,OKC,0.282,0.149,0.131,0.167,0.271,0.668,0.391,0.434,0.418,0.361,0.239,0.353,0.512,0.361,0.271,0.2443275261324042,86.1,0.806,90.25157232704402,95.4,1.0,0.5120644718792867,0.064769,0.206231,0.3635124835742444,86.1,0.271,10.52196872554585,9.998617715642236,107.28885699,108.11754308130838,0.1649970029970029,0.5233510099036156,5.234233618961803,0.8286860913083842,0.271,10.54949682119977,10.037060098623837,0.5652035002090287,0.1649970029970029,0.5124367225759343,5.105446391082125
2014,ORL,0.277,0.152,0.103,0.232,0.235,0.601,0.385,0.434,0.399,0.353,0.284,0.359,0.474,0.353,0.235,0.1927210103329506,87.1,0.763,93.05555555555556,93.6,0.999,0.4741714659685864,0.06674,0.16826,0.3506201117318436,87.1,0.235,10.50488357097578,10.174607138260852,102.99886258258256,103.98792125210572,0.1649970029970029,0.3302764327149283,3.246085359629736,0.9890586695231462,0.2352352352352352,10.440244686132148,10.104670674066664,1.7503126162468687,0.1649970029970029,0.3355740120654857,3.3209792074345046
2014,PHI,0.353,0.19,0.087,0.111,0.258,0.601,0.356,0.374,0.373,0.312,0.193,0.331,0.477,0.312,0.258,0.1905275229357798,87.2,0.71,87.90322580645162,99.2,0.999,0.4773738191632929,0.049794,0.208206,0.307456009913259,87.2,0.258,10.471767367603046,10.272092500197417,100.86289577577578,100.86289577577578,0.2048042646023398,0.1996748674056316,1.9438577622017617,0.0,0.2582582582582582,10.588764978719077,10.4309822346649,0.0,0.2176890968121612,0.1577827440541757,1.512635536180107
2014,PHO,0.29,0.149,0.118,0.143,0.3,0.648,0.374,0.43,0.403,0.372,0.273,0.404,0.503,0.372,0.3,0.2218110599078341,86.8,0.758,90.60542797494782,95.8,1.0,0.5028785714285714,0.0819,0.2181,0.3599834938101788,86.8,0.3,10.77108432945817,10.129956398034988,107.90108,107.90107999999998,0.1649970029970029,0.6411279314231813,6.329029526203556,-2.8421709430404014e-14,0.3,10.74059825579816,10.111655370522064,0.0,0.1649970029970029,0.6289428852760945,6.219979441839119
2014,POR,0.258,0.133,0.11,0.208,0.29,0.628,0.368,0.387,0.422,0.372,0.252,0.39,0.481,0.372,0.29,0.2196644664466446,90.9,0.815,95.78503688092728,94.9,0.999,0.4814019746121298,0.0730799999999999,0.2169199999999999,0.3659358288770053,90.9,0.29,10.957120842515236,10.319935028659128,110.18251054054056,110.23472454451458,0.1649970029970029,0.6371858138561084,6.174320013513679,0.0522140039740293,0.2902902902902901,10.923467579010378,10.287610014778952,1.510607825500642,0.1649970029970029,0.6358575642314257,6.180809374752405
2014,SAC,0.249,0.239,0.106,0.188,0.218,0.665,0.391,0.412,0.382,0.333,0.205,0.374,0.479,0.333,0.218,0.2509596774193549,86.8,0.759,91.94915254237289,94.4,1.0,0.478928388746803,0.04469,0.17331,0.3224276729559748,86.8,0.218,10.269974108005137,10.007948527833213,102.07890055999998,106.27972683112203,0.1649970029970029,0.2620255801719224,2.618174738241308,4.200826271122068,0.218,10.36082124766681,10.097566668923324,3.2865136232130574,0.1649970029970029,0.2632545787434868,2.6071090924676854
2014,SAS,0.287,0.185,0.09,0.181,0.257,0.673,0.437,0.389,0.413,0.397,0.299,0.41,0.517,0.397,0.257,0.1883999999999999,87.5,0.785,92.10526315789474,95.0,1.0,0.51649932705249,0.076843,0.180157,0.3914550641940086,87.5,0.257,10.639931162710091,10.151429765789535,112.04018875,112.1943319120159,0.1649970029970029,0.488501396920558,4.812143788521439,0.1541431620158846,0.257,10.568030666524272,10.133144498520409,1.104017460706999,0.1649970029970029,0.4348861680038656,4.291719792087889
2014,TOR,0.226,0.206,0.103,0.181,0.285,0.642,0.417,0.402,0.372,0.372,0.259,0.388,0.475,0.372,0.285,0.2390431818181818,88.0,0.782,95.86056644880176,91.8,1.001,0.474486033519553,0.0738149999999999,0.2111849999999999,0.3664075573549257,88.0,0.285,10.77256474019334,10.17226791979928,105.7510153846154,108.07496598184387,0.1649970029970029,0.6002968203940604,5.901307605412587,2.323950597228474,0.2847152847152845,10.722025650171709,10.13271913492905,3.752159494008124,0.1649970029970029,0.5893065152426562,5.815877331596275
2014,UTA,0.281,0.177,0.106,0.199,0.237,0.653,0.367,0.374,0.372,0.344,0.244,0.393,0.474,0.344,0.237,0.2021891279728199,88.3,0.747,96.60831509846828,91.4,1.0,0.4746055045871559,0.057828,0.179172,0.3281851851851851,88.3,0.237,10.449985713964876,10.108009333256351,103.91923689,106.1471508525357,0.1649970029970029,0.341976380708525,3.383221853420615,2.227913962535709,0.237,10.530961175748365,10.196906116329952,1.8135088229779728,0.1649970029970029,0.3340550594184108,3.2760432979120457
2014,WAS,0.273,0.143,0.116,0.221,0.246,0.676,0.374,0.366,0.384,0.38,0.306,0.401,0.485,0.38,0.246,0.1811036036036036,88.8,0.731,95.27896995708154,93.2,0.999,0.4851925630810093,0.075276,0.170724,0.3707406340057637,88.8,0.246,10.611591929740332,10.177865547474507,108.30516444444444,110.04592768813342,0.1649970029970029,0.4337263822658244,4.261467006443676,1.7407632436889742,0.2462462462462462,10.6194278931757,10.227448656152122,1.600036113946078,0.1649970029970029,0.3919792370235768,3.832619944640725
