season,ab,zone,share,p,n,ft,w3,pace,fga,p_gam
2026,ATL,0,0.2442442442442442,0.687,1804.525325325325,0.774,0.429,101.7,90.1,0.6924423100990074
2026,ATL,1,0.2002002002002001,0.45,1479.119119119119,0.774,0.429,101.7,90.1,0.4452668011994898
2026,ATL,2,0.085085085085085,0.474,628.6256256256256,0.774,0.429,101.7,90.1,0.4301888541936274
2026,ATL,3,0.041041041041041,0.405,303.2194194194193,0.774,0.429,101.7,90.1,0.3918484963666024
2026,ATL,4,0.1103633633633633,0.381,815.3866012012011,0.774,0.429,101.7,90.1,0.3926507500079172
2026,ATL,5,0.319066066066066,0.3675410497981157,2357.323909309309,0.774,0.429,101.7,90.1,0.3562081524681671
2026,BOS,0,0.161,0.754,1252.8698000000002,0.807,0.467,94.8,94.9,0.7298910254833009
2026,BOS,1,0.196,0.49,1525.2328,0.807,0.467,94.8,94.9,0.4540951357695389
2026,BOS,2,0.112,0.481,871.5616,0.807,0.467,94.8,94.9,0.460255827078334
2026,BOS,3,0.064,0.382,498.0352000000001,0.807,0.467,94.8,94.9,0.4199989229342865
2026,BOS,4,0.075654,0.414,588.7242972,0.807,0.467,94.8,94.9,0.4192617782666524
2026,BOS,5,0.391346,0.3579140811455847,3045.3763028000003,0.807,0.467,94.8,94.9,0.363563585077878
2026,BRK,0,0.235,0.686,1672.636,0.78,0.455,97.1,86.8,0.6981437202916095
2026,BRK,1,0.211,0.419,1501.8136,0.78,0.455,97.1,86.8,0.4529995465407766
2026,BRK,2,0.063,0.41,448.4088,0.78,0.455,97.1,86.8,0.4155203849963022
2026,BRK,3,0.036,0.347,256.2336,0.78,0.455,97.1,86.8,0.3884597000875412
2026,BRK,4,0.10738,0.366,764.2878880000001,0.78,0.455,97.1,86.8,0.3947400143803409
2026,BRK,5,0.34762,0.3319685863874346,2474.2201119999995,0.78,0.455,97.1,86.8,0.356535091501671
2026,CHI,0,0.31,0.659,2234.418,0.776,0.443,102.5,87.9,0.6695033254935988
2026,CHI,1,0.184,0.429,1326.2352,0.776,0.443,102.5,87.9,0.4386481990788946
2026,CHI,2,0.042,0.486,302.72760000000005,0.776,0.443,102.5,87.9,0.3915936622626955
2026,CHI,3,0.021,0.359,151.36380000000003,0.776,0.443,102.5,87.9,0.3662234169891967
2026,CHI,4,0.112965,0.374,814.229127,0.776,0.443,102.5,87.9,0.3939244094317971
2026,CHI,5,0.330035,0.3498389261744966,2378.826273,0.776,0.443,102.5,87.9,0.3563298844267452
2026,CHO,0,0.2127872127872127,0.706,1596.5424575424574,0.818,0.487,96.8,91.5,0.7208106899691196
2026,CHO,1,0.2037962037962037,0.43,1529.0829170829168,0.818,0.487,96.8,91.5,0.4639199687719331
2026,CHO,2,0.0719280719280719,0.408,539.6763236763236,0.818,0.487,96.8,91.5,0.4375656117680953
2026,CHO,3,0.0249750249750249,0.363,187.3876123876124,0.818,0.487,96.8,91.5,0.3883937154930728
2026,CHO,4,0.1075194805194805,0.436,806.7186623376624,0.818,0.487,96.8,91.5,0.4094384640623156
2026,CHO,5,0.3789940059940059,0.3615455712451861,2843.592026973027,0.818,0.487,96.8,91.5,0.3700950952395399
2026,CLE,0,0.252,0.708,1855.6272,0.776,0.442,99.9,89.8,0.691261945698597
2026,CLE,1,0.19,0.484,1399.084,0.776,0.442,99.9,89.8,0.4422499560952435
2026,CLE,2,0.082,0.48,603.8152,0.776,0.442,99.9,89.8,0.4299578838043664
2026,CLE,3,0.034,0.372,250.3624,0.776,0.442,99.9,89.8,0.385836084074642
2026,CLE,4,0.099892,0.377,735.5647311999999,0.776,0.442,99.9,89.8,0.3959223866666166
2026,CLE,5,0.342108,0.3550361757105943,2519.1464688,0.776,0.442,99.9,89.8,0.3565499497787933
2026,DAL,0,0.229,0.715,1643.0750000000005,0.755,0.355,101.7,87.5,0.6899694462031468
2026,DAL,1,0.236,0.455,1693.3000000000002,0.755,0.355,101.7,87.5,0.4568429674209673
2026,DAL,2,0.108,0.428,774.9000000000002,0.755,0.355,101.7,87.5,0.437984902303513
2026,DAL,3,0.072,0.368,516.6,0.755,0.355,101.7,87.5,0.4044810181060852
2026,DAL,4,0.1025949999999999,0.377,736.1191249999995,0.755,0.355,101.7,87.5,0.3849646860674104
2026,DAL,5,0.252405,0.3305864978902953,1811.0058750000003,0.755,0.355,101.7,87.5,0.362491430899979
2026,DEN,0,0.2117882117882118,0.72,1530.0003996003998,0.808,0.408,98.4,88.1,0.7088350317042961
2026,DEN,1,0.2237762237762238,0.491,1616.6041958041958,0.808,0.408,98.4,88.1,0.4624913836893736
2026,DEN,2,0.0969030969030969,0.486,700.0473526473527,0.808,0.408,98.4,88.1,0.442765912172969
2026,DEN,3,0.0599400599400599,0.424,433.018981018981,0.808,0.408,98.4,88.1,0.4113670281937249
2026,DEN,4,0.1018981018981019,0.44,736.1322677322678,0.808,0.408,98.4,88.1,0.3979574421788685
2026,DEN,5,0.3056943056943057,0.3813333333333333,2208.3968031968034,0.808,0.408,98.4,88.1,0.3622222009205086
2026,DET,0,0.252,0.696,1851.4944000000005,0.763,0.345,99.3,89.6,0.6800375371460593
2026,DET,1,0.284,0.487,2086.6048,0.763,0.345,99.3,89.6,0.4856556176221167
2026,DET,2,0.082,0.413,602.4704,0.763,0.345,99.3,89.6,0.4187334752518291
2026,DET,3,0.037,0.398,271.8464,0.763,0.345,99.3,89.6,0.3781569725686792
2026,DET,4,0.0986699999999999,0.376,724.9482239999993,0.763,0.345,99.3,89.6,0.3851280912994008
2026,DET,5,0.2463299999999999,0.3479887955182073,1809.8357759999997,0.763,0.345,99.3,89.6,0.3636385696479283
2026,GSW,0,0.198,0.736,1446.6276,0.807,0.497,99.0,89.1,0.7256046322877054
2026,GSW,1,0.201,0.483,1468.5462,0.807,0.497,99.0,89.1,0.4626905143139205
2026,GSW,2,0.067,0.418,489.5154,0.807,0.497,99.0,89.1,0.4338321274587036
2026,GSW,3,0.037,0.365,270.3294,0.807,0.497,99.0,89.1,0.4045078631639925
2026,GSW,4,0.124747,0.398,911.4265314,0.807,0.497,99.0,89.1,0.4136606787971027
2026,GSW,5,0.372253,0.3419252336448598,2719.7548686,0.807,0.497,99.0,89.1,0.3705473140850558
2026,HOU,0,0.211,0.7,1598.7048000000004,0.763,0.35,96.1,92.4,0.6936311397529143
2026,HOU,1,0.225,0.492,1704.7800000000004,0.763,0.35,96.1,92.4,0.4477307797399555
2026,HOU,2,0.147,0.439,1113.7896000000003,0.763,0.35,96.1,92.4,0.4613089319798373
2026,HOU,3,0.067,0.422,507.6456000000002,0.763,0.35,96.1,92.4,0.3996504144131405
2026,HOU,4,0.1018499999999999,0.377,771.6970799999995,0.763,0.35,96.1,92.4,0.382506693822746
2026,HOU,5,0.24815,0.3586643159379407,1880.1829200000009,0.763,0.35,96.1,92.4,0.3613712179225105
2026,IND,0,0.216,0.677,1556.8848,0.776,0.422,101.0,87.9,0.70277661770658
2026,IND,1,0.197,0.466,1419.9366000000002,0.776,0.422,101.0,87.9,0.4435616687909421
2026,IND,2,0.103,0.453,742.4034,0.776,0.422,101.0,87.9,0.4424367215290395
2026,IND,3,0.062,0.376,446.88360000000006,0.776,0.422,101.0,87.9,0.4079029535371548
2026,IND,4,0.095372,0.372,687.4223016000001,0.776,0.422,101.0,87.9,0.3957313776543671
2026,IND,5,0.326628,0.3513281653746769,2354.2692984,0.776,0.422,101.0,87.9,0.3554588203083093
2026,LAC,0,0.207,0.732,1463.1588,0.823,0.404,96.5,86.2,0.7126982032492777
2026,LAC,1,0.237,0.495,1675.2108,0.823,0.404,96.5,86.2,0.4725807646277766
2026,LAC,2,0.106,0.47,749.2504,0.823,0.404,96.5,86.2,0.4516116358372075
2026,LAC,3,0.046,0.379,325.1464,0.823,0.404,96.5,86.2,0.4034346644449227
2026,LAC,4,0.097364,0.415,688.2076976,0.823,0.404,96.5,86.2,0.4018083442611085
2026,LAC,5,0.306636,0.3530764163372859,2167.4259024000003,0.823,0.404,96.5,86.2,0.3644138308992741
2026,LAL,0,0.209,0.778,1456.73,0.763,0.394,98.3,85.0,0.6989483723570941
2026,LAL,1,0.218,0.531,1519.46,0.763,0.394,98.3,85.0,0.4484310741433877
2026,LAL,2,0.127,0.471,885.1899999999999,0.763,0.394,98.3,85.0,0.4544848948306975
2026,LAL,3,0.052,0.433,362.44,0.763,0.394,98.3,85.0,0.3952538867430366
2026,LAL,4,0.094166,0.345,656.33702,0.763,0.394,98.3,85.0,0.3901674318495671
2026,LAL,5,0.299834,0.3633968462549277,2089.84298,0.763,0.394,98.3,85.0,0.3522618877215707
2026,MEM,0,0.207,0.673,1514.0808000000002,0.793,0.436,101.3,89.2,0.7110458895729179
2026,MEM,1,0.218,0.482,1594.5392,0.793,0.436,101.3,89.2,0.4598898024844664
2026,MEM,2,0.096,0.446,702.1824,0.793,0.436,101.3,89.2,0.4428050279706096
2026,MEM,3,0.043,0.354,314.5192,0.793,0.436,101.3,89.2,0.3989868003452601
2026,MEM,4,0.098536,0.366,720.7317184,0.793,0.436,101.3,89.2,0.399692662272701
2026,MEM,5,0.337464,0.349204134366925,2468.3466816,0.793,0.436,101.3,89.2,0.3600759860570386
2026,MIA,0,0.2372372372372372,0.683,1752.756156156156,0.792,0.406,103.4,90.1,0.6952882125251142
2026,MIA,1,0.2432432432432432,0.463,1797.12972972973,0.792,0.406,103.4,90.1,0.4696610327394855
2026,MIA,2,0.0810810810810811,0.432,599.0432432432433,0.792,0.406,103.4,90.1,0.4275461243947015
2026,MIA,3,0.032032032032032,0.369,236.65905905905908,0.792,0.406,103.4,90.1,0.3815907858402717
2026,MIA,4,0.1003823823823824,0.379,741.6451175175176,0.792,0.406,103.4,90.1,0.3939933063379287
2026,MIA,5,0.306024024024024,0.3550956175298804,2260.9666942942945,0.792,0.406,103.4,90.1,0.3577803832518742
2026,MIL,0,0.2172172172172172,0.746,1554.9711711711714,0.73,0.457,97.6,87.3,0.7018516321717972
2026,MIL,1,0.1551551551551551,0.425,1110.6936936936938,0.73,0.457,97.6,87.3,0.4254965108823273
2026,MIL,2,0.0980980980980981,0.44,702.245045045045,0.73,0.457,97.6,87.3,0.4384434166779584
2026,MIL,3,0.072072072072072,0.401,515.935135135135,0.73,0.457,97.6,87.3,0.4121796647941855
2026,MIL,4,0.1262582582582582,0.433,903.8323675675676,0.73,0.457,97.6,87.3,0.3967163975112372
2026,MIL,5,0.3311991991991992,0.3694640883977901,2370.9225873873875,0.73,0.457,97.6,87.3,0.3546331067886098
2026,MIN,0,0.248,0.715,1781.4335999999998,0.752,0.42,100.5,87.6,0.6882497045188921
2026,MIN,1,0.192,0.454,1379.1744,0.752,0.42,100.5,87.6,0.4385757199091414
2026,MIN,2,0.094,0.464,675.2207999999999,0.752,0.42,100.5,87.6,0.4335383250046351
2026,MIN,3,0.046,0.386,330.4272,0.752,0.42,100.5,87.6,0.3938866086803998
2026,MIN,4,0.10332,0.39,742.168224,0.752,0.42,100.5,87.6,0.3903960308102361
2026,MIN,5,0.31668,0.3634748010610079,2274.775776,0.752,0.42,100.5,87.6,0.3537259000205013
2026,NOP,0,0.319,0.671,2343.7568,0.784,0.355,100.3,89.6,0.6626840665697467
2026,NOP,1,0.22,0.405,1616.384,0.784,0.355,100.3,89.6,0.451485974204672
2026,NOP,2,0.07,0.386,514.304,0.784,0.355,100.3,89.6,0.414894740780406
2026,NOP,3,0.036,0.338,264.4992,0.784,0.355,100.3,89.6,0.3819954387754871
2026,NOP,4,0.07952,0.388,584.249344,0.784,0.355,100.3,89.6,0.4013290210058382
2026,NOP,5,0.27548,0.3351649484536082,2024.006656,0.784,0.355,100.3,89.6,0.3591725617818513
2026,NYK,0,0.2457542457542458,0.689,1853.9700299700305,0.792,0.428,96.8,92.0,0.6930197371874465
2026,NYK,1,0.1698301698301698,0.464,1281.1988011988014,0.792,0.428,96.8,92.0,0.4329575597611816
2026,NYK,2,0.1078921078921079,0.449,813.9380619380621,0.792,0.428,96.8,92.0,0.4473734838366608
2026,NYK,3,0.0489510489510489,0.439,369.2867132867133,0.792,0.428,96.8,92.0,0.400299238228519
2026,NYK,4,0.129126873126873,0.416,974.1331308691302,0.792,0.428,96.8,92.0,0.3999698979675277
2026,NYK,5,0.2984455544455544,0.3543954154727794,2251.4732627372623,0.792,0.428,96.8,92.0,0.3599230384121081
2026,OKC,0,0.233,0.72,1700.4340000000002,0.817,0.426,99.3,89.0,0.7064463477597344
2026,OKC,1,0.179,0.441,1306.342,0.817,0.426,99.3,89.0,0.4451880961318263
2026,OKC,2,0.116,0.524,846.568,0.817,0.426,99.3,89.0,0.4621313888826464
2026,OKC,3,0.046,0.447,335.708,0.817,0.426,99.3,89.0,0.4062682246485184
2026,OKC,4,0.09798,0.38,715.05804,0.817,0.426,99.3,89.0,0.4043929611485587
2026,OKC,5,0.32802,0.3605194805194804,2393.8899599999995,0.817,0.426,99.3,89.0,0.3651504548021224
2026,ORL,0,0.2472472472472472,0.705,1778.0538538538542,0.801,0.386,100.0,87.7,0.6933953574154798
2026,ORL,1,0.2272272272272272,0.438,1634.0818818818825,0.801,0.386,100.0,87.7,0.4620962541148248
2026,ORL,2,0.0920920920920921,0.415,662.2710710710711,0.801,0.386,100.0,87.7,0.4370867591813678
2026,ORL,3,0.047047047047047,0.416,338.3341341341342,0.801,0.386,100.0,87.7,0.3996561672319023
2026,ORL,4,0.1047107107107107,0.385,753.0166050050051,0.801,0.386,100.0,87.7,0.3950009136424237
2026,ORL,5,0.2816756756756757,0.3273868312757202,2025.6424540540545,0.801,0.386,100.0,87.7,0.3641264677231393
2026,PHI,0,0.2657342657342657,0.67,1958.9398601398605,0.809,0.391,99.4,89.9,0.6880772767529013
2026,PHI,1,0.1868131868131868,0.434,1377.1494505494504,0.809,0.391,99.4,89.9,0.443158092918565
2026,PHI,2,0.0929070929070929,0.413,684.8925074925074,0.809,0.391,99.4,89.9,0.4397580615178218
2026,PHI,3,0.0639360639360639,0.443,471.3238761238762,0.809,0.391,99.4,89.9,0.413320964746779
2026,PHI,4,0.0835904095904095,0.372,616.2117814185814,0.809,0.391,99.4,89.9,0.407108225221799
2026,PHI,5,0.3070189810189809,0.342737913486005,2263.282524275724,0.809,0.391,99.4,89.9,0.361781133000055
2026,PHO,0,0.198,0.69,1500.2064,0.781,0.453,97.2,92.4,0.710675362689989
2026,PHO,1,0.17,0.445,1288.0560000000005,0.781,0.453,97.2,92.4,0.4339459807162751
2026,PHO,2,0.117,0.449,886.4856,0.781,0.453,97.2,92.4,0.4553276528793897
2026,PHO,3,0.062,0.425,469.7616,0.781,0.453,97.2,92.4,0.4101172739606519
2026,PHO,4,0.09513,0.395,720.7809840000001,0.781,0.453,97.2,92.4,0.3980605363251192
2026,PHO,5,0.35787,0.3519620253164557,2711.5094160000003,0.781,0.453,97.2,92.4,0.3561153419751892
2026,POR,0,0.2567432567432567,0.699,1880.028171828172,0.765,0.469,100.5,89.3,0.6921880497284771
2026,POR,1,0.1848151848151848,0.424,1353.3276723276724,0.765,0.469,100.5,89.3,0.4427421878446325
2026,POR,2,0.0549450549450549,0.38,402.3406593406594,0.765,0.469,100.5,89.3,0.4104636466830844
2026,POR,3,0.0349650349650349,0.405,256.03496503496507,0.765,0.469,100.5,89.3,0.3898370048031776
2026,POR,4,0.1133846153846153,0.34,830.2701846153841,0.765,0.469,100.5,89.3,0.3977269148281607
2026,POR,5,0.3551468531468532,0.343957783641161,2600.5983468531467,0.765,0.469,100.5,89.3,0.3588457545108321
2026,SAC,0,0.169,0.729,1238.9052,0.772,0.339,99.2,89.4,0.7070299465647191
2026,SAC,1,0.274,0.503,2008.6392000000003,0.772,0.339,99.2,89.4,0.4798442033598501
2026,SAC,2,0.136,0.423,996.9888000000002,0.772,0.339,99.2,89.4,0.4576629126642193
2026,SAC,3,0.082,0.402,601.1256000000001,0.772,0.339,99.2,89.4,0.4071762665265252
2026,SAC,4,0.078648,0.359,576.5527584,0.772,0.339,99.2,89.4,0.3971891677593525
2026,SAC,5,0.260352,0.3342604166666667,1908.5884416,0.772,0.339,99.2,89.4,0.3589591172019438
2026,SAS,0,0.277,0.704,2037.4458,0.787,0.422,99.9,89.7,0.6810293234316898
2026,SAS,1,0.171,0.468,1257.7734,0.787,0.422,99.9,89.7,0.434008019311372
2026,SAS,2,0.089,0.422,654.6306,0.787,0.422,99.9,89.7,0.4346102427313656
2026,SAS,3,0.041,0.467,301.57140000000004,0.787,0.422,99.9,89.7,0.3935641799242332
2026,SAS,4,0.134196,0.391,987.0652584,0.787,0.422,99.9,89.7,0.4034094073461349
2026,SAS,5,0.2878039999999999,0.3440791788856305,2116.9135415999995,0.787,0.422,99.9,89.7,0.3624223065589821
2026,TOR,0,0.266,0.708,1949.9928,0.769,0.363,98.4,89.4,0.6758371871393254
2026,TOR,1,0.188,0.444,1378.1904000000002,0.769,0.363,98.4,89.4,0.4315611767631225
2026,TOR,2,0.127,0.458,931.0116000000002,0.769,0.363,98.4,89.4,0.4528802079427221
2026,TOR,3,0.056,0.426,410.5248,0.769,0.363,98.4,89.4,0.3964873042504986
2026,TOR,4,0.096921,0.388,710.5084668,0.769,0.363,98.4,89.4,0.3872788322593182
2026,TOR,5,0.266079,0.3416152796725784,1950.5719332,0.769,0.363,98.4,89.4,0.3583213212278916
2026,UTA,0,0.1871871871871871,0.687,1356.8824824824826,0.786,0.402,102.3,88.4,0.7103073800444242
2026,UTA,1,0.2732732732732733,0.521,1980.9033033033036,0.786,0.402,102.3,88.4,0.4872922974184743
2026,UTA,2,0.085085085085085,0.43,616.7647647647648,0.786,0.402,102.3,88.4,0.4290110483559798
2026,UTA,3,0.052052052052052,0.402,377.3149149149149,0.786,0.402,102.3,88.4,0.4003883304789921
2026,UTA,4,0.1094534534534534,0.385,793.4061933933933,0.786,0.402,102.3,88.4,0.3914280004522316
2026,UTA,5,0.2929489489489489,0.330054945054945,2123.528341141141,0.786,0.402,102.3,88.4,0.3585035642709835
2026,WAS,0,0.215,0.732,1565.544,0.766,0.403,101.4,88.8,0.6997102283005411
2026,WAS,1,0.213,0.402,1550.9808,0.766,0.403,101.4,88.8,0.4484255507870072
2026,WAS,2,0.105,0.46,764.568,0.766,0.403,101.4,88.8,0.4405001353032214
2026,WAS,3,0.064,0.419,466.0224,0.766,0.403,101.4,88.8,0.4055720981473659
2026,WAS,4,0.085436,0.387,622.1107776,0.766,0.403,101.4,88.8,0.3980875510693847
2026,WAS,5,0.317564,0.3514670050761421,2312.3740224,0.766,0.403,101.4,88.8,0.3528220987491871
2025,ATL,0,0.2572572572572573,0.676,1877.4634634634635,0.775,0.41,102.6,89.0,0.6834148783720682
2025,ATL,1,0.2282282282282282,0.473,1665.6096096096098,0.775,0.41,102.6,89.0,0.4567025284897603
2025,ATL,2,0.077077077077077,0.422,562.5085085085086,0.775,0.41,102.6,89.0,0.4207346198796803
2025,ATL,3,0.027027027027027,0.398,197.24324324324328,0.775,0.41,102.6,89.0,0.3707754345343244
2025,ATL,4,0.1136836836836837,0.405,829.6635235235237,0.775,0.41,102.6,89.0,0.3892115752437719
2025,ATL,5,0.2967267267267267,0.3399930843706776,2165.511651651651,0.775,0.41,102.6,89.0,0.3551901113039766
2025,BOS,0,0.1788211788211788,0.748,1368.0893106893109,0.799,0.536,95.7,93.3,0.7278057548538446
2025,BOS,1,0.1678321678321678,0.487,1284.0167832167836,0.799,0.536,95.7,93.3,0.4453133397074905
2025,BOS,2,0.0729270729270729,0.424,557.9358641358641,0.799,0.536,95.7,93.3,0.4358135786969181
2025,BOS,3,0.0449550449550449,0.416,343.933066933067,0.799,0.536,95.7,93.3,0.4099635767576786
2025,BOS,4,0.1001318681318681,0.393,766.0688703296704,0.799,0.536,95.7,93.3,0.4082627585758734
2025,BOS,5,0.4353326673326673,0.362249692496925,3330.5561046953044,0.799,0.536,95.7,93.3,0.3619534783333848
2025,BRK,0,0.228,0.673,1660.2048000000002,0.787,0.458,96.4,88.8,0.701732027340247
2025,BRK,1,0.214,0.399,1558.2624,0.787,0.458,96.4,88.8,0.4555924975718564
2025,BRK,2,0.07,0.412,509.712,0.787,0.458,96.4,88.8,0.4223279521758288
2025,BRK,3,0.03,0.386,218.448,0.787,0.458,96.4,88.8,0.3818777807654864
2025,BRK,4,0.12137,0.348,883.767792,0.787,0.458,96.4,88.8,0.398319837029944
2025,BRK,5,0.33663,0.3425578231292517,2451.205008,0.787,0.458,96.4,88.8,0.3580309791244958
2025,CHI,0,0.2637362637362638,0.655,1926.9098901098905,0.809,0.457,102.8,89.1,0.6945646041177691
2025,CHI,1,0.1868131868131868,0.494,1364.8945054945057,0.809,0.457,102.8,89.1,0.4488350621116425
2025,CHI,2,0.0569430569430569,0.428,416.03736263736266,0.809,0.457,102.8,89.1,0.4176765299519002
2025,CHI,3,0.0359640359640359,0.348,262.7604395604396,0.809,0.457,102.8,89.1,0.3962232529144207
2025,CHI,4,0.1141358641358641,0.389,833.8994505494506,0.809,0.457,102.8,89.1,0.4030640644730371
2025,CHI,5,0.3424075924075924,0.3596666666666666,2501.6983516483515,0.809,0.457,102.8,89.1,0.3645715322164872
2025,CHO,0,0.2257742257742258,0.674,1684.7272727272732,0.783,0.43,97.6,91.0,0.6984753048897506
2025,CHO,1,0.2227772227772228,0.397,1662.3636363636367,0.783,0.43,97.6,91.0,0.4564217843046443
2025,CHO,2,0.0819180819180819,0.353,611.2727272727274,0.783,0.43,97.6,91.0,0.4270295617108864
2025,CHO,3,0.0399600399600399,0.371,298.18181818181824,0.783,0.43,97.6,91.0,0.3897506573094089
2025,CHO,4,0.1009490509490508,0.369,753.2818181818176,0.783,0.43,97.6,91.0,0.3927206475316596
2025,CHO,5,0.3286213786213787,0.3297843137254902,2452.172727272728,0.783,0.43,97.6,91.0,0.3544607439121224
2025,CLE,0,0.241,0.707,1790.4371999999998,0.776,0.457,99.8,90.6,0.6969090854268812
2025,CLE,1,0.19,0.503,1411.5479999999998,0.776,0.457,99.8,90.6,0.4435532693278585
2025,CLE,2,0.075,0.483,557.1899999999999,0.776,0.457,99.8,90.6,0.4262521123060124
2025,CLE,3,0.037,0.362,274.88039999999995,0.776,0.457,99.8,90.6,0.3906846943538315
2025,CLE,4,0.111965,0.401,831.810378,0.776,0.457,99.8,90.6,0.3959976226529849
2025,CLE,5,0.345035,0.377158940397351,2563.3340219999995,0.776,0.457,99.8,90.6,0.3577189076094282
2025,DAL,0,0.2267732267732267,0.726,1640.1146853146854,0.77,0.389,99.2,88.2,0.693273048412166
2025,DAL,1,0.2297702297702297,0.458,1661.79020979021,0.77,0.389,99.2,88.2,0.4556301589094339
2025,DAL,2,0.0989010989010989,0.443,715.2923076923076,0.77,0.389,99.2,88.2,0.4338203196647617
2025,DAL,3,0.0559440559440559,0.418,404.60979020979016,0.77,0.389,99.2,88.2,0.3985138160791149
2025,DAL,4,0.1014275724275724,0.379,733.5647748251747,0.77,0.389,99.2,88.2,0.3877461527564699
2025,DAL,5,0.2871838161838161,0.358702300405954,2077.0282321678314,0.77,0.389,99.2,88.2,0.3549769845408553
2025,DEN,0,0.2647352647352647,0.715,1934.208791208791,0.77,0.356,99.8,89.1,0.6764142983772075
2025,DEN,1,0.2367632367632367,0.512,1729.83956043956,0.77,0.356,99.8,89.1,0.4577866383759241
2025,DEN,2,0.0759240759240759,0.45,554.7164835164834,0.77,0.356,99.8,89.1,0.4159201758535115
2025,DEN,3,0.0669330669330669,0.413,489.0263736263736,0.77,0.356,99.8,89.1,0.4027450428581104
2025,DEN,4,0.0764635364635364,0.431,558.65789010989,0.77,0.356,99.8,89.1,0.399987491820399
2025,DEN,5,0.2791808191808191,0.3609363057324841,2039.7509010989008,0.77,0.356,99.8,89.1,0.3547653912976784
2025,DET,0,0.227,0.693,1664.0916,0.774,0.394,99.8,89.4,0.6946837505881479
2025,DET,1,0.251,0.485,1840.0308,0.774,0.394,99.8,89.4,0.4700164825252728
2025,DET,2,0.085,0.449,623.118,0.774,0.394,99.8,89.4,0.4258103555211853
2025,DET,3,0.043,0.366,315.2244,0.774,0.394,99.8,89.4,0.3894809112876282
2025,DET,4,0.09456,0.379,693.2004480000002,0.774,0.394,99.8,89.4,0.3919240795751912
2025,DET,5,0.29944,0.3566315789473684,2195.134752,0.774,0.394,99.8,89.4,0.354275385900187
2025,GSW,0,0.168,0.689,1259.1264000000003,0.764,0.469,98.7,91.4,0.718950294147526
2025,GSW,1,0.252,0.483,1888.6896000000004,0.764,0.469,98.7,91.4,0.4774816605450784
2025,GSW,2,0.068,0.404,509.64640000000014,0.764,0.469,98.7,91.4,0.4201499130292719
2025,GSW,3,0.043,0.353,322.2764,0.764,0.469,98.7,91.4,0.396321151956835
2025,GSW,4,0.1116219999999999,0.389,836.5845655999995,0.764,0.469,98.7,91.4,0.3952797360896879
2025,GSW,5,0.357378,0.3561916010498687,2678.4766344000004,0.764,0.469,98.7,91.4,0.3565596824664558
2025,HOU,0,0.234,0.674,1807.5096000000003,0.738,0.384,98.6,94.2,0.6880353519967577
2025,HOU,1,0.219,0.447,1691.6436,0.738,0.384,98.6,94.2,0.4469010897113945
2025,HOU,2,0.099,0.401,764.7156000000001,0.738,0.384,98.6,94.2,0.4313417944809811
2025,HOU,3,0.064,0.371,494.3616,0.738,0.384,98.6,94.2,0.4007380266721136
2025,HOU,4,0.07872,0.373,608.064768,0.738,0.384,98.6,94.2,0.3978647311886923
2025,HOU,5,0.30528,0.3478427672955974,2358.104832,0.738,0.384,98.6,94.2,0.3493924288562544
2025,IND,0,0.218436873747495,0.707,1588.77875751503,0.789,0.4,99.9,88.7,0.7014005094398194
2025,IND,1,0.2074148296593186,0.519,1508.6110220440885,0.789,0.4,99.9,88.7,0.4483105964522031
2025,IND,2,0.1112224448897795,0.473,808.9653306613227,0.789,0.4,99.9,88.7,0.448096616615981
2025,IND,3,0.0621242484969939,0.409,451.854509018036,0.789,0.4,99.9,88.7,0.4074343143568575
2025,IND,4,0.1002004008016032,0.401,728.7975951903808,0.789,0.4,99.9,88.7,0.3932673572918149
2025,IND,5,0.3006012024048096,0.357,2186.392785571142,0.789,0.4,99.9,88.7,0.3577596346394208
2025,LAC,0,0.2077922077922078,0.707,1497.7246753246754,0.797,0.387,97.5,87.9,0.7038574943384032
2025,LAC,1,0.2557442557442558,0.486,1843.353446553447,0.797,0.387,97.5,87.9,0.4755610819275205
2025,LAC,2,0.1078921078921079,0.456,777.6647352647354,0.797,0.387,97.5,87.9,0.4444506530437455
2025,LAC,3,0.0419580419580419,0.408,302.4251748251749,0.797,0.387,97.5,87.9,0.3910242321361777
2025,LAC,4,0.0889210789210789,0.403,640.9253526473528,0.797,0.387,97.5,87.9,0.3976364809905849
2025,LAC,5,0.2976923076923077,0.364038961038961,2145.706615384616,0.797,0.387,97.5,87.9,0.3571206420636309
2025,LAL,0,0.2182182182182181,0.753,1562.1369369369368,0.785,0.425,97.6,87.3,0.7010232830415718
2025,LAL,1,0.2032032032032032,0.468,1454.6504504504503,0.785,0.425,97.6,87.3,0.4456743340202316
2025,LAL,2,0.097097097097097,0.429,695.0792792792791,0.785,0.425,97.6,87.3,0.4372651432875764
2025,LAL,3,0.056056056056056,0.395,401.2828828828828,0.785,0.425,97.6,87.3,0.4032905288216138
2025,LAL,4,0.1016766766766766,0.394,727.8626576576575,0.785,0.425,97.6,87.3,0.3923804756440963
2025,LAL,5,0.3237487487487487,0.3572063074901446,2317.5877927927927,0.785,0.425,97.6,87.3,0.354691396442034
2025,MEM,0,0.213,0.713,1577.1798,0.786,0.406,103.3,90.3,0.7016937079708099
2025,MEM,1,0.269,0.475,1991.8374,0.786,0.406,103.3,90.3,0.4835215405326135
2025,MEM,2,0.085,0.468,629.3910000000001,0.786,0.406,103.3,90.3,0.427914405731685
2025,MEM,3,0.027,0.4,199.9242,0.786,0.406,103.3,90.3,0.372359224218375
2025,MEM,4,0.103124,0.37,763.5919703999999,0.786,0.406,103.3,90.3,0.3909304362537417
2025,MEM,5,0.302876,0.3659785522788203,2242.6756296,0.786,0.406,103.3,90.3,0.3558696378081124
2025,MIA,0,0.211,0.678,1545.0685999999998,0.791,0.429,96.2,89.3,0.7047295578578191
2025,MIA,1,0.229,0.461,1676.8754,0.791,0.429,96.2,89.3,0.4611510141969031
2025,MIA,2,0.098,0.451,717.6148000000001,0.791,0.429,96.2,89.3,0.4391627247386403
2025,MIA,3,0.033,0.434,241.6458,0.791,0.429,96.2,89.3,0.3828564408510744
2025,MIA,4,0.12012,0.394,879.5907119999999,0.791,0.429,96.2,89.3,0.3949245812443208
2025,MIA,5,0.30888,0.3565,2261.804688,0.791,0.429,96.2,89.3,0.3574524973434221
2025,MIL,0,0.2442442442442442,0.715,1736.43003003003,0.75,0.424,99.3,86.7,0.6885561023579287
2025,MIL,1,0.1501501501501501,0.439,1067.4774774774776,0.75,0.424,99.3,86.7,0.4203354788692591
2025,MIL,2,0.0950950950950951,0.453,676.0690690690691,0.75,0.424,99.3,86.7,0.4331114416161436
2025,MIL,3,0.086086086086086,0.449,612.0204204204205,0.75,0.424,99.3,86.7,0.4135441387374784
2025,MIL,4,0.1027107107107106,0.438,730.2115267267261,0.75,0.424,99.3,86.7,0.3893508686948724
2025,MIL,5,0.3217137137137137,0.3707176781002639,2287.1914762762767,0.75,0.424,99.3,86.7,0.3520864337260485
2025,MIN,0,0.238,0.714,1742.7788,0.789,0.455,97.3,89.3,0.6983766915296745
2025,MIN,1,0.197,0.427,1442.5522,0.789,0.455,97.3,89.3,0.4471893857160151
2025,MIN,2,0.076,0.409,556.5175999999999,0.789,0.455,97.3,89.3,0.4272957901340856
2025,MIN,3,0.034,0.34,248.9684,0.789,0.455,97.3,89.3,0.3874466930212775
2025,MIN,4,0.110565,0.398,809.6232689999999,0.789,0.455,97.3,89.3,0.3961708505741906
2025,MIN,5,0.344435,0.3702589167767503,2522.159731,0.789,0.455,97.3,89.3,0.3580529297366072
2025,NOP,0,0.2502502502502502,0.666,1853.0030030030027,0.754,0.385,99.1,90.3,0.6825507978648246
2025,NOP,1,0.2132132132132131,0.417,1578.7585585585582,0.754,0.385,99.1,90.3,0.4445548492239983
2025,NOP,2,0.104104104104104,0.432,770.8492492492492,0.754,0.385,99.1,90.3,0.4358514601979311
2025,NOP,3,0.047047047047047,0.379,348.3645645645645,0.754,0.385,99.1,90.3,0.3900046852097491
2025,NOP,4,0.0963463463463463,0.365,713.4061561561562,0.754,0.385,99.1,90.3,0.3878926510246289
2025,NOP,5,0.289039039039039,0.3409999999999999,2140.218468468468,0.754,0.385,99.1,90.3,0.3529039648417548
2025,NYK,0,0.27,0.696,2021.382,0.8,0.382,96.7,91.3,0.6803394140859836
2025,NYK,1,0.196,0.445,1467.3736,0.8,0.382,96.7,91.3,0.4414432848761563
2025,NYK,2,0.107,0.477,801.0662,0.8,0.382,96.7,91.3,0.4437731925287193
2025,NYK,3,0.045,0.412,336.89699999999993,0.8,0.382,96.7,91.3,0.3939377077910215
2025,NYK,4,0.10887,0.386,815.066142,0.8,0.382,96.7,91.3,0.3908396091833301
2025,NYK,5,0.27313,0.3622237762237761,2044.815058,0.8,0.382,96.7,91.3,0.362386176703763
2025,OKC,0,0.216,0.71,1640.1312,0.819,0.419,100.0,92.6,0.7121388924447514
2025,OKC,1,0.196,0.466,1488.2672,0.819,0.419,100.0,92.6,0.452436842917209
2025,OKC,2,0.123,0.5,933.9636,0.819,0.419,100.0,92.6,0.4670597850156702
2025,OKC,3,0.046,0.406,349.2872,0.819,0.419,100.0,92.6,0.4058375428906398
2025,OKC,4,0.0892469999999999,0.404,677.6703203999991,0.819,0.419,100.0,92.6,0.4084294439666652
2025,OKC,5,0.329753,0.3658805590851334,2503.8804796,0.819,0.419,100.0,92.6,0.364599264066355
2025,ORL,0,0.225,0.701,1642.0500000000002,0.775,0.411,96.1,89.0,0.6945477524210721
2025,ORL,1,0.214,0.451,1561.7720000000002,0.775,0.411,96.1,89.0,0.4473136138422798
2025,ORL,2,0.09,0.408,656.8200000000002,0.775,0.411,96.1,89.0,0.4283463904211749
2025,ORL,3,0.06,0.388,437.88000000000005,0.775,0.411,96.1,89.0,0.4016953275326166
2025,ORL,4,0.11097,0.352,809.8590600000001,0.775,0.411,96.1,89.0,0.3875125964162169
2025,ORL,5,0.3000299999999999,0.3054246575342466,2189.61894,0.775,0.411,96.1,89.0,0.3533210256082827
2025,PHI,0,0.253,0.676,1850.5432000000003,0.78,0.426,97.4,89.2,0.6867619220140958
2025,PHI,1,0.184,0.433,1345.8496,0.78,0.426,97.4,89.2,0.4354537327578403
2025,PHI,2,0.084,0.448,614.4096000000001,0.78,0.426,97.4,89.2,0.4272406816825743
2025,PHI,3,0.053,0.381,387.6632,0.78,0.426,97.4,89.2,0.4000645335006534
2025,PHI,4,0.0852,0.386,623.18688,0.78,0.426,97.4,89.2,0.3995677558407721
2025,PHI,5,0.3408,0.32975,2492.74752,0.78,0.426,97.4,89.2,0.3525137755309731
2025,PHO,0,0.1431431431431431,0.756,1035.2684684684684,0.81,0.44,97.1,88.2,0.7369849121374497
2025,PHO,1,0.1991991991991992,0.485,1440.6882882882885,0.81,0.44,97.1,88.2,0.4516770830631434
2025,PHO,2,0.1561561561561561,0.495,1129.383783783784,0.81,0.44,97.1,88.2,0.4815315103589763
2025,PHO,3,0.061061061061061,0.478,441.61801801801806,0.81,0.44,97.1,88.2,0.4144054038806627
2025,PHO,4,0.1277277277277277,0.425,923.778018018018,0.81,0.44,97.1,88.2,0.4049824946887918
2025,PHO,5,0.3127127127127128,0.3588028169014085,2261.663423423424,0.81,0.44,97.1,88.2,0.3637595529424309
2025,POR,0,0.2682682682682683,0.675,1999.618018018018,0.762,0.418,98.8,90.9,0.6783983243673231
2025,POR,1,0.1971971971971972,0.39,1469.8684684684686,0.762,0.418,98.8,90.9,0.4393832984285911
2025,POR,2,0.069069069069069,0.418,514.827027027027,0.762,0.418,98.8,90.9,0.4140964436660531
2025,POR,3,0.047047047047047,0.421,350.6792792792792,0.762,0.418,98.8,90.9,0.3931225898302615
2025,POR,4,0.0979099099099099,0.345,729.8008864864864,0.762,0.418,98.8,90.9,0.3903528664797737
2025,POR,5,0.3205085085085084,0.3410835509138381,2389.0063207207204,0.762,0.418,98.8,90.9,0.3516813174690991
2025,SAC,0,0.1708291708291708,0.715,1271.9256743256742,0.806,0.391,98.2,90.8,0.7171524600876655
2025,SAC,1,0.2237762237762237,0.529,1666.1482517482516,0.806,0.391,98.2,90.8,0.4595476377924533
2025,SAC,2,0.1228771228771228,0.479,914.893906093906,0.806,0.391,98.2,90.8,0.4593062100240129
2025,SAC,3,0.0919080919080918,0.425,684.310889110889,0.806,0.391,98.2,90.8,0.4205038763548114
2025,SAC,4,0.091011988011988,0.397,677.6388579420579,0.806,0.391,98.2,90.8,0.3997237236156395
2025,SAC,5,0.2995974025974026,0.3448487614080834,2230.6824207792206,0.806,0.391,98.2,90.8,0.3601507291651349
2025,SAS,0,0.2557442557442557,0.694,1891.586813186813,0.774,0.441,99.3,90.2,0.6880625086719127
2025,SAS,1,0.1708291708291708,0.435,1263.520879120879,0.774,0.441,99.3,90.2,0.4323811143921135
2025,SAS,2,0.0829170829170829,0.437,613.2879120879121,0.774,0.441,99.3,90.2,0.4288968851698046
2025,SAS,3,0.0499500499500499,0.403,369.45054945054943,0.774,0.441,99.3,90.2,0.4001360091299756
2025,SAS,4,0.1096993006993006,0.397,811.3799076923076,0.774,0.441,99.3,90.2,0.3928138908226057
2025,SAS,5,0.3308601398601398,0.3437376830892143,2447.1739384615385,0.774,0.441,99.3,90.2,0.3554834049115665
2025,TOR,0,0.283,0.654,2104.7842,0.748,0.373,99.7,90.7,0.6688813655191604
2025,TOR,1,0.217,0.407,1613.9158,0.748,0.373,99.7,90.7,0.4461071529337119
2025,TOR,2,0.094,0.459,699.1156,0.748,0.373,99.7,90.7,0.4282073378150873
2025,TOR,3,0.033,0.347,245.4342,0.748,0.373,99.7,90.7,0.3746570091119585
2025,TOR,4,0.1055589999999999,0.381,785.0845065999993,0.748,0.373,99.7,90.7,0.3847130532329588
2025,TOR,5,0.267441,0.3349748953974895,1989.0656934,0.748,0.373,99.7,90.7,0.3577398138426533
2025,UTA,0,0.166,0.699,1199.2171999999998,0.774,0.449,100.0,88.1,0.7189345325085283
2025,UTA,1,0.276,0.495,1993.8792,0.774,0.449,100.0,88.1,0.4920363939305979
2025,UTA,2,0.078,0.423,563.4875999999999,0.774,0.449,100.0,88.1,0.4270822901510782
2025,UTA,3,0.031,0.368,223.9502,0.774,0.449,100.0,88.1,0.3819628900038963
2025,UTA,4,0.123026,0.402,888.7644292,0.774,0.449,100.0,88.1,0.3977308490609543
2025,UTA,5,0.325974,0.3303746556473829,2354.9013708,0.774,0.449,100.0,88.1,0.3574723945517706
2025,WAS,0,0.2132132132132131,0.703,1554.2816816816817,0.778,0.435,100.9,88.9,0.7048613798977782
2025,WAS,1,0.2252252252252252,0.417,1641.8468468468468,0.778,0.435,100.9,88.9,0.4598231786324178
2025,WAS,2,0.079079079079079,0.383,576.4706706706706,0.778,0.435,100.9,88.9,0.4270324838673843
2025,WAS,3,0.047047047047047,0.397,342.9635635635636,0.778,0.435,100.9,88.9,0.3985415087261577
2025,WAS,4,0.0722822822822822,0.348,526.9233813813813,0.778,0.435,100.9,88.9,0.4116790927263988
2025,WAS,5,0.3631531531531531,0.3324124700239809,2647.3138558558558,0.778,0.435,100.9,88.9,0.3548637957218967
2024,WAS,0,0.248,0.731,1805.8368,0.764,0.389,102.7,88.8,0.6864494375557781
2024,WAS,1,0.236,0.435,1718.4575999999995,0.764,0.389,102.7,88.8,0.4606314904309106
2024,WAS,2,0.085,0.404,618.936,0.764,0.389,102.7,88.8,0.4256202355275398
2024,WAS,3,0.042,0.387,305.8272,0.764,0.389,102.7,88.8,0.3883068541402742
2024,WAS,4,0.086358,0.392,628.8244128,0.764,0.389,102.7,88.8,0.3964996442215404
2024,WAS,5,0.302642,0.3354447300771208,2203.7179872,0.764,0.389,102.7,88.8,0.353608830390401
2024,UTA,0,0.201,0.725,1480.0836000000002,0.83,0.406,99.5,89.8,0.720464323316086
2024,UTA,1,0.289,0.471,2128.0804,0.83,0.406,99.5,89.8,0.510400600847516
2024,UTA,2,0.071,0.412,522.8155999999999,0.83,0.406,99.5,89.8,0.4327777714002128
2024,UTA,3,0.033,0.372,242.9988,0.83,0.406,99.5,89.8,0.3954584755736727
2024,UTA,4,0.112056,0.39,825.1355616000001,0.83,0.406,99.5,89.8,0.4055699907481376
2024,UTA,5,0.293944,0.3402762430939226,2164.4860384,0.83,0.406,99.5,89.8,0.3722644094837577
2024,TOR,0,0.27,0.702,1985.958,0.756,0.369,99.4,89.7,0.676470015975155
2024,TOR,1,0.221,0.439,1625.5434000000002,0.756,0.369,99.4,89.7,0.4507662873109442
2024,TOR,2,0.086,0.404,632.5644,0.756,0.369,99.4,89.7,0.4251916704866734
2024,TOR,3,0.054,0.397,397.1916,0.756,0.369,99.4,89.7,0.3973662681734245
2024,TOR,4,0.093357,0.38,686.6780778,0.756,0.369,99.4,89.7,0.3912334483846697
2024,TOR,5,0.2756429999999999,0.3358232931726907,2027.4645221999997,0.756,0.369,99.4,89.7,0.3578462564260877
2024,SAS,0,0.2582582582582582,0.692,1884.7687687687685,0.782,0.401,101.1,89.0,0.6877612472630683
2024,SAS,1,0.2002002002002001,0.445,1461.0610610610609,0.782,0.401,101.1,89.0,0.4461778385494289
2024,SAS,2,0.088088088088088,0.427,642.8668668668668,0.782,0.401,101.1,89.0,0.43314502905907
2024,SAS,3,0.052052052052052,0.338,379.8758758758758,0.782,0.401,101.1,89.0,0.4024771736665791
2024,SAS,4,0.0943293293293293,0.384,688.4154454454454,0.782,0.401,101.1,89.0,0.3972697663486583
2024,SAS,5,0.307072072072072,0.3356339869281045,2241.011981981982,0.782,0.401,101.1,89.0,0.3584308971527231
2024,SAC,0,0.206,0.715,1540.5504,0.745,0.432,98.8,91.2,0.705342834832972
2024,SAC,1,0.218,0.509,1630.2912,0.745,0.432,98.8,91.2,0.4538717723267462
2024,SAC,2,0.096,0.439,717.9264000000001,0.745,0.432,98.8,91.2,0.4367869978128896
2024,SAC,3,0.048,0.378,358.96320000000003,0.745,0.432,98.8,91.2,0.3975025075992088
2024,SAC,4,0.105408,0.393,788.2831872,0.745,0.432,98.8,91.2,0.3919391509513537
2024,SAC,5,0.326592,0.3572857142857143,2442.3856128,0.745,0.432,98.8,91.2,0.3547505482173995
2024,POR,0,0.241,0.637,1804.2706,0.791,0.37,97.2,91.3,0.691667109012263
2024,POR,1,0.22,0.394,1647.052,0.791,0.37,97.2,91.3,0.4537812945826575
2024,POR,2,0.102,0.422,763.6332,0.791,0.37,97.2,91.3,0.4397916980279114
2024,POR,3,0.067,0.415,501.60220000000015,0.791,0.37,97.2,91.3,0.4085474922369804
2024,POR,4,0.08843,0.371,662.0400380000001,0.791,0.37,97.2,91.3,0.397647780325006
2024,POR,5,0.28157,0.3368344283837056,2108.0019620000003,0.791,0.37,97.2,91.3,0.3599705793758326
2024,PHO,0,0.2237762237762237,0.713,1600.0895104895103,0.808,0.378,98.3,87.2,0.7041227850119633
2024,PHO,1,0.1838161838161837,0.457,1314.3592407592405,0.808,0.378,98.3,87.2,0.4415272104596211
2024,PHO,2,0.1338661338661338,0.499,957.1964035964036,0.808,0.378,98.3,87.2,0.4693771383663604
2024,PHO,3,0.0809190809190809,0.474,578.6037962037962,0.808,0.378,98.3,87.2,0.4198841536313434
2024,PHO,4,0.094027972027972,0.405,672.337611188811,0.808,0.378,98.3,87.2,0.4004600040088163
2024,PHO,5,0.2835944055944056,0.3743741677762982,2027.8134377622373,0.808,0.378,98.3,87.2,0.3655056201011492
2024,PHI,0,0.261,0.669,1951.8624,0.826,0.373,97.5,91.2,0.69329318400477
2024,PHI,1,0.204,0.407,1525.5936000000002,0.826,0.373,97.5,91.2,0.4547462096591173
2024,PHI,2,0.099,0.452,740.3616000000001,0.826,0.373,97.5,91.2,0.4472550410751559
2024,PHI,3,0.063,0.424,471.1392,0.826,0.373,97.5,91.2,0.4161220466863646
2024,PHI,4,0.080941,0.41,605.3091744,0.826,0.373,97.5,91.2,0.4122283236943661
2024,PHI,5,0.292059,0.3499744572158365,2184.1340256000003,0.826,0.373,97.5,91.2,0.3673948697318034
2024,ORL,0,0.269,0.722,1923.4576,0.759,0.369,96.9,87.2,0.6750101635313541
2024,ORL,1,0.221,0.44,1580.2384,0.759,0.369,96.9,87.2,0.4489008083824694
2024,ORL,2,0.091,0.397,650.6864,0.759,0.369,96.9,87.2,0.4267207288800698
2024,ORL,3,0.05,0.38,357.52000000000004,0.759,0.369,96.9,87.2,0.3924894617737844
2024,ORL,4,0.096678,0.366,691.2863712000001,0.759,0.369,96.9,87.2,0.3877736455371093
2024,ORL,5,0.272322,0.347029810298103,1947.2112288,0.759,0.369,96.9,87.2,0.3568739251631685
2024,OKC,0,0.252,0.712,1837.0296000000003,0.825,0.383,99.8,88.9,0.6994235638451456
2024,OKC,1,0.191,0.458,1392.3518,0.825,0.383,99.8,88.9,0.4508753384851283
2024,OKC,2,0.117,0.503,852.9066,0.825,0.383,99.8,88.9,0.4632920585808788
2024,OKC,3,0.057,0.422,415.5186000000001,0.825,0.383,99.8,88.9,0.4150801089949807
2024,OKC,4,0.093069,0.416,678.4543962,0.825,0.383,99.8,88.9,0.4070644485704791
2024,OKC,5,0.289931,0.380332892998679,2113.5390038,0.825,0.383,99.8,88.9,0.3703016391679899
2024,NYK,0,0.252,0.658,1919.6856,0.78,0.404,95.2,92.9,0.6873884895856841
2024,NYK,1,0.19,0.451,1447.382,0.78,0.404,95.2,92.9,0.4383764999823308
2024,NYK,2,0.107,0.433,815.1046,0.78,0.404,95.2,92.9,0.4435481276971252
2024,NYK,3,0.047,0.392,358.0366,0.78,0.404,95.2,92.9,0.3955002512257141
2024,NYK,4,0.108676,0.414,827.8720327999999,0.78,0.404,95.2,92.9,0.3906127764462986
2024,NYK,5,0.295324,0.3524404924760602,2249.7191672,0.78,0.404,95.2,92.9,0.3572869794325401
2024,NOP,0,0.254,0.695,1855.7748,0.771,0.373,97.9,89.1,0.6832222636004622
2024,NOP,1,0.218,0.44,1592.7516,0.771,0.373,97.9,89.1,0.4493616110025952
2024,NOP,2,0.099,0.472,723.3138,0.771,0.373,97.9,89.1,0.4343610142868763
2024,NOP,3,0.056,0.434,409.1472,0.771,0.373,97.9,89.1,0.3990225279976818
2024,NOP,4,0.099218,0.434,724.9065516000001,0.771,0.373,97.9,89.1,0.3889151869964316
2024,NOP,5,0.2737819999999999,0.3645177111716621,2000.306048399999,0.771,0.373,97.9,89.1,0.3586192201746546
2024,MIN,0,0.2502502502502503,0.716,1785.2852852852857,0.777,0.384,97.1,87.0,0.6859203029186509
2024,MIN,1,0.2282282282282282,0.439,1628.1801801801803,0.777,0.384,97.1,87.0,0.4563970551057115
2024,MIN,2,0.089089089089089,0.439,635.5615615615615,0.777,0.384,97.1,87.0,0.4287682129885989
2024,MIN,3,0.048048048048048,0.376,342.7747747747748,0.777,0.384,97.1,87.0,0.3942307506128059
2024,MIN,4,0.1072432432432432,0.409,765.0732972972971,0.777,0.384,97.1,87.0,0.3884754805393048
2024,MIN,5,0.2771411411411411,0.3784868238557559,1977.124900900901,0.777,0.384,97.1,87.0,0.3589394066014503
2024,MIL,0,0.238,0.761,1719.3596,0.774,0.43,99.9,88.1,0.6968869845162372
2024,MIL,1,0.167,0.43,1206.4414000000002,0.774,0.43,99.9,88.1,0.4326897710717828
2024,MIL,2,0.092,0.447,664.6264,0.774,0.43,99.9,88.1,0.4369035107716811
2024,MIL,3,0.073,0.456,527.3666000000001,0.774,0.43,99.9,88.1,0.4151943352913045
2024,MIL,4,0.10965,0.414,792.1335300000001,0.774,0.43,99.9,88.1,0.394629606419362
2024,MIL,5,0.3203499999999999,0.3589664429530201,2314.27247,0.774,0.43,99.9,88.1,0.3581082754600658
2024,MIA,0,0.194,0.672,1411.0396000000003,0.818,0.394,96.2,88.7,0.716356669396413
2024,MIA,1,0.248,0.494,1803.8032,0.818,0.394,96.2,88.7,0.47912048495114
2024,MIA,2,0.111,0.409,807.3474000000001,0.818,0.394,96.2,88.7,0.4552344582701949
2024,MIA,3,0.053,0.399,385.4902,0.818,0.394,96.2,88.7,0.4089192045745399
2024,MIA,4,0.108744,0.398,790.9386096,0.818,0.394,96.2,88.7,0.3992417266910757
2024,MIA,5,0.285256,0.3593259668508287,2074.7809904,0.818,0.394,96.2,88.7,0.3678450785589095
2024,MEM,0,0.2382382382382382,0.652,1744.5233233233232,0.764,0.428,98.2,89.3,0.6937966882538216
2024,MEM,1,0.2222222222222222,0.397,1627.2444444444443,0.764,0.428,98.2,89.3,0.4560994321685615
2024,MEM,2,0.071071071071071,0.409,520.4250250250251,0.764,0.428,98.2,89.3,0.4190906812059645
2024,MEM,3,0.04004004004004,0.359,293.1971971971972,0.764,0.428,98.2,89.3,0.3898284489628233
2024,MEM,4,0.1045365365365365,0.351,765.4792424424426,0.764,0.428,98.2,89.3,0.3919076559568614
2024,MEM,5,0.3238918918918919,0.3443862433862433,2371.730767567568,0.764,0.428,98.2,89.3,0.3548097707599506
2024,LAL,0,0.259,0.769,1826.4680000000003,0.782,0.358,100.9,86.0,0.6841556383997016
2024,LAL,1,0.221,0.451,1558.4920000000004,0.782,0.358,100.9,86.0,0.4539934589122441
2024,LAL,2,0.097,0.428,684.0440000000002,0.782,0.358,100.9,86.0,0.4359148937563371
2024,LAL,3,0.065,0.365,458.3800000000001,0.782,0.358,100.9,86.0,0.4072175938882848
2024,LAL,4,0.088784,0.388,626.1047680000001,0.782,0.358,100.9,86.0,0.397076881547485
2024,LAL,5,0.269216,0.3733723404255319,1898.5112320000003,0.782,0.358,100.9,86.0,0.3628549815065892
2024,LAC,0,0.2277722277722278,0.72,1662.2817182817184,0.825,0.383,97.2,89.0,0.7065744762506844
2024,LAC,1,0.2067932067932068,0.469,1509.1768231768233,0.825,0.383,97.2,89.0,0.4564971371981471
2024,LAC,2,0.1198801198801198,0.472,874.885114885115,0.825,0.383,97.2,89.0,0.4633071906760901
2024,LAC,3,0.0629370629370629,0.402,459.3146853146853,0.825,0.383,97.2,89.0,0.4163903102095524
2024,LAC,4,0.0945064935064935,0.417,689.7083896103898,0.825,0.383,97.2,89.0,0.404124346574134
2024,LAC,5,0.2881108891108891,0.3691912350597609,2102.6332687312693,0.825,0.383,97.2,89.0,0.3684563399438061
2024,IND,0,0.259,0.718,1932.658,0.782,0.38,101.7,91.0,0.6854870321964835
2024,IND,1,0.22,0.493,1641.64,0.782,0.38,101.7,91.0,0.4547607337705945
2024,IND,2,0.094,0.505,701.428,0.782,0.38,101.7,91.0,0.4351848684610753
2024,IND,3,0.047,0.497,350.714,0.782,0.38,101.7,91.0,0.396414483344561
2024,IND,4,0.08892,0.405,663.5210400000001,0.782,0.38,101.7,91.0,0.3983247079190196
2024,IND,5,0.29108,0.3645300261096605,2172.03896,0.782,0.38,101.7,91.0,0.3589619179815912
2024,HOU,0,0.2372372372372372,0.675,1772.2096096096095,0.773,0.397,99.0,91.1,0.6929305402768202
2024,HOU,1,0.2152152152152152,0.437,1607.7007007007007,0.773,0.397,99.0,91.1,0.4509302121784132
2024,HOU,2,0.0840840840840841,0.455,628.124924924925,0.773,0.397,99.0,91.1,0.4272695771342496
2024,HOU,3,0.066066066066066,0.407,493.5267267267268,0.773,0.397,99.0,91.1,0.4079086738107472
2024,HOU,4,0.0679549549549549,0.395,507.6371045045045,0.773,0.397,99.0,91.1,0.4111849527260739
2024,HOU,5,0.3294424424424425,0.343130277442702,2461.000933533533,0.773,0.397,99.0,91.1,0.3531467014548798
2024,GSW,0,0.185,0.716,1391.0890000000004,0.78,0.425,99.2,91.7,0.713960846326284
2024,GSW,1,0.238,0.504,1789.6172000000004,0.78,0.425,99.2,91.7,0.4682873978221721
2024,GSW,2,0.083,0.419,624.1102000000002,0.78,0.425,99.2,91.7,0.4306971049329979
2024,GSW,3,0.069,0.41,518.8386000000002,0.78,0.425,99.2,91.7,0.4134498848601057
2024,GSW,4,0.069275,0.395,520.9064350000002,0.78,0.425,99.2,91.7,0.4145458593639546
2024,GSW,5,0.3557249999999999,0.377078853046595,2674.838565,0.78,0.425,99.2,91.7,0.3560399838355588
2024,DET,0,0.2237762237762237,0.679,1616.6041958041956,0.785,0.36,99.8,88.1,0.6981300862339329
2024,DET,1,0.2417582417582417,0.461,1746.5098901098895,0.785,0.36,99.8,88.1,0.4665848799722439
2024,DET,2,0.1118881118881118,0.455,808.3020979020978,0.785,0.36,99.8,88.1,0.4472272310894613
2024,DET,3,0.0629370629370629,0.377,454.66993006993,0.785,0.36,99.8,88.1,0.4064938207926967
2024,DET,4,0.0981818181818181,0.359,709.2850909090907,0.785,0.36,99.8,88.1,0.3925995916140062
2024,DET,5,0.2614585414585414,0.3438693259972489,1888.828795204795,0.785,0.36,99.8,88.1,0.3656367786222927
2024,DEN,0,0.2652652652652653,0.688,1990.285285285286,0.762,0.352,96.8,91.5,0.6752841990284906
2024,DEN,1,0.2092092092092092,0.487,1569.696696696697,0.762,0.352,96.8,91.5,0.4411885559298469
2024,DEN,2,0.0900900900900901,0.457,675.9459459459462,0.762,0.352,96.8,91.5,0.424862612086648
2024,DEN,3,0.0830830830830831,0.464,623.3723723723726,0.762,0.352,96.8,91.5,0.4078559856907051
2024,DEN,4,0.0838598598598597,0.384,629.200528528528,0.762,0.352,96.8,91.5,0.3939421223004236
2024,DEN,5,0.2684924924924924,0.3708766404199474,2014.499171171171,0.762,0.352,96.8,91.5,0.3567355449613953
2024,DAL,0,0.222,0.747,1629.258,0.758,0.441,100.1,89.5,0.7026265068317454
2024,DAL,1,0.175,0.47,1284.325,0.758,0.441,100.1,89.5,0.4356808556661203
2024,DAL,2,0.098,0.451,719.2220000000001,0.758,0.441,100.1,89.5,0.4408232376011013
2024,DAL,3,0.064,0.404,469.696,0.758,0.441,100.1,89.5,0.4109186532837457
2024,DAL,4,0.120834,0.362,886.800726,0.758,0.441,100.1,89.5,0.3968425777214193
2024,DAL,5,0.320166,0.3716418732782369,2349.698274,0.758,0.441,100.1,89.5,0.3579269888735126
2024,CLE,0,0.276,0.686,2018.7744,0.765,0.422,97.2,89.2,0.677341856338745
2024,CLE,1,0.19,0.448,1389.736,0.765,0.422,97.2,89.2,0.4380252512398767
2024,CLE,2,0.073,0.457,533.9512,0.765,0.422,97.2,89.2,0.4192254057202504
2024,CLE,3,0.039,0.416,285.2616,0.765,0.422,97.2,89.2,0.3873735252668212
2024,CLE,4,0.1008579999999999,0.376,737.7157551999994,0.765,0.422,97.2,89.2,0.3913941767977724
2024,CLE,5,0.321142,0.364173455978975,2348.9610448,0.765,0.422,97.2,89.2,0.3536929424533017
2024,CHO,0,0.2512512512512512,0.692,1837.752152152152,0.786,0.391,97.3,89.2,0.688032227281966
2024,CHO,1,0.1981981981981981,0.438,1449.7009009009007,0.786,0.391,97.3,89.2,0.4426383141312936
2024,CHO,2,0.094094094094094,0.404,688.2418418418418,0.786,0.391,97.3,89.2,0.4346793292036273
2024,CHO,3,0.065065065065065,0.344,475.9119119119119,0.786,0.391,97.3,89.2,0.4080119991302858
2024,CHO,4,0.0857147147147147,0.367,626.9517093093093,0.786,0.391,97.3,89.2,0.3997978922444911
2024,CHO,5,0.3056766766766766,0.3516350832266324,2235.8414838838835,0.786,0.391,97.3,89.2,0.3560680430928264
2024,CHI,0,0.266,0.642,1997.9792,0.791,0.358,96.3,91.6,0.6803898847075233
2024,CHI,1,0.181,0.465,1359.5272,0.791,0.358,96.3,91.6,0.4330374600526251
2024,CHI,2,0.106,0.481,796.1872,0.791,0.358,96.3,91.6,0.4414486044999914
2024,CHI,3,0.089,0.404,668.4967999999999,0.791,0.358,96.3,91.6,0.4148730641152578
2024,CHI,4,0.09845,0.385,739.47764,0.791,0.358,96.3,91.6,0.391214462038464
2024,CHI,5,0.25955,0.3477586206896552,1949.53196,0.791,0.358,96.3,91.6,0.3649904744167597
2024,BRK,0,0.242,0.692,1813.7416,0.756,0.412,96.9,91.4,0.6891460586512909
2024,BRK,1,0.199,0.406,1491.4652,0.756,0.412,96.9,91.4,0.4404938297385878
2024,BRK,2,0.094,0.433,704.5111999999999,0.756,0.412,96.9,91.4,0.4320737975779197
2024,BRK,3,0.053,0.346,397.2244,0.756,0.412,96.9,91.4,0.3980938805710267
2024,BRK,4,0.107532,0.414,805.9308336,0.756,0.412,96.9,91.4,0.3884334649241681
2024,BRK,5,0.3044679999999999,0.3436346414073072,2281.9267663999995,0.756,0.412,96.9,91.4,0.3536893445397859
2024,BOS,0,0.212,0.745,1601.0664000000002,0.807,0.471,97.2,92.1,0.7176654767719215
2024,BOS,1,0.181,0.478,1366.9482,0.807,0.471,97.2,92.1,0.4497860950405292
2024,BOS,2,0.083,0.454,626.8326000000001,0.807,0.471,97.2,92.1,0.4421789433895952
2024,BOS,3,0.053,0.418,400.2666,0.807,0.471,97.2,92.1,0.4156920674129529
2024,BOS,4,0.0960839999999999,0.441,725.6455847999993,0.807,0.471,97.2,92.1,0.408947862792857
2024,BOS,5,0.3749159999999999,0.3744170854271357,2831.4406152,0.807,0.471,97.2,92.1,0.3668499424050444
2024,ATL,0,0.247,0.649,1855.2664,0.797,0.408,100.1,91.6,0.6962893872023495
2024,ATL,1,0.194,0.437,1457.1727999999998,0.797,0.408,100.1,91.6,0.4471666278756205
2024,ATL,2,0.104,0.477,781.1647999999999,0.797,0.408,100.1,91.6,0.4482225718396384
2024,ATL,3,0.047,0.471,353.0264,0.797,0.408,100.1,91.6,0.4024114868920209
2024,ATL,4,0.10608,0.38,796.788096,0.797,0.408,100.1,91.6,0.3976344353466902
2024,ATL,5,0.3019199999999999,0.3583783783783784,2267.781503999999,0.797,0.408,100.1,91.6,0.3631568165701452
2023,ATL,0,0.2522704339051463,0.696,1880.37336024218,0.818,0.331,100.7,90.9,0.6920790312803854
2023,ATL,1,0.1876892028254289,0.44,1398.9977800201818,0.818,0.331,100.7,90.9,0.4421191424244065
2023,ATL,2,0.1342078708375378,0.486,1000.3586276488396,0.818,0.331,100.7,90.9,0.4684648255016176
2023,ATL,3,0.0918264379414732,0.439,684.4559031281535,0.818,0.331,100.7,90.9,0.4217254814948239
2023,ATL,4,0.0875095862764884,0.364,652.2789541876892,0.818,0.331,100.7,90.9,0.4030901698364654
2023,ATL,5,0.2464964682139253,0.3477398373983739,1837.3353747729568,0.818,0.331,100.7,90.9,0.3757281883772322
2023,BOS,0,0.2114803625377643,0.732,1539.9154078549848,0.812,0.48,98.5,88.8,0.7206779180987721
2023,BOS,1,0.1933534743202416,0.466,1407.9226586102718,0.812,0.48,98.5,88.8,0.458189769036
2023,BOS,2,0.0634441087613293,0.463,461.9746223564954,0.812,0.48,98.5,88.8,0.4300496050122931
2023,BOS,3,0.0483383685800604,0.39,351.98066465256795,0.812,0.48,98.5,88.8,0.4148839138371413
2023,BOS,4,0.1077945619335347,0.403,784.9168821752265,0.812,0.48,98.5,88.8,0.4088643444380957
2023,BOS,5,0.3755891238670694,0.3695379665379665,2734.8897643504524,0.812,0.48,98.5,88.8,0.3696652242240522
2023,BRK,0,0.222,0.701,1571.0052,0.8,0.397,98.3,86.3,0.7029571988632207
2023,BRK,1,0.177,0.459,1252.5582,0.8,0.397,98.3,86.3,0.436832961778722
2023,BRK,2,0.122,0.489,863.3452,0.8,0.397,98.3,86.3,0.4592159832642625
2023,BRK,3,0.082,0.494,580.2812,0.8,0.397,98.3,86.3,0.4184134882499757
2023,BRK,4,0.096471,0.392,682.6866786,0.8,0.397,98.3,86.3,0.3975013059894899
2023,BRK,5,0.300529,0.3735059445178335,2126.7235214,0.8,0.397,98.3,86.3,0.3605789308130253
2023,CHI,0,0.2807192807192807,0.683,2004.9532467532465,0.809,0.333,98.5,87.1,0.6768825296178154
2023,CHI,1,0.1458541458541458,0.474,1041.7194805194804,0.809,0.333,98.5,87.1,0.4216552973087609
2023,CHI,2,0.1158841158841158,0.464,827.6675324675324,0.809,0.333,98.5,87.1,0.4514480722456233
2023,CHI,3,0.1248751248751248,0.446,891.8831168831167,0.809,0.333,98.5,87.1,0.4262018572222722
2023,CHI,4,0.0871588411588411,0.397,622.5058753246752,0.809,0.333,98.5,87.1,0.39957101151216
2023,CHI,5,0.2455084915084915,0.3482195121951219,1753.470748051948,0.809,0.333,98.5,87.1,0.3723420341196457
2023,CHO,0,0.287,0.688,2094.526,0.749,0.36,100.8,89.0,0.6685843478127667
2023,CHO,1,0.208,0.384,1517.984,0.749,0.36,100.8,89.0,0.4424440275068453
2023,CHO,2,0.087,0.439,634.9259999999999,0.749,0.36,100.8,89.0,0.4246613612042421
2023,CHO,3,0.058,0.385,423.284,0.749,0.36,100.8,89.0,0.3988273639057083
2023,CHO,4,0.09396,0.354,685.7200799999999,0.749,0.36,100.8,89.0,0.389711232356567
2023,CHO,5,0.26604,0.3215236806495264,1941.55992,0.749,0.36,100.8,89.0,0.359377766163286
2023,CLE,0,0.2805247225025227,0.717,2026.5667003027245,0.78,0.371,95.7,88.1,0.6720865003879585
2023,CLE,1,0.1977800201816347,0.44,1428.8024217961652,0.78,0.371,95.7,88.1,0.4382717772386182
2023,CLE,2,0.0928355196770938,0.45,670.6623612512611,0.78,0.371,95.7,88.1,0.4296609815861121
2023,CLE,3,0.0544904137235116,0.378,393.6496468213924,0.78,0.371,95.7,88.1,0.3975397870304131
2023,CLE,4,0.0890998990918264,0.367,643.6754910191725,0.78,0.371,95.7,88.1,0.3934843265115969
2023,CLE,5,0.2852694248234106,0.367,2060.8433788092834,0.78,0.371,95.7,88.1,0.3553976410509928
2023,DAL,0,0.218,0.708,1540.9112,0.755,0.487,96.6,86.2,0.7071955333263563
2023,DAL,1,0.169,0.499,1194.5596,0.755,0.487,96.6,86.2,0.4364426614668649
2023,DAL,2,0.08,0.47,565.4720000000001,0.755,0.487,96.6,86.2,0.4316466386127895
2023,DAL,3,0.046,0.396,325.1464,0.755,0.487,96.6,86.2,0.4015814305099426
2023,DAL,4,0.131977,0.403,932.8662268,0.755,0.487,96.6,86.2,0.405348447309898
2023,DAL,5,0.355023,0.3591042524005487,2509.4445732,0.755,0.487,96.6,86.2,0.3591082324777874
2023,DEN,0,0.2600806451612903,0.758,1872.4766129032264,0.751,0.361,98.1,87.8,0.6774259380107073
2023,DEN,1,0.2147177419354839,0.477,1545.8818548387098,0.751,0.361,98.1,87.8,0.4442023644036382
2023,DEN,2,0.0836693548387096,0.401,602.3858870967742,0.751,0.361,98.1,87.8,0.4205293771389284
2023,DEN,3,0.0776209677419355,0.421,558.8399193548388,0.751,0.361,98.1,87.8,0.406176837599947
2023,DEN,4,0.0913417338709677,0.407,657.6239471774194,0.751,0.361,98.1,87.8,0.3892681495923841
2023,DEN,5,0.2725695564516129,0.3696168224299065,1962.391778629032,0.751,0.361,98.1,87.8,0.3556051793217346
2023,DET,0,0.21875,0.677,1567.7375000000002,0.771,0.372,99.0,87.4,0.6964826507614333
2023,DET,1,0.2258064516129032,0.431,1618.3096774193548,0.771,0.372,99.0,87.4,0.4536679616173834
2023,DET,2,0.1118951612903225,0.432,801.9302419354839,0.771,0.372,99.0,87.4,0.4438076398476133
2023,DET,3,0.0685483870967742,0.413,491.2725806451614,0.771,0.372,99.0,87.4,0.4058380955603476
2023,DET,4,0.099,0.372,709.5132000000001,0.771,0.372,99.0,87.4,0.3888678214086586
2023,DET,5,0.2759999999999999,0.3434673913043478,1978.0368,0.771,0.372,99.0,87.4,0.3579078477689744
2023,GSW,0,0.177,0.71,1277.2320000000002,0.794,0.479,101.6,88.0,0.7265214053306221
2023,GSW,1,0.21,0.54,1515.36,0.794,0.479,101.6,88.0,0.4629242529154317
2023,GSW,2,0.069,0.407,497.90400000000017,0.794,0.479,101.6,88.0,0.431023276733482
2023,GSW,3,0.065,0.413,469.0400000000001,0.794,0.479,101.6,88.0,0.4221983984980718
2023,GSW,4,0.095321,0.395,687.8363360000001,0.794,0.479,101.6,88.0,0.4084627417460844
2023,GSW,5,0.3836789999999999,0.3825156054931335,2768.627664,0.794,0.479,101.6,88.0,0.365646273942283
2023,HOU,0,0.2592592592592593,0.678,1900.5777777777785,0.754,0.359,99.0,89.4,0.6785281840085586
2023,HOU,1,0.2622622622622623,0.436,1922.5921921921924,0.754,0.359,99.0,89.4,0.4735206526008388
2023,HOU,2,0.07007007007007,0.448,513.6696696696698,0.754,0.359,99.0,89.4,0.4113707437146834
2023,HOU,3,0.049049049049049,0.366,359.5687687687688,0.754,0.359,99.0,89.4,0.3912903545532438
2023,HOU,4,0.062169169169169,0.361,455.7497453453447,0.754,0.359,99.0,89.4,0.4086566113386707
2023,HOU,5,0.2971901901901901,0.3198875453446191,2178.6418462462457,0.754,0.359,99.0,89.4,0.3510356243174306
2023,IND,0,0.2678751258811682,0.679,1939.5766364551864,0.79,0.413,101.1,88.3,0.6857711489753054
2023,IND,1,0.1903323262839878,0.425,1378.1202416918425,0.79,0.413,101.1,88.3,0.4433249678854335
2023,IND,2,0.080563947633434,0.414,583.3313192346425,0.79,0.413,101.1,88.3,0.4298758417857371
2023,IND,3,0.0453172205438066,0.402,328.1238670694863,0.79,0.413,101.1,88.3,0.3987976565006148
2023,IND,4,0.0931641490433031,0.386,674.5643375629405,0.79,0.413,101.1,88.3,0.399773867278594
2023,IND,5,0.3227472306143,0.3615154639175257,2336.883597985901,0.79,0.413,101.1,88.3,0.3587024177494705
2023,LAC,0,0.221,0.692,1580.2384,0.781,0.387,98.0,87.2,0.6976095279993414
2023,LAC,1,0.19,0.475,1358.576,0.781,0.387,98.0,87.2,0.436801915989344
2023,LAC,2,0.11,0.45,786.5440000000001,0.781,0.387,98.0,87.2,0.4442610918996532
2023,LAC,3,0.092,0.408,657.8367999999999,0.781,0.387,98.0,87.2,0.4153945373600308
2023,LAC,4,0.096363,0.406,689.0339952,0.781,0.387,98.0,87.2,0.3918471022979746
2023,LAC,5,0.290637,0.372711051930759,2078.1708048,0.781,0.387,98.0,87.2,0.3565568245084233
2023,LAL,0,0.261,0.728,1861.9740000000004,0.775,0.351,101.3,87.0,0.6802495683055535
2023,LAL,1,0.214,0.46,1526.6760000000004,0.775,0.351,101.3,87.0,0.4470054639812714
2023,LAL,2,0.095,0.425,677.7300000000002,0.775,0.351,101.3,87.0,0.4314402977207731
2023,LAL,3,0.079,0.397,563.5860000000001,0.775,0.351,101.3,87.0,0.4098321068145173
2023,LAL,4,0.0835379999999999,0.369,595.9600919999995,0.775,0.351,101.3,87.0,0.3973971969434282
2023,LAL,5,0.267462,0.3388162729658792,1908.0739080000003,0.775,0.351,101.3,87.0,0.3602823861590442
2023,MEM,0,0.2727272727272727,0.688,2026.1454545454544,0.733,0.372,101.1,90.6,0.6748798487241983
2023,MEM,1,0.2237762237762238,0.446,1662.478321678322,0.733,0.372,101.1,90.6,0.4518604540192689
2023,MEM,2,0.0989010989010989,0.447,734.756043956044,0.733,0.372,101.1,90.6,0.4335264057629071
2023,MEM,3,0.0329670329670329,0.386,244.91868131868137,0.733,0.372,101.1,90.6,0.3765488296560251
2023,MEM,4,0.091048951048951,0.376,676.4208671328672,0.733,0.372,101.1,90.6,0.3920153103327346
2023,MEM,5,0.2805794205794206,0.342887417218543,2084.4806313686317,0.733,0.372,101.1,90.6,0.3561369042981954
2023,MIA,0,0.1973816717019134,0.683,1424.3061430010073,0.831,0.408,96.3,88.0,0.7185490759489384
2023,MIA,1,0.2185297079556898,0.48,1576.910372608258,0.831,0.408,96.3,88.0,0.4647890473373758
2023,MIA,2,0.120845921450151,0.471,872.02416918429,0.831,0.408,96.3,88.0,0.4659803346524893
2023,MIA,3,0.0523665659617321,0.411,377.8771399798591,0.831,0.408,96.3,88.0,0.4115906211401087
2023,MIA,4,0.1068277945619335,0.367,770.8693655589125,0.831,0.408,96.3,88.0,0.4024323909661157
2023,MIA,5,0.30404833836858,0.3359189189189189,2194.012809667673,0.831,0.408,96.3,88.0,0.3677108799164978
2023,MIL,0,0.236,0.724,1726.1983999999998,0.743,0.446,100.5,89.2,0.6968050082682211
2023,MIL,1,0.156,0.443,1141.0464,0.743,0.446,100.5,89.2,0.427615282254746
2023,MIL,2,0.091,0.429,665.6104,0.743,0.446,100.5,89.2,0.4353764954049736
2023,MIL,3,0.071,0.417,519.3224,0.743,0.446,100.5,89.2,0.4135375010726047
2023,MIL,4,0.10258,0.379,750.311152,0.743,0.446,100.5,89.2,0.3944352183199006
2023,MIL,5,0.34342,0.3647142857142856,2511.911248,0.743,0.446,100.5,89.2,0.3557609670260338
2023,MIN,0,0.285,0.723,2007.483,0.755,0.381,101.0,85.9,0.6711068273668606
2023,MIN,1,0.208,0.439,1465.1104,0.755,0.381,101.0,85.9,0.4442215531811259
2023,MIN,2,0.075,0.451,528.285,0.755,0.381,101.0,85.9,0.4179972229878103
2023,MIN,3,0.051,0.399,359.2338,0.755,0.381,101.0,85.9,0.3957074060508469
2023,MIN,4,0.091821,0.395,646.7687598000001,0.755,0.381,101.0,85.9,0.3926302068527934
2023,MIN,5,0.289179,0.3554743083003952,2036.9190402000004,0.755,0.381,101.0,85.9,0.3553347651584821
2023,NOP,0,0.256797583081571,0.698,1844.6283987915408,0.793,0.344,99.1,87.6,0.6841405418866785
2023,NOP,1,0.2316213494461229,0.444,1663.7824773413895,0.793,0.344,99.1,87.6,0.4592353085289475
2023,NOP,2,0.0996978851963746,0.484,716.1498489425983,0.793,0.344,99.1,87.6,0.4368956741029585
2023,NOP,3,0.0654582074521651,0.343,470.19939577039287,0.793,0.344,99.1,87.6,0.406543216820732
2023,NOP,4,0.0786384692849948,0.364,564.875852567975,0.793,0.344,99.1,87.6,0.4029846073041314
2023,NOP,5,0.2677865055387714,0.3639999999999999,1923.5640265861027,0.793,0.344,99.1,87.6,0.3623773757466527
2023,NYK,0,0.2657342657342657,0.679,1976.372027972028,0.761,0.4,97.1,90.7,0.6778867548506019
2023,NYK,1,0.1958041958041957,0.46,1456.274125874126,0.761,0.4,97.1,90.7,0.4371650585528459
2023,NYK,2,0.0959040959040958,0.424,713.2771228771228,0.761,0.4,97.1,90.7,0.4316173470468049
2023,NYK,3,0.0429570429570429,0.404,319.4887112887112,0.761,0.4,97.1,90.7,0.3878234219303327
2023,NYK,4,0.1086913086913086,0.382,808.3807392607392,0.761,0.4,97.1,90.7,0.386654640756363
2023,NYK,5,0.2909090909090909,0.3435384615384615,2163.6072727272726,0.761,0.4,97.1,90.7,0.3541216615117633
2023,OKC,0,0.2757242757242757,0.658,2052.932667332668,0.809,0.369,101.1,90.8,0.6840987462391062
2023,OKC,1,0.2167832167832168,0.413,1614.081118881119,0.809,0.369,101.1,90.8,0.4583455629280777
2023,OKC,2,0.0959040959040959,0.469,714.0635364635365,0.809,0.369,101.1,90.8,0.4418708276484506
2023,OKC,3,0.0429570429570429,0.424,319.84095904095904,0.809,0.369,101.1,90.8,0.3980769025319784
2023,OKC,4,0.0748321678321678,0.4,557.1703888111889,0.809,0.369,101.1,90.8,0.4132467820714172
2023,OKC,5,0.2937992007992008,0.344792973651192,2187.5113294705293,0.809,0.369,101.1,90.8,0.3638470476941483
2023,ORL,0,0.2487512487512487,0.713,1762.3528471528475,0.784,0.361,99.3,86.4,0.6870062196536438
2023,ORL,1,0.2207792207792208,0.44,1564.176623376624,0.784,0.361,99.3,86.4,0.4526082721763497
2023,ORL,2,0.0939060939060939,0.427,665.3058941058943,0.784,0.361,99.3,86.4,0.4325289602555755
2023,ORL,3,0.0759240759240759,0.398,537.9068931068932,0.784,0.361,99.3,86.4,0.4106172529009554
2023,ORL,4,0.0768161838161837,0.415,544.2272991008984,0.784,0.361,99.3,86.4,0.4039004759606114
2023,ORL,5,0.2838231768231768,0.3273252858958068,2010.830443156844,0.784,0.361,99.3,86.4,0.3578499177213105
2023,PHI,0,0.2525150905432595,0.697,1772.4539235412471,0.835,0.389,96.9,85.6,0.6981898358248904
2023,PHI,1,0.1921529175050301,0.429,1348.7597585513076,0.835,0.389,96.9,85.6,0.4503873993960257
2023,PHI,2,0.1096579476861166,0.463,769.7110663983901,0.835,0.389,96.9,85.6,0.4565804229206772
2023,PHI,3,0.0543259557344064,0.472,381.3247484909456,0.835,0.389,96.9,85.6,0.4122481391609003
2023,PHI,4,0.1001851106639839,0.402,703.2193287726358,0.835,0.389,96.9,85.6,0.4029608396557376
2023,PHI,5,0.2911629778672032,0.3818387096774193,2043.7311742454729,0.835,0.389,96.9,85.6,0.3690395847917007
2023,PHO,0,0.1938061938061938,0.693,1450.9494505494506,0.793,0.362,98.2,91.3,0.7073193949680973
2023,PHO,1,0.2027972027972028,0.442,1518.2615384615387,0.793,0.362,98.2,91.3,0.444139429841754
2023,PHO,2,0.1588411588411588,0.46,1189.18021978022,0.793,0.362,98.2,91.3,0.4724076648711769
2023,PHO,3,0.0829170829170829,0.424,620.7670329670331,0.793,0.362,98.2,91.3,0.4140966484789057
2023,PHO,4,0.1052367632367631,0.421,787.865551648351,0.793,0.362,98.2,91.3,0.3903527870143367
2023,PHO,5,0.2564015984015984,0.3547094499294781,1919.5762065934064,0.793,0.362,98.2,91.3,0.3669504581728493
2023,POR,0,0.2900302114803625,0.673,2054.8060422960725,0.796,0.413,98.6,86.4,0.6771472999089397
2023,POR,1,0.162134944612286,0.434,1148.693655589124,0.796,0.413,98.6,86.4,0.4316156581972337
2023,POR,2,0.0694864048338368,0.437,492.29728096676746,0.796,0.413,98.6,86.4,0.4216517959256037
2023,POR,3,0.0624370594159113,0.414,442.35407854984896,0.796,0.413,98.6,86.4,0.4110911460355534
2023,POR,4,0.084845921450151,0.362,601.1163842900302,0.796,0.413,98.6,86.4,0.4048335384409831
2023,POR,5,0.3310654582074521,0.3657688442211054,2345.5325583081567,0.796,0.413,98.6,86.4,0.3580970767138657
2023,SAC,0,0.2442211055276381,0.741,1748.2812060301503,0.79,0.423,100.3,87.3,0.696183407110684
2023,SAC,1,0.1999999999999999,0.488,1431.7199999999998,0.79,0.423,100.3,87.3,0.448898647307441
2023,SAC,2,0.0804020100502512,0.438,575.5658291457286,0.79,0.423,100.3,87.3,0.4306770711993543
2023,SAC,3,0.050251256281407,0.45,359.72864321608034,0.79,0.423,100.3,87.3,0.4039087980565246
2023,SAC,4,0.0960783919597989,0.397,687.7867766834171,0.79,0.423,100.3,87.3,0.3992588689344345
2023,SAC,5,0.3290472361809045,0.3608242894056847,2355.517544924623,0.79,0.423,100.3,87.3,0.3591388034804306
2023,SAS,0,0.2577422577422577,0.679,1908.4783216783212,0.743,0.348,101.6,90.3,0.6787702601713561
2023,SAS,1,0.2297702297702297,0.442,1701.3566433566432,0.743,0.348,101.6,90.3,0.4531558272948631
2023,SAS,2,0.1118881118881118,0.412,828.4867132867131,0.743,0.348,101.6,90.3,0.4409819071749815
2023,SAS,3,0.0529470529470529,0.425,392.05174825174817,0.743,0.348,101.6,90.3,0.3939415904762965
2023,SAS,4,0.075092907092907,0.367,556.0329398601398,0.743,0.348,101.6,90.3,0.4004617459131999
2023,SAS,5,0.2725594405594405,0.338938775510204,2018.1936335664332,0.743,0.348,101.6,90.3,0.3560075432391278
2023,TOR,0,0.2447129909365559,0.694,1876.2145015105743,0.784,0.351,97.1,93.5,0.6858748248102773
2023,TOR,1,0.2215508559919436,0.445,1698.630412890232,0.784,0.351,97.1,93.5,0.4503170331139199
2023,TOR,2,0.0956696878147029,0.406,733.4994964753274,0.784,0.351,97.1,93.5,0.4310088619292377
2023,TOR,3,0.0845921450151057,0.379,648.567975830816,0.784,0.351,97.1,93.5,0.4106341007040451
2023,TOR,4,0.0933172205438066,0.363,715.4631299093656,0.784,0.351,97.1,93.5,0.3904931352234578
2023,TOR,5,0.2601570996978851,0.3249565217391305,1994.6244833836852,0.784,0.351,97.1,93.5,0.3617286463224645
2023,UTA,0,0.204,0.708,1485.4463999999998,0.786,0.421,100.5,88.8,0.7094408732335336
2023,UTA,1,0.266,0.497,1936.9056,0.786,0.421,100.5,88.8,0.4864647417981943
2023,UTA,2,0.073,0.438,531.5568,0.786,0.421,100.5,88.8,0.4241992263787011
2023,UTA,3,0.036,0.439,262.1376,0.786,0.421,100.5,88.8,0.3889785381385597
2023,UTA,4,0.09262,0.413,674.421792,0.786,0.421,100.5,88.8,0.399892161989647
2023,UTA,5,0.32838,0.336076923076923,2391.131808,0.786,0.421,100.5,88.8,0.3580981826578935
2023,WAS,0,0.211,0.76,1520.8458000000005,0.785,0.365,98.6,87.9,0.7008032680719685
2023,WAS,1,0.244,0.47,1758.7032000000004,0.785,0.365,98.6,87.9,0.466232647003145
2023,WAS,2,0.107,0.46,771.2346000000002,0.785,0.365,98.6,87.9,0.4417579711232491
2023,WAS,3,0.073,0.42,526.1694000000001,0.785,0.365,98.6,87.9,0.4094098206713176
2023,WAS,4,0.078475,0.399,565.6321050000001,0.785,0.365,98.6,87.9,0.4026298478306985
2023,WAS,5,0.286525,0.3442229299363057,2065.2148950000005,0.785,0.365,98.6,87.9,0.3571589272423284
2022,ATL,0,0.2439516129032258,0.668,1806.3641129032255,0.812,0.39,97.7,90.3,0.6915759557724905
2022,ATL,1,0.1633064516129032,0.441,1209.218951612903,0.812,0.39,97.7,90.3,0.4282593063617417
2022,ATL,2,0.1098790322580645,0.442,813.6102822580644,0.812,0.39,97.7,90.3,0.4467392959980679
2022,ATL,3,0.0897177419354838,0.431,664.3239919354837,0.812,0.39,97.7,90.3,0.4173994649528313
2022,ATL,4,0.0860987903225806,0.43,637.5271028225807,0.812,0.39,97.7,90.3,0.4001979404781264
2022,ATL,5,0.3070463709677419,0.3582970550576184,2273.5555584677422,0.812,0.39,97.7,90.3,0.3565419194962238
2022,BOS,0,0.2175226586102718,0.739,1596.3987915407852,0.816,0.425,96.6,89.5,0.705159997978673
2022,BOS,1,0.2004028197381671,0.45,1470.756294058409,0.816,0.425,96.6,89.5,0.4481525651075126
2022,BOS,2,0.0815709969788519,0.417,598.6495468277946,0.816,0.425,96.6,89.5,0.4305477759268448
2022,BOS,3,0.0725075528700906,0.397,532.1329305135952,0.816,0.425,96.6,89.5,0.4157676673672922
2022,BOS,4,0.0980110775427995,0.39,719.3032980866061,0.816,0.425,96.6,89.5,0.3974934658871704
2022,BOS,5,0.3299848942598187,0.3459014267185473,2421.759138972809,0.816,0.425,96.6,89.5,0.3581270296138714
2022,BRK,0,0.2437059415911379,0.659,1778.5659617321244,0.805,0.359,99.0,89.0,0.6885742057786932
2022,BRK,1,0.1661631419939576,0.448,1212.6586102719032,0.805,0.359,99.0,89.0,0.4262675439728839
2022,BRK,2,0.134944612286002,0.475,984.8257804632428,0.805,0.359,99.0,89.0,0.4620255056827579
2022,BRK,3,0.093655589123867,0.48,683.4984894259818,0.805,0.359,99.0,89.0,0.4152672599474385
2022,BRK,4,0.082790533736153,0.394,604.2053152064451,0.805,0.359,99.0,89.0,0.399320262636776
2022,BRK,5,0.2787401812688821,0.3511984435797665,2034.245842900302,0.805,0.359,99.0,89.0,0.3586071369080808
2022,CHI,0,0.259,0.677,1873.1916,0.813,0.332,98.3,88.2,0.6810395549816244
2022,CHI,1,0.151,0.452,1092.0924,0.813,0.332,98.3,88.2,0.4190344534009224
2022,CHI,2,0.127,0.45,918.5148000000002,0.813,0.332,98.3,88.2,0.455246947325194
2022,CHI,3,0.131,0.435,947.4444,0.813,0.332,98.3,88.2,0.4232729791526511
2022,CHI,4,0.090636,0.418,655.5158064,0.813,0.332,98.3,88.2,0.3928507887371145
2022,CHI,5,0.241364,0.3505997248968363,1745.6409936,0.813,0.332,98.3,88.2,0.3692493827170939
2022,CHO,0,0.2897102897102897,0.69,2149.94005994006,0.74,0.418,100.0,90.5,0.6665876900235581
2022,CHO,1,0.1768231768231768,0.385,1312.2047952047951,0.74,0.418,100.0,90.5,0.4267628854206264
2022,CHO,2,0.0689310689310689,0.402,511.5374625374626,0.74,0.418,100.0,90.5,0.4105347019260988
2022,CHO,3,0.0469530469530469,0.419,348.43856143856146,0.74,0.418,100.0,90.5,0.3895897641346277
2022,CHO,4,0.1198461538461537,0.372,889.3783076923071,0.74,0.418,100.0,90.5,0.3868233083807241
2022,CHO,5,0.2977362637362638,0.3621823281907433,2209.500813186813,0.74,0.418,100.0,90.5,0.3510172301853053
2022,CLE,0,0.2815338042381433,0.697,2026.930776992936,0.76,0.387,96.1,87.8,0.6647824729789422
2022,CLE,1,0.1816347124117053,0.406,1307.6972754793137,0.76,0.387,96.1,87.8,0.4239286154106282
2022,CLE,2,0.0908173562058526,0.426,653.8486377396567,0.76,0.387,96.1,87.8,0.4213792442241016
2022,CLE,3,0.0554994954591321,0.391,399.57416750756806,0.76,0.387,96.1,87.8,0.3913230716773321
2022,CLE,4,0.0909899091826437,0.334,655.0909501513621,0.76,0.387,96.1,87.8,0.3854517891334758
2022,CLE,5,0.2995247225025226,0.3613794002607561,2156.458192129162,0.76,0.387,96.1,87.8,0.34587731086656
2022,DAL,0,0.206,0.736,1501.6988,0.771,0.439,95.4,88.9,0.6999836509296867
2022,DAL,1,0.176,0.45,1283.0048000000004,0.771,0.439,95.4,88.9,0.4280797287212519
2022,DAL,2,0.108,0.452,787.2984000000001,0.771,0.439,95.4,88.9,0.4400922203037283
2022,DAL,3,0.071,0.395,517.5758000000001,0.771,0.439,95.4,88.9,0.4061777634449753
2022,DAL,4,0.115018,0.398,838.4582164000002,0.771,0.439,95.4,88.9,0.3871184410468161
2022,DAL,5,0.323982,0.3329593495934959,2361.7639836000003,0.771,0.439,95.4,88.9,0.3495930003287079
2022,DEN,0,0.236,0.744,1697.1704000000004,0.795,0.416,97.8,87.7,0.6924415414178395
2022,DEN,1,0.204,0.48,1467.0456000000004,0.795,0.416,97.8,87.7,0.4439994310689515
2022,DEN,2,0.073,0.439,524.9722,0.795,0.416,97.8,87.7,0.4183591419295169
2022,DEN,3,0.071,0.427,510.58940000000007,0.795,0.416,97.8,87.7,0.4091740342222232
2022,DEN,4,0.11024,0.384,792.7799360000002,0.795,0.416,97.8,87.7,0.3894476437319943
2022,DEN,5,0.30576,0.3418231292517006,2198.8424640000003,0.795,0.416,97.8,87.7,0.3544950646563943
2022,DET,0,0.2467532467532467,0.645,1812.9454545454544,0.782,0.391,98.4,89.6,0.6834144817545874
2022,DET,1,0.2087912087912088,0.422,1534.0307692307692,0.782,0.391,98.4,89.6,0.4416565930208164
2022,DET,2,0.0809190809190809,0.354,594.5286713286713,0.782,0.391,98.4,89.6,0.4192688646648548
2022,DET,3,0.0729270729270729,0.376,535.8097902097902,0.782,0.391,98.4,89.6,0.4051101160993247
2022,DET,4,0.1042927072927073,0.361,766.259379020979,0.782,0.391,98.4,89.6,0.384889174662419
2022,DET,5,0.2863166833166833,0.3132510231923602,2103.625935664336,0.782,0.391,98.4,89.6,0.3529312315007169
2022,GSW,0,0.205,0.711,1472.5559999999998,0.769,0.456,98.4,87.6,0.7035104777533734
2022,GSW,1,0.201,0.51,1443.8232,0.769,0.456,98.4,87.6,0.4426916557918241
2022,GSW,2,0.07,0.408,502.82400000000007,0.769,0.456,98.4,87.6,0.4162563478610744
2022,GSW,3,0.068,0.382,488.4576,0.769,0.456,98.4,87.6,0.4080799151701408
2022,GSW,4,0.09804,0.339,704.2409279999999,0.769,0.456,98.4,87.6,0.3917211222265
2022,GSW,5,0.35796,0.3708471337579618,2571.298272,0.769,0.456,98.4,87.6,0.3510426109360037
2022,HOU,0,0.299,0.689,2091.3854,0.713,0.448,100.9,85.3,0.665209612909304
2022,HOU,1,0.181,0.384,1266.0226,0.713,0.448,100.9,85.3,0.4302100230000612
2022,HOU,2,0.038,0.322,265.79479999999995,0.713,0.448,100.9,85.3,0.3789085391966137
2022,HOU,3,0.034,0.347,237.8164,0.713,0.448,100.9,85.3,0.377787903998879
2022,HOU,4,0.0775039999999999,0.35,542.1094783999994,0.713,0.448,100.9,85.3,0.4009237360623554
2022,HOU,5,0.370496,0.3487908101571946,2591.4713216,0.713,0.448,100.9,85.3,0.3474356879785906
2022,IND,0,0.2641129032258064,0.675,1957.816129032258,0.768,0.395,98.0,90.4,0.674075793961973
2022,IND,1,0.1764112903225806,0.46,1307.701612903226,0.768,0.395,98.0,90.4,0.4240358350059349
2022,IND,2,0.0927419354838709,0.417,687.4774193548387,0.768,0.395,98.0,90.4,0.4249865750277932
2022,IND,3,0.0685483870967742,0.4,508.1354838709679,0.768,0.395,98.0,90.4,0.4009014043974292
2022,IND,4,0.0991481854838709,0.378,734.9656693548387,0.768,0.395,98.0,90.4,0.3838779303322652
2022,IND,5,0.2990372983870967,0.3327270306258322,2216.703685483871,0.768,0.395,98.0,90.4,0.3482536168335121
2022,LAC,0,0.2072434607645875,0.694,1509.0639839034204,0.793,0.391,98.0,88.8,0.6999731537643802
2022,LAC,1,0.1820925553319919,0.447,1325.9251509054325,0.793,0.391,98.0,88.8,0.4310204743772348
2022,LAC,2,0.1177062374245472,0.436,857.0897384305836,0.793,0.391,98.0,88.8,0.447971002818148
2022,LAC,3,0.0995975855130784,0.348,725.2297786720321,0.793,0.391,98.0,88.8,0.4149291490278559
2022,LAC,4,0.0833923541247484,0.413,607.2297657947686,0.793,0.391,98.0,88.8,0.3971784706638966
2022,LAC,5,0.3099678068410462,0.363507614213198,2257.0615822937625,0.793,0.391,98.0,88.8,0.3513534628430902
2022,LAL,0,0.2752016129032258,0.709,1970.058266129032,0.732,0.388,100.1,87.3,0.6694342375929823
2022,LAL,1,0.1633064516129032,0.42,1169.045564516129,0.732,0.388,100.1,87.3,0.4186839014346042
2022,LAL,2,0.0866935483870967,0.412,620.6044354838709,0.732,0.388,100.1,87.3,0.4207296918651944
2022,LAL,3,0.0836693548387096,0.392,598.9554435483872,0.732,0.388,100.1,87.3,0.406198191740305
2022,LAL,4,0.0883951612903225,0.37,632.7856016129033,0.732,0.388,100.1,87.3,0.3891558251396864
2022,LAL,5,0.3027338709677419,0.3402842377260981,2167.150688709677,0.732,0.388,100.1,87.3,0.3475494681633429
2022,MEM,0,0.2615694164989939,0.676,2007.5975855130785,0.734,0.346,100.3,93.6,0.6716842471110722
2022,MEM,1,0.2344064386317907,0.425,1799.1162977867202,0.734,0.346,100.3,93.6,0.4503613559575226
2022,MEM,2,0.1106639839034205,0.409,849.3682092555332,0.734,0.346,100.3,93.6,0.4344976764116915
2022,MEM,3,0.045271629778672,0.383,347.4688128772636,0.734,0.346,100.3,93.6,0.3821121768331938
2022,MEM,4,0.0783199195171026,0.366,601.121046277666,0.734,0.346,100.3,93.6,0.3926792885832643
2022,MEM,5,0.2697686116700201,0.3492258064516128,2070.5280482897383,0.734,0.346,100.3,93.6,0.3512611175016088
2022,MIA,0,0.2219979818365287,0.697,1594.655903128153,0.808,0.422,95.9,87.6,0.7010321203470282
2022,MIA,1,0.1816347124117053,0.437,1304.718466195762,0.808,0.422,95.9,87.6,0.4368575985857537
2022,MIA,2,0.1049445005045408,0.44,753.837336024218,0.808,0.422,95.9,87.6,0.4442103948092615
2022,MIA,3,0.065590312815338,0.385,471.1483350151363,0.808,0.422,95.9,87.6,0.4101314358158306
2022,MIA,4,0.1247689202825428,0.419,896.2401081735613,0.808,0.422,95.9,87.6,0.3968722302688757
2022,MIA,5,0.3010635721493441,0.3624229137199434,2162.5998514631688,0.808,0.422,95.9,87.6,0.3585731283701449
2022,MIL,0,0.2354124748490945,0.715,1719.9706237424548,0.776,0.43,99.9,89.1,0.6918039905056617
2022,MIL,1,0.1599597585513078,0.422,1168.6979879275652,0.776,0.43,99.9,89.1,0.4238994536447604
2022,MIL,2,0.1026156941649899,0.445,749.7307847082494,0.776,0.43,99.9,89.1,0.4382224244108922
2022,MIL,3,0.0694164989939638,0.393,507.1708249496982,0.776,0.43,99.9,89.1,0.4076351868171194
2022,MIL,4,0.1020925553319918,0.395,745.9086277665989,0.776,0.43,99.9,89.1,0.3893279344389795
2022,MIL,5,0.3305030181086519,0.357041884816754,2414.7211509054323,0.776,0.43,99.9,89.1,0.3512512938678516
2022,MIN,0,0.2658610271903323,0.675,1955.5141993957704,0.778,0.454,100.9,89.7,0.6836406931097515
2022,MIN,1,0.1722054380664652,0.417,1266.6398791540787,0.778,0.454,100.9,89.7,0.432601327328444
2022,MIN,2,0.0584088620342396,0.424,429.62054380664654,0.778,0.454,100.9,89.7,0.4090398151357017
2022,MIN,3,0.0463242698892245,0.359,340.7335347432024,0.778,0.454,100.9,89.7,0.3967545587753784
2022,MIN,4,0.1005840886203423,0.395,739.8362054380664,0.778,0.454,100.9,89.7,0.3936752515431645
2022,MIN,5,0.3566163141993957,0.3475641025641026,2623.055637462236,0.778,0.454,100.9,89.7,0.3539358877582877
2022,NOP,0,0.2638469284994965,0.666,1949.3538771399803,0.789,0.365,97.2,90.1,0.6752666895137798
2022,NOP,1,0.18932527693857,0.429,1398.7730110775428,0.789,0.365,97.2,90.1,0.4307220919245378
2022,NOP,2,0.0996978851963746,0.459,736.587915407855,0.789,0.365,97.2,90.1,0.4308730016949533
2022,NOP,3,0.0795568982880161,0.395,587.7822759315206,0.789,0.365,97.2,90.1,0.4061831444782116
2022,NOP,4,0.0871148036253776,0.372,643.6215921450151,0.789,0.365,97.2,90.1,0.3911995695463289
2022,NOP,5,0.2804582074521652,0.3195753604193971,2072.081328298086,0.789,0.365,97.2,90.1,0.3529517260224621
2022,NYK,0,0.2532532532532532,0.654,1856.5489489489491,0.744,0.428,95.9,89.4,0.6794888241077142
2022,NYK,1,0.1581581581581581,0.374,1159.4258258258258,0.744,0.428,95.9,89.4,0.417893147269023
2022,NYK,2,0.086086086086086,0.376,631.0798798798799,0.744,0.428,95.9,89.4,0.4214969341177588
2022,NYK,3,0.074074074074074,0.361,543.0222222222222,0.744,0.428,95.9,89.4,0.4042159080172062
2022,NYK,4,0.0938258258258258,0.392,687.8183639639641,0.744,0.428,95.9,89.4,0.3872375118315782
2022,NYK,5,0.3346026026026026,0.3471856594110114,2452.9047591591598,0.744,0.428,95.9,89.4,0.3456763839073981
2022,OKC,0,0.202416918429003,0.644,1492.1770392749245,0.756,0.419,98.6,89.9,0.6987030561001217
2022,OKC,1,0.2618328298086606,0.444,1930.1792547834848,0.756,0.419,98.6,89.9,0.4725896229412979
2022,OKC,2,0.0725075528700906,0.424,534.5111782477342,0.756,0.419,98.6,89.9,0.4126040456630993
2022,OKC,3,0.0412890231621349,0.367,304.3744209466264,0.756,0.419,98.6,89.9,0.3835256998433474
2022,OKC,4,0.0865005035246726,0.347,637.6644118831816,0.756,0.419,98.6,89.9,0.392341711874249
2022,OKC,5,0.3354531722054381,0.3168113207547169,2472.8936948640485,0.756,0.419,98.6,89.9,0.3464268365831205
2022,ORL,0,0.2232232232232232,0.67,1619.9309309309308,0.787,0.417,99.2,88.5,0.6965585960034408
2022,ORL,1,0.2272272272272272,0.425,1648.987987987988,0.787,0.417,99.2,88.5,0.4561462799996715
2022,ORL,2,0.069069069069069,0.42,501.23423423423424,0.787,0.417,99.2,88.5,0.4146800469525407
2022,ORL,3,0.063063063063063,0.329,457.6486486486487,0.787,0.417,99.2,88.5,0.4047917354449636
2022,ORL,4,0.0884924924924924,0.385,642.190018018018,0.787,0.417,99.2,88.5,0.3958392736842535
2022,ORL,5,0.3289249249249248,0.3164720812182741,2387.00818018018,0.787,0.417,99.2,88.5,0.3516025451752098
2022,PHI,0,0.24,0.702,1718.064,0.821,0.376,96.2,87.3,0.6937448930641958
2022,PHI,1,0.194,0.414,1388.7684000000002,0.821,0.376,96.2,87.3,0.4418798420319592
2022,PHI,2,0.119,0.417,851.8734000000002,0.821,0.376,96.2,87.3,0.4544249152153768
2022,PHI,3,0.071,0.431,508.26060000000007,0.821,0.376,96.2,87.3,0.412015996578056
2022,PHI,4,0.0917439999999999,0.394,656.7585983999994,0.821,0.376,96.2,87.3,0.3973757959508838
2022,PHI,5,0.284256,0.3543174603174603,2034.8750016000004,0.821,0.376,96.2,87.3,0.361057026648075
2022,PHO,0,0.1856710393541877,0.709,1371.7747729566097,0.797,0.354,99.8,90.1,0.7058580348812079
2022,PHO,1,0.2209889001009082,0.506,1632.7101917255295,0.797,0.354,99.8,90.1,0.450383186097411
2022,PHO,2,0.148335015136226,0.497,1095.928758829465,0.797,0.354,99.8,90.1,0.4667368104642305
2022,PHO,3,0.0877901109989909,0.426,648.6108980827446,0.797,0.354,99.8,90.1,0.4118859167175943
2022,PHO,4,0.0918042381432896,0.39,678.2680722502523,0.797,0.354,99.8,90.1,0.3916965224769183
2022,PHO,5,0.2654106962663975,0.3550067294751009,1960.9073061553984,0.797,0.354,99.8,90.1,0.3604085780283453
2022,POR,0,0.2570564516129032,0.629,1863.3508064516127,0.76,0.422,98.3,88.4,0.6790397847953039
2022,POR,1,0.1733870967741935,0.424,1256.848387096774,0.76,0.422,98.3,88.4,0.4249121256984456
2022,POR,2,0.0735887096774193,0.425,533.4298387096774,0.76,0.422,98.3,88.4,0.4137040704566101
2022,POR,3,0.0705645161290322,0.404,511.50806451612914,0.76,0.422,98.3,88.4,0.4038911452006555
2022,POR,4,0.0880584677419353,0.368,638.3182209677414,0.76,0.422,98.3,88.4,0.3916274130453255
2022,POR,5,0.3373447580645161,0.3402572509457754,2445.344682258065,0.76,0.422,98.3,88.4,0.3466015184489713
2022,SAC,0,0.2316213494461228,0.7,1665.681772406848,0.768,0.377,99.8,87.7,0.6871407199300132
2022,SAC,1,0.2185297079556898,0.434,1571.5345417925478,0.768,0.377,99.8,87.7,0.4448476939276448
2022,SAC,2,0.0986908358509567,0.425,709.72527693857,0.768,0.377,99.8,87.7,0.4293348002900767
2022,SAC,3,0.0715005035246727,0.422,514.1887210473312,0.768,0.377,99.8,87.7,0.4024243768830147
2022,SAC,4,0.0816263846928499,0.386,587.0079828801612,0.768,0.377,99.8,87.7,0.3940494252941174
2022,SAC,5,0.298031218529708,0.3324968152866241,2143.2617049345417,0.768,0.377,99.8,87.7,0.3486652372440292
2022,SAS,0,0.236,0.674,1782.3192,0.754,0.345,100.0,92.1,0.6818627441756989
2022,SAS,1,0.226,0.455,1706.7972,0.754,0.345,100.0,92.1,0.4454736311745385
2022,SAS,2,0.124,0.441,936.4728,0.754,0.345,100.0,92.1,0.4447910151978602
2022,SAS,3,0.069,0.413,521.1018,0.754,0.345,100.0,92.1,0.3977340654637572
2022,SAS,4,0.07935,0.368,599.26707,0.754,0.345,100.0,92.1,0.3920120148814806
2022,SAS,5,0.26565,0.3472207792207792,2006.24193,0.754,0.345,100.0,92.1,0.3525585545716722
2022,TOR,0,0.2232323232323232,0.654,1726.1662626262623,0.759,0.375,96.0,94.3,0.6867280520270964
2022,TOR,1,0.207070707070707,0.438,1601.1949494949497,0.759,0.375,96.0,94.3,0.4351488881093639
2022,TOR,2,0.0969696969696969,0.429,749.8278787878788,0.759,0.375,96.0,94.3,0.4246488742318163
2022,TOR,3,0.0939393939393939,0.366,726.3957575757574,0.759,0.375,96.0,94.3,0.4057743406161404
2022,TOR,4,0.0901515151515151,0.401,697.105606060606,0.759,0.375,96.0,94.3,0.3850061562409926
2022,TOR,5,0.2886363636363636,0.332758530183727,2231.9095454545454,0.759,0.375,96.0,94.3,0.3468577914944737
2022,UTA,0,0.2027972027972027,0.729,1471.6993006993007,0.767,0.468,97.1,88.5,0.7048229880837039
2022,UTA,1,0.2347652347652347,0.481,1703.6913086913084,0.767,0.468,97.1,88.5,0.4620620095032866
2022,UTA,2,0.0659340659340659,0.458,478.48351648351655,0.767,0.468,97.1,88.5,0.4135811126181313
2022,UTA,3,0.0289710289710289,0.396,210.2427572427572,0.767,0.468,97.1,88.5,0.3750328102068497
2022,UTA,4,0.1131428571428571,0.383,821.0777142857143,0.767,0.468,97.1,88.5,0.3906208075068563
2022,UTA,5,0.3543896103896103,0.3526569920844327,2571.8054025974025,0.767,0.468,97.1,88.5,0.351805981245448
2022,WAS,0,0.2268145161290322,0.725,1636.6935483870968,0.783,0.356,97.0,88.0,0.6875225462779023
2022,WAS,1,0.2217741935483871,0.455,1600.3225806451612,0.783,0.356,97.0,88.0,0.4452776807056436
2022,WAS,2,0.1068548387096774,0.429,771.0645161290323,0.783,0.356,97.0,88.0,0.4338670703624503
2022,WAS,3,0.0856854838709677,0.425,618.3064516129033,0.783,0.356,97.0,88.0,0.4057717014321421
2022,WAS,4,0.0875645161290322,0.396,631.8655483870967,0.783,0.356,97.0,88.0,0.3886850525311447
2022,WAS,5,0.2713064516129032,0.3245714285714286,1957.7473548387095,0.783,0.356,97.0,88.0,0.353096985956118
2021,ATL,0,0.26,0.656,1662.3360000000002,0.812,0.382,97.6,88.8,0.6793569013691646
2021,ATL,1,0.178,0.415,1138.0608000000002,0.812,0.382,97.6,88.8,0.4283090372204285
2021,ATL,2,0.119,0.454,760.8384000000001,0.812,0.382,97.6,88.8,0.4479888288623843
2021,ATL,3,0.061,0.443,390.0096000000001,0.812,0.382,97.6,88.8,0.4006713745750753
2021,ATL,4,0.0790739999999999,0.4,505.5675263999994,0.812,0.382,97.6,88.8,0.3991895895165777
2021,ATL,5,0.302926,0.3659520807061791,1936.7876736,0.812,0.382,97.6,88.8,0.351289305788051
2021,BOS,0,0.218,0.693,1412.64,0.775,0.409,98.3,90.0,0.6891850458570645
2021,BOS,1,0.208,0.453,1347.84,0.775,0.409,98.3,90.0,0.4362516961764578
2021,BOS,2,0.094,0.412,609.1200000000001,0.775,0.409,98.3,90.0,0.4232226593648863
2021,BOS,3,0.071,0.414,460.08,0.775,0.409,98.3,90.0,0.3993435697780684
2021,BOS,4,0.078119,0.393,506.21112,0.775,0.409,98.3,90.0,0.3936208854189729
2021,BOS,5,0.330881,0.3695142150803461,2144.10888,0.775,0.409,98.3,90.0,0.3422574500658071
2021,BRK,0,0.271,0.693,1699.4951999999998,0.804,0.413,99.5,87.1,0.6770182796031511
2021,BRK,1,0.164,0.443,1028.4768,0.804,0.413,99.5,87.1,0.4248396718853395
2021,BRK,2,0.097,0.48,608.3064,0.804,0.413,99.5,87.1,0.4336413987097703
2021,BRK,3,0.055,0.45,344.916,0.804,0.413,99.5,87.1,0.3990186443847838
2021,BRK,4,0.09086,0.408,569.8012319999999,0.804,0.413,99.5,87.1,0.393563461332067
2021,BRK,5,0.32214,0.3874871794871795,2020.204368,0.804,0.413,99.5,87.1,0.3512678900283004
2021,CHI,0,0.275,0.672,1762.2,0.791,0.383,99.0,89.0,0.6689357931574197
2021,CHI,1,0.178,0.447,1140.6239999999998,0.791,0.383,99.0,89.0,0.4239624675243161
2021,CHI,2,0.085,0.428,544.6800000000001,0.791,0.383,99.0,89.0,0.4189946076017875
2021,CHI,3,0.079,0.425,506.232,0.791,0.383,99.0,89.0,0.4041882502302958
2021,CHI,4,0.088473,0.427,566.934984,0.791,0.383,99.0,89.0,0.3885280781697562
2021,CHI,5,0.294527,0.3528777633289987,1887.329016,0.791,0.383,99.0,89.0,0.3482660198129983
2021,CHO,0,0.2827172827172827,0.637,1811.652347652348,0.761,0.422,98.3,89.0,0.6636733291262096
2021,CHO,1,0.1658341658341658,0.4,1062.6653346653347,0.761,0.422,98.3,89.0,0.4168612685104501
2021,CHO,2,0.0709290709290709,0.418,454.51348651348655,0.761,0.422,98.3,89.0,0.4066045201472882
2021,CHO,3,0.0589410589410589,0.387,377.69430569430574,0.761,0.422,98.3,89.0,0.3928859337571215
2021,CHO,4,0.0931688311688311,0.421,597.0258701298702,0.761,0.422,98.3,89.0,0.383596792474359
2021,CHO,5,0.3284095904095904,0.3542477535301669,2104.448655344656,0.761,0.422,98.3,89.0,0.3420937120811335
2021,CLE,0,0.31,0.626,1950.7680000000005,0.743,0.347,97.3,87.4,0.6472747196816272
2021,CLE,1,0.211,0.419,1327.7808,0.743,0.347,97.3,87.4,0.429635487350199
2021,CLE,2,0.085,0.4,534.8880000000001,0.743,0.347,97.3,87.4,0.408892488502648
2021,CLE,3,0.047,0.354,295.76160000000004,0.743,0.347,97.3,87.4,0.3762399259001149
2021,CLE,4,0.0763399999999999,0.376,480.3923519999995,0.743,0.347,97.3,87.4,0.3866489422979355
2021,CLE,5,0.27066,0.3247179487179487,1703.2092480000006,0.743,0.347,97.3,87.4,0.3435922959453407
2021,DAL,0,0.23,0.715,1483.7760000000003,0.778,0.436,97.3,89.6,0.6875839027609144
2021,DAL,1,0.152,0.429,980.5824,0.778,0.436,97.3,89.6,0.4146123831821436
2021,DAL,2,0.111,0.475,716.0832000000001,0.778,0.436,97.3,89.6,0.438270005387215
2021,DAL,3,0.071,0.426,458.0352,0.778,0.436,97.3,89.6,0.4020555791116353
2021,DAL,4,0.0906879999999999,0.368,585.0464255999993,0.778,0.436,97.3,89.6,0.3880178190542012
2021,DAL,5,0.345312,0.3604242424242423,2227.6767744000003,0.778,0.436,97.3,89.6,0.3441939661670613
2021,DEN,0,0.226,0.73,1477.4976,0.803,0.383,97.1,90.8,0.689842987308531
2021,DEN,1,0.215,0.46,1405.5839999999998,0.803,0.383,97.1,90.8,0.4435190194810628
2021,DEN,2,0.095,0.444,621.072,0.803,0.383,97.1,90.8,0.4274065397916026
2021,DEN,3,0.081,0.425,529.5456,0.803,0.383,97.1,90.8,0.4064334491704279
2021,DEN,4,0.083877,0.429,548.3542752,0.803,0.383,97.1,90.8,0.3931334518576297
2021,DEN,5,0.299123,0.3624186939820742,1955.5465248000005,0.803,0.383,97.1,90.8,0.3491189630043678
2021,DET,0,0.2727272727272727,0.66,1702.4727272727275,0.759,0.385,97.9,86.7,0.6637875418861602
2021,DET,1,0.2097902097902098,0.416,1309.5944055944058,0.759,0.385,97.9,86.7,0.433026423878857
2021,DET,2,0.0729270729270729,0.359,455.23996003996,0.759,0.385,97.9,86.7,0.4042990068043717
2021,DET,3,0.0599400599400599,0.386,374.16983016983016,0.759,0.385,97.9,86.7,0.3896437916855822
2021,DET,4,0.0869230769230769,0.351,542.6086153846155,0.759,0.385,97.9,86.7,0.3834441769613433
2021,DET,5,0.2976923076923077,0.351,1858.3144615384613,0.759,0.385,97.9,86.7,0.3416716722372042
2021,GSW,0,0.229,0.709,1419.6168,0.785,0.439,102.2,86.1,0.6914330751077029
2021,GSW,1,0.181,0.449,1122.0551999999998,0.785,0.439,102.2,86.1,0.4295272745568168
2021,GSW,2,0.072,0.402,446.3424,0.785,0.439,102.2,86.1,0.4139557366309668
2021,GSW,3,0.079,0.391,489.7368,0.785,0.439,102.2,86.1,0.4084889840506607
2021,GSW,4,0.09219,0.402,571.504248,0.785,0.439,102.2,86.1,0.3906464784239785
2021,GSW,5,0.34681,0.3690886075949367,2149.944552,0.785,0.439,102.2,86.1,0.3476078686117459
2021,HOU,0,0.284,0.683,1781.0208,0.74,0.459,101.4,87.1,0.6690160033686852
2021,HOU,1,0.158,0.385,990.8496,0.74,0.459,101.4,87.1,0.41968357337575
2021,HOU,2,0.043,0.354,269.6616,0.74,0.459,101.4,87.1,0.3843943000967673
2021,HOU,3,0.056,0.317,351.1872,0.74,0.459,101.4,87.1,0.3968402156338722
2021,HOU,4,0.104193,0.342,653.4151416,0.74,0.459,101.4,87.1,0.3854198219700833
2021,HOU,5,0.354807,0.3381190168175937,2225.0656584,0.74,0.459,101.4,87.1,0.346606467250714
2021,IND,0,0.3163163163163163,0.655,2024.6774774774776,0.792,0.372,101.6,88.9,0.6566057619085419
2021,IND,1,0.1761761761761761,0.414,1127.6684684684683,0.792,0.372,101.6,88.9,0.4235731841855549
2021,IND,2,0.0810810810810811,0.445,518.9837837837839,0.792,0.372,101.6,88.9,0.416650815280794
2021,IND,3,0.054054054054054,0.417,345.98918918918923,0.792,0.372,101.6,88.9,0.3922561817678523
2021,IND,4,0.0781981981981982,0.421,500.5310270270271,0.792,0.372,101.6,88.9,0.3958207824736625
2021,IND,5,0.2941741741741742,0.3488481012658228,1882.9500540540544,0.792,0.372,101.6,88.9,0.3486930757683917
2021,LAC,0,0.2192192192192192,0.688,1411.0702702702702,0.839,0.4,96.9,89.4,0.7017824855040607
2021,LAC,1,0.1641641641641641,0.432,1056.6918918918918,0.839,0.4,96.9,89.4,0.429566951717541
2021,LAC,2,0.1211211211211211,0.446,779.6324324324323,0.839,0.4,96.9,89.4,0.4563958141888402
2021,LAC,3,0.095095095095095,0.439,612.1081081081081,0.839,0.4,96.9,89.4,0.4196837727919298
2021,LAC,4,0.1085085085085084,0.472,698.4475675675675,0.839,0.4,96.9,89.4,0.3925855382959015
2021,LAC,5,0.2918918918918919,0.3883237311385459,1878.84972972973,0.839,0.4,96.9,89.4,0.359869591684382
2021,LAL,0,0.288,0.701,1791.5904000000005,0.739,0.363,98.7,86.4,0.6563903365394613
2021,LAL,1,0.167,0.434,1038.8736000000004,0.739,0.363,98.7,86.4,0.4120121163639761
2021,LAL,2,0.105,0.403,653.1840000000001,0.739,0.363,98.7,86.4,0.4253667477034696
2021,LAL,3,0.077,0.35,479.0016000000001,0.739,0.363,98.7,86.4,0.3959903720440234
2021,LAL,4,0.09075,0.367,564.5376000000001,0.739,0.363,98.7,86.4,0.3796344955659919
2021,LAL,5,0.27225,0.3496666666666666,1693.6128000000003,0.739,0.363,98.7,86.4,0.3457204467892737
2021,MEM,0,0.2507492507492507,0.661,1639.2983016983017,0.771,0.342,100.4,90.8,0.6722795563567916
2021,MEM,1,0.2207792207792208,0.443,1443.3662337662338,0.771,0.342,100.4,90.8,0.4386771983550171
2021,MEM,2,0.1408591408591408,0.453,920.8807192807192,0.771,0.342,100.4,90.8,0.4518923369609296
2021,MEM,3,0.0459540459540459,0.393,300.42917082917086,0.771,0.342,100.4,90.8,0.378969175724035
2021,MEM,4,0.0881478521478521,0.377,576.2753982017981,0.771,0.342,100.4,90.8,0.3822802791367899
2021,MEM,5,0.2535104895104895,0.3486981132075471,1657.3501762237763,0.771,0.342,100.4,90.8,0.3528131881655835
2021,MIA,0,0.247,0.719,1532.9808,0.79,0.432,96.6,86.2,0.682844141473559
2021,MIA,1,0.161,0.437,999.2304,0.79,0.432,96.6,86.2,0.4198425594838975
2021,MIA,2,0.096,0.427,595.8144,0.79,0.432,96.6,86.2,0.4291075871575563
2021,MIA,3,0.064,0.391,397.2096,0.79,0.432,96.6,86.2,0.4005879971468264
2021,MIA,4,0.1032479999999999,0.361,640.7983871999993,0.79,0.432,96.6,86.2,0.3846090312773123
2021,MIA,5,0.328752,0.3570578186596583,2040.3664128,0.79,0.432,96.6,86.2,0.346915491239976
2021,MIL,0,0.255,0.717,1645.056,0.76,0.404,102.2,89.6,0.6737904973822421
2021,MIL,1,0.155,0.419,999.936,0.76,0.404,102.2,89.6,0.411694279222663
2021,MIL,2,0.104,0.457,670.9247999999999,0.76,0.404,102.2,89.6,0.4289165453771445
2021,MIL,3,0.082,0.426,528.9984,0.76,0.404,102.2,89.6,0.4018913593478775
2021,MIL,4,0.085244,0.407,549.9260928,0.76,0.404,102.2,89.6,0.387369930640767
2021,MIL,5,0.318756,0.3841863117870722,2056.3587072,0.76,0.404,102.2,89.6,0.341864305370879
2021,MIN,0,0.2992992992992992,0.65,1913.6,0.761,0.413,101.6,88.8,0.6585355038648327
2021,MIN,1,0.1721721721721721,0.391,1100.7999999999995,0.761,0.413,101.6,88.8,0.4199820623099897
2021,MIN,2,0.061061061061061,0.363,390.4,0.761,0.413,101.6,88.8,0.3989164750621238
2021,MIN,3,0.054054054054054,0.362,345.6,0.761,0.413,101.6,88.8,0.3902901174767428
2021,MIN,4,0.0859899899899899,0.362,549.7855999999999,0.761,0.413,101.6,88.8,0.3885138012139495
2021,MIN,5,0.3274234234234234,0.3455858585858585,2093.4144,0.761,0.413,101.6,88.8,0.3427852810416605
2021,NOP,0,0.3356643356643357,0.66,2131.602797202798,0.729,0.342,100.1,88.2,0.6472528286119439
2021,NOP,1,0.1648351648351648,0.413,1046.769230769231,0.729,0.342,100.1,88.2,0.4102166580807986
2021,NOP,2,0.0869130869130869,0.414,551.9328671328672,0.729,0.342,100.1,88.2,0.4118211616772069
2021,NOP,3,0.0709290709290709,0.457,450.427972027972,0.729,0.342,100.1,88.2,0.3927252005188612
2021,NOP,4,0.0809730269730269,0.345,514.2111104895106,0.729,0.342,100.1,88.2,0.3850400728757037
2021,NOP,5,0.2606853146853147,0.3489318479685452,1655.456022377623,0.729,0.342,100.1,88.2,0.3483212228136116
2021,NYK,0,0.254,0.637,1633.1184000000003,0.784,0.347,95.9,89.3,0.6710181224861624
2021,NYK,1,0.19,0.385,1221.6240000000005,0.784,0.347,95.9,89.3,0.4228075981367294
2021,NYK,2,0.118,0.407,758.6928,0.784,0.347,95.9,89.3,0.4364611260598676
2021,NYK,3,0.091,0.411,585.0936,0.784,0.347,95.9,89.3,0.40115456298745
2021,NYK,4,0.0982009999999999,0.426,631.3931495999993,0.784,0.347,95.9,89.3,0.3770883408239288
2021,NYK,5,0.248799,0.3785801952580195,1599.6780504,0.784,0.347,95.9,89.3,0.3545312491407533
2021,OKC,0,0.2777222777222777,0.635,1735.6531468531468,0.725,0.399,101.0,86.8,0.6641684213114587
2021,OKC,1,0.1998001998001997,0.401,1248.6713286713284,0.725,0.399,101.0,86.8,0.430250889012945
2021,OKC,2,0.0739260739260739,0.41,462.0083916083916,0.725,0.399,101.0,86.8,0.4074369800715753
2021,OKC,3,0.0499500499500499,0.381,312.1678321678321,0.725,0.399,101.0,86.8,0.3851212843168647
2021,OKC,4,0.0749370629370629,0.375,468.3266685314685,0.725,0.399,101.0,86.8,0.3940413021044877
2021,OKC,5,0.3236643356643356,0.3306650246305418,2022.772632167832,0.725,0.399,101.0,86.8,0.3409942684259807
2021,ORL,0,0.2012012012012012,0.652,1306.6810810810814,0.775,0.356,98.7,90.2,0.6907548560974806
2021,ORL,1,0.2122122122122122,0.386,1378.190990990991,0.775,0.356,98.7,90.2,0.4346374239306526
2021,ORL,2,0.1211211211211211,0.424,786.609009009009,0.775,0.356,98.7,90.2,0.4395113069503495
2021,ORL,3,0.1091091091091091,0.388,708.5981981981982,0.775,0.356,98.7,90.2,0.406126814831472
2021,ORL,4,0.0534534534534533,0.359,347.1481081081075,0.775,0.356,98.7,90.2,0.4026348368047535
2021,ORL,5,0.3029029029029029,0.3401764705882353,1967.1726126126125,0.775,0.356,98.7,90.2,0.3411929081353572
2021,PHI,0,0.241,0.672,1502.6832,0.767,0.347,99.5,86.6,0.6755755296247471
2021,PHI,1,0.203,0.436,1265.7456000000002,0.767,0.347,99.5,86.6,0.4285478943403604
2021,PHI,2,0.117,0.479,729.5184,0.767,0.347,99.5,86.6,0.4351001978648111
2021,PHI,3,0.092,0.438,573.6384,0.767,0.347,99.5,86.6,0.4008123348964113
2021,PHI,4,0.090567,0.417,564.7033584000001,0.767,0.347,99.5,86.6,0.3802674645855648
2021,PHI,5,0.2564329999999999,0.3588132611637347,1598.9110415999996,0.767,0.347,99.5,86.6,0.3512446019984364
2021,PHO,0,0.211,0.718,1364.2415999999998,0.834,0.392,97.2,89.8,0.7033438584252947
2021,PHO,1,0.158,0.47,1021.5648,0.834,0.392,97.2,89.8,0.4259810802503111
2021,PHO,2,0.148,0.509,956.9088,0.834,0.392,97.2,89.8,0.4713904303111316
2021,PHO,3,0.091,0.454,588.3696,0.834,0.392,97.2,89.8,0.4174738986125014
2021,PHO,4,0.10388,0.43,671.646528,0.834,0.392,97.2,89.8,0.3917716242619152
2021,PHO,5,0.28812,0.3592517006802721,1862.868672,0.834,0.392,97.2,89.8,0.3593735442110092
2021,POR,0,0.2442442442442442,0.637,1624.908108108108,0.823,0.448,98.4,92.4,0.6959621465391589
2021,POR,1,0.1331331331331331,0.378,885.7081081081081,0.823,0.448,98.4,92.4,0.4210707422959652
2021,POR,2,0.0850850850850851,0.439,566.0540540540542,0.823,0.448,98.4,92.4,0.4337086906337791
2021,POR,3,0.089089089089089,0.422,592.6918918918918,0.823,0.448,98.4,92.4,0.4217407839478941
2021,POR,4,0.0713033033033033,0.393,474.3666162162162,0.823,0.448,98.4,92.4,0.4148228957290236
2021,POR,5,0.3771451451451451,0.383487514863258,2509.0712216216216,0.823,0.448,98.4,92.4,0.3568598189767912
2021,SAC,0,0.249,0.717,1586.6280000000002,0.745,0.376,100.0,88.5,0.6740542923341157
2021,SAC,1,0.213,0.432,1357.236,0.745,0.376,100.0,88.5,0.4354448195051834
2021,SAC,2,0.106,0.479,675.432,0.745,0.376,100.0,88.5,0.42826525106651
2021,SAC,3,0.056,0.4,356.83200000000005,0.745,0.376,100.0,88.5,0.387856648385215
2021,SAC,4,0.0797119999999999,0.422,507.9248639999994,0.745,0.376,100.0,88.5,0.3890248094935946
2021,SAC,5,0.296288,0.3483959390862944,1887.947136,0.745,0.376,100.0,88.5,0.3425937153274241
2021,SAS,0,0.24,0.658,1563.84,0.792,0.314,98.9,90.5,0.6751215784528621
2021,SAS,1,0.199,0.435,1296.6840000000002,0.792,0.314,98.9,90.5,0.425691803714208
2021,SAS,2,0.142,0.433,925.272,0.792,0.314,98.9,90.5,0.4510782735470743
2021,SAS,3,0.105,0.444,684.1800000000001,0.792,0.314,98.9,90.5,0.403034014929492
2021,SAS,4,0.0628,0.377,409.2048,0.792,0.314,98.9,90.5,0.3972916090223402
2021,SAS,5,0.2512,0.3432499999999999,1636.8192,0.792,0.314,98.9,90.5,0.3522419388625273
2021,TOR,0,0.236,0.662,1517.3856,0.815,0.444,99.2,89.3,0.6973320215150695
2021,TOR,1,0.194,0.407,1247.3424,0.815,0.444,99.2,89.3,0.4439283597733562
2021,TOR,2,0.065,0.409,417.924,0.815,0.444,99.2,89.3,0.4168256813661752
2021,TOR,3,0.061,0.375,392.2056,0.815,0.444,99.2,89.3,0.4091559786694649
2021,TOR,4,0.0999,0.388,642.31704,0.815,0.444,99.2,89.3,0.3957192496915614
2021,TOR,5,0.3441,0.3621935483870968,2212.42536,0.815,0.444,99.2,89.3,0.3562569312497018
2021,UTA,0,0.207,0.703,1326.4560000000004,0.799,0.488,98.5,89.0,0.7093317011163891
2021,UTA,1,0.201,0.443,1288.0080000000005,0.799,0.488,98.5,89.0,0.4491398184522725
2021,UTA,2,0.069,0.448,442.15200000000016,0.799,0.488,98.5,89.0,0.4219088760956711
2021,UTA,3,0.035,0.372,224.2800000000001,0.799,0.488,98.5,89.0,0.3886235996423351
2021,UTA,4,0.1239519999999999,0.408,794.2844159999995,0.799,0.488,98.5,89.0,0.3997556550891764
2021,UTA,5,0.364048,0.3825308310991957,2332.819584,0.799,0.488,98.5,89.0,0.3572822322946418
2021,WAS,0,0.1988011988011988,0.695,1240.9966033966034,0.769,0.319,104.1,86.7,0.688670311936084
2021,WAS,1,0.2677322677322677,0.515,1671.291908091908,0.769,0.319,104.1,86.7,0.4652462586894118
2021,WAS,2,0.1008991008991009,0.408,629.8525474525475,0.769,0.319,104.1,86.7,0.4213657279823915
2021,WAS,3,0.1138861138861138,0.402,710.9226773226773,0.769,0.319,104.1,86.7,0.4045438056673044
2021,WAS,4,0.0736153846153846,0.369,459.53667692307687,0.769,0.319,104.1,86.7,0.3900797698742587
2021,WAS,5,0.245065934065934,0.3455929778933679,1529.7995868131866,0.769,0.319,104.1,86.7,0.3537433402145036
2020,ATL,0,0.291,0.658,1793.3748,0.79,0.398,103.0,86.8,0.6609073965402429
2020,ATL,1,0.155,0.414,955.2340000000002,0.79,0.398,103.0,86.8,0.4129946604263307
2020,ATL,2,0.097,0.394,597.7916,0.79,0.398,103.0,86.8,0.4252376458417528
2020,ATL,3,0.059,0.376,363.6052,0.79,0.398,103.0,86.8,0.3932072740116632
2020,ATL,4,0.079998,0.342,493.01167440000006,0.79,0.398,103.0,86.8,0.3922614089546621
2020,ATL,5,0.318002,0.3307359198998749,1959.7827256000005,0.79,0.398,103.0,86.8,0.3432356691378614
2020,BOS,0,0.2760000000000001,0.662,1749.9228000000005,0.801,0.386,99.5,89.3,0.6697309970315092
2020,BOS,1,0.173,0.387,1096.8719,0.801,0.386,99.5,89.3,0.423111407322475
2020,BOS,2,0.094,0.437,595.9882000000001,0.801,0.386,99.5,89.3,0.4263085282925388
2020,BOS,3,0.071,0.416,450.1613,0.801,0.386,99.5,89.3,0.4024294387057211
2020,BOS,4,0.069866,0.396,442.9713998,0.801,0.386,99.5,89.3,0.4022910468507503
2020,BOS,5,0.3161339999999999,0.3569279609279609,2004.3844002,0.801,0.386,99.5,89.3,0.3465504161059615
2020,BRK,0,0.315,0.651,1968.12,0.745,0.423,101.4,88.0,0.6532871069902249
2020,BRK,1,0.15,0.358,937.2,0.745,0.423,101.4,88.0,0.4098725222409991
2020,BRK,2,0.07,0.381,437.36,0.745,0.423,101.4,88.0,0.4049411659924004
2020,BRK,3,0.042,0.413,262.416,0.745,0.423,101.4,88.0,0.3785253302059
2020,BRK,4,0.090099,0.369,562.938552,0.745,0.423,101.4,88.0,0.3843853419700009
2020,BRK,5,0.332901,0.3359631512071157,2079.965448,0.745,0.423,101.4,88.0,0.3408626858885799
2020,CHI,0,0.34,0.627,2136.3900000000003,0.755,0.396,99.7,88.5,0.6504470001626135
2020,CHI,1,0.152,0.362,955.092,0.755,0.396,99.7,88.5,0.4078858888543321
2020,CHI,2,0.057,0.375,358.15950000000004,0.755,0.396,99.7,88.5,0.3907609164511394
2020,CHI,3,0.055,0.354,345.5925,0.755,0.396,99.7,88.5,0.3866468391376988
2020,CHI,4,0.0891,0.383,559.8598499999999,0.755,0.396,99.7,88.5,0.3822378869104692
2020,CHI,5,0.3069,0.3378387096774193,1928.40615,0.755,0.396,99.7,88.5,0.3405016232311166
2020,CHO,0,0.303,0.627,1910.3544,0.748,0.399,95.8,88.8,0.6507665073244006
2020,CHO,1,0.192,0.357,1210.5215999999998,0.748,0.399,95.8,88.8,0.4218397558254065
2020,CHO,2,0.062,0.321,390.8976,0.748,0.399,95.8,88.8,0.3930577003834743
2020,CHO,3,0.044,0.352,277.41119999999995,0.748,0.399,95.8,88.8,0.3753126742049212
2020,CHO,4,0.080199,0.397,505.6386552000001,0.748,0.399,95.8,88.8,0.3857473466776411
2020,CHO,5,0.318801,0.3406795994993742,2009.9765448,0.748,0.399,95.8,88.8,0.3367866318298614
2020,CLE,0,0.297,0.64,1864.0908000000004,0.758,0.362,98.7,88.4,0.651626806580286
2020,CLE,1,0.183,0.407,1148.5812,0.758,0.362,98.7,88.4,0.4168696344804222
2020,CLE,2,0.101,0.443,633.9164000000001,0.758,0.362,98.7,88.4,0.4207654728194103
2020,CLE,3,0.057,0.385,357.7548000000001,0.758,0.362,98.7,88.4,0.3846701452725416
2020,CLE,4,0.0680559999999999,0.396,427.1466783999994,0.758,0.362,98.7,88.4,0.3930038965363315
2020,CLE,5,0.293944,0.3405812807881773,1844.9101216000004,0.758,0.362,98.7,88.4,0.339151352086207
2020,DAL,0,0.2452452452452452,0.696,1567.1171171171172,0.779,0.457,99.3,90.0,0.6844253180173283
2020,DAL,1,0.1621621621621622,0.407,1036.2162162162165,0.779,0.457,99.3,90.0,0.4211768842055409
2020,DAL,2,0.082082082082082,0.413,524.5045045045046,0.779,0.457,99.3,90.0,0.4204959690409822
2020,DAL,3,0.053053053053053,0.431,339.009009009009,0.779,0.457,99.3,90.0,0.3946839352773675
2020,DAL,4,0.0933213213213212,0.408,596.3232432432427,0.779,0.457,99.3,90.0,0.389250938617908
2020,DAL,5,0.3641361361361361,0.3564924623115578,2326.82990990991,0.779,0.457,99.3,90.0,0.3461844786851097
2020,DEN,0,0.2782782782782784,0.687,1786.101301301302,0.777,0.344,97.1,90.4,0.6576453069162538
2020,DEN,1,0.1801801801801802,0.402,1156.4684684684687,0.777,0.344,97.1,90.4,0.4148955728411902
2020,DEN,2,0.1051051051051051,0.417,674.6066066066069,0.777,0.344,97.1,90.4,0.4229873181911266
2020,DEN,3,0.0920920920920921,0.456,591.083883883884,0.777,0.344,97.1,90.4,0.3978507751923377
2020,DEN,4,0.0716236236236235,0.401,459.7090658658654,0.777,0.344,97.1,90.4,0.389974095588661
2020,DEN,5,0.2727207207207207,0.347969696969697,1750.4306738738735,0.777,0.344,97.1,90.4,0.3431326510687768
2020,DET,0,0.2822822822822823,0.66,1747.6660660660664,0.743,0.381,97.6,87.2,0.6568433680104855
2020,DET,1,0.2142142142142142,0.4,1326.2430430430431,0.743,0.381,97.6,87.2,0.4322596380205952
2020,DET,2,0.072072072072072,0.369,446.2126126126126,0.743,0.381,97.6,87.2,0.4004913946989447
2020,DET,3,0.05005005005005,0.401,309.86986986986994,0.743,0.381,97.6,87.2,0.3796619999445594
2020,DET,4,0.1083123123123123,0.422,670.5831879879881,0.743,0.381,97.6,87.2,0.3722359683870686
2020,DET,5,0.2730690690690691,0.3451843575418994,1690.6252204204204,0.743,0.381,97.6,87.2,0.3438006091419245
2020,GSW,0,0.2437562437562437,0.666,1509.1436563436566,0.803,0.355,100.3,87.2,0.681426658970187
2020,GSW,1,0.1658341658341658,0.382,1026.7124875124878,0.803,0.355,100.3,87.2,0.4190117324722337
2020,GSW,2,0.1078921078921079,0.416,667.9816183816184,0.803,0.355,100.3,87.2,0.4349946387076794
2020,GSW,3,0.1278721278721279,0.384,791.6819180819182,0.803,0.355,100.3,87.2,0.4167266847307854
2020,GSW,4,0.0645454545454545,0.405,399.6138181818183,0.803,0.355,100.3,87.2,0.4041619698682566
2020,GSW,5,0.2900999000999001,0.31820293398533,1796.0665014985016,0.803,0.355,100.3,87.2,0.3490046890553735
2020,HOU,0,0.297,0.672,1828.2429,0.791,0.501,103.7,86.7,0.673943399967449
2020,HOU,1,0.126,0.379,775.6182000000002,0.791,0.501,103.7,86.7,0.4165200314677937
2020,HOU,2,0.04,0.403,246.2280000000001,0.791,0.501,103.7,86.7,0.3898527960249218
2020,HOU,3,0.036,0.402,221.6052,0.791,0.501,103.7,86.7,0.3882976701467481
2020,HOU,4,0.1227449999999999,0.378,755.5813964999994,0.791,0.501,103.7,86.7,0.3977349535226098
2020,HOU,5,0.378255,0.3342913907284768,2328.4243035000004,0.791,0.501,103.7,86.7,0.3552593516014671
2020,IND,0,0.2977022977022977,0.651,1879.067132867133,0.787,0.317,98.9,88.9,0.6500841630349361
2020,IND,1,0.1508491508491508,0.428,952.1447552447554,0.787,0.317,98.9,88.9,0.4028125430698404
2020,IND,2,0.1188811188811189,0.456,750.3657342657343,0.787,0.317,98.9,88.9,0.4330113351142998
2020,IND,3,0.1158841158841159,0.42,731.4489510489511,0.787,0.317,98.9,88.9,0.4030650654219642
2020,IND,4,0.0734705294705294,0.389,463.7386349650351,0.787,0.317,98.9,88.9,0.3881829315095687
2020,IND,5,0.2432127872127872,0.3551458333333333,1535.134791608392,0.787,0.317,98.9,88.9,0.3524178742019095
2020,LAC,0,0.2722722722722723,0.669,1689.5583583583586,0.791,0.375,101.5,87.4,0.6683325668704585
2020,LAC,1,0.1671671671671671,0.408,1037.3391391391392,0.791,0.375,101.5,87.4,0.4178994985704649
2020,LAC,2,0.1041041041041041,0.419,646.0076076076076,0.791,0.375,101.5,87.4,0.4305266445362226
2020,LAC,3,0.081081081081081,0.4,503.1405405405406,0.791,0.375,101.5,87.4,0.4031453239438605
2020,LAC,4,0.0938438438438438,0.401,582.3385885885886,0.791,0.375,101.5,87.4,0.3837648329274256
2020,LAC,5,0.2815315315315315,0.361,1747.0157657657658,0.791,0.375,101.5,87.4,0.3491834344036605
2020,LAL,0,0.3146853146853147,0.723,1948.2797202797208,0.729,0.358,100.9,87.2,0.6477654887018932
2020,LAL,1,0.1468531468531468,0.401,909.1972027972027,0.729,0.358,100.9,87.2,0.4030963028615809
2020,LAL,2,0.0839160839160839,0.401,519.5412587412588,0.729,0.358,100.9,87.2,0.4095222227150166
2020,LAL,3,0.0969030969030969,0.355,599.9464535464535,0.729,0.358,100.9,87.2,0.4002476680697466
2020,LAL,4,0.0929870129870129,0.402,575.7011948051947,0.729,0.358,100.9,87.2,0.3771859483227186
2020,LAL,5,0.2646553446553447,0.3303783783783783,1638.53416983017,0.729,0.358,100.9,87.2,0.346780828716172
2020,MEM,0,0.2810000000000001,0.667,1757.6831000000004,0.763,0.346,102.8,88.1,0.655862128369827
2020,MEM,1,0.21,0.443,1313.571,0.763,0.346,102.8,88.1,0.4285054527613356
2020,MEM,2,0.103,0.427,644.2753,0.763,0.346,102.8,88.1,0.4207252161723202
2020,MEM,3,0.06,0.397,375.306,0.763,0.346,102.8,88.1,0.3850463700916023
2020,MEM,4,0.069892,0.381,437.1814492000001,0.763,0.346,102.8,88.1,0.3903814617423544
2020,MEM,5,0.2761080000000001,0.3383934837092732,1727.0831508000003,0.763,0.346,102.8,88.1,0.3415149396253693
2020,MIA,0,0.255,0.693,1533.4935000000005,0.783,0.419,98.3,84.7,0.6755836448004424
2020,MIA,1,0.159,0.418,956.1783000000004,0.783,0.419,98.3,84.7,0.4150103221789201
2020,MIA,2,0.09,0.398,541.2330000000001,0.783,0.419,98.3,84.7,0.4209509468244178
2020,MIA,3,0.077,0.386,463.0549000000001,0.783,0.419,98.3,84.7,0.4020720253277324
2020,MIA,4,0.096789,0.381,582.0600093,0.783,0.419,98.3,84.7,0.3826337983890803
2020,MIA,5,0.3222109999999999,0.3783992197659298,1937.6802907,0.783,0.419,98.3,84.7,0.3433509032859658
2020,MIL,0,0.2842842842842843,0.717,1737.8582582582585,0.742,0.428,105.1,86.1,0.6782942841123507
2020,MIL,1,0.1411411411411411,0.374,862.8099099099098,0.742,0.428,105.1,86.1,0.4226109666474385
2020,MIL,2,0.082082082082082,0.458,501.77597597597605,0.742,0.428,105.1,86.1,0.4299805505700566
2020,MIL,3,0.064064064064064,0.467,391.6300300300301,0.742,0.428,105.1,86.1,0.4109944107379872
2020,MIL,4,0.0873993993993993,0.392,534.2812684684678,0.742,0.428,105.1,86.1,0.4022005815121864
2020,MIL,5,0.341029029029029,0.3455175879396985,2084.7445573573573,0.742,0.428,105.1,86.1,0.3565677515299257
2020,MIN,0,0.308,0.64,1913.45,0.753,0.433,103.4,87.5,0.6545133013257983
2020,MIN,1,0.164,0.384,1018.85,0.753,0.433,103.4,87.5,0.4150669464425803
2020,MIN,2,0.055,0.373,341.6875,0.753,0.433,103.4,87.5,0.3913520232283402
2020,MIN,3,0.04,0.372,248.5,0.753,0.433,103.4,87.5,0.3763272229047812
2020,MIN,4,0.0749089999999999,0.339,465.3721624999994,0.753,0.433,103.4,87.5,0.3944353337877079
2020,MIN,5,0.358091,0.335372430471584,2224.6403375,0.753,0.433,103.4,87.5,0.3395735804382362
2020,NOP,0,0.309,0.666,1921.8564,0.729,0.403,103.7,87.6,0.651603499877572
2020,NOP,1,0.144,0.376,895.6223999999999,0.729,0.403,103.7,87.6,0.4047363555841182
2020,NOP,2,0.079,0.394,491.3484,0.729,0.403,103.7,87.6,0.4088281250915609
2020,NOP,3,0.065,0.378,404.274,0.729,0.403,103.7,87.6,0.3924870235289455
2020,NOP,4,0.093899,0.401,584.0142204,0.729,0.403,103.7,87.6,0.3794501901892523
2020,NOP,5,0.309101,0.3605827900912646,1922.4845796,0.729,0.403,103.7,87.6,0.340141768731759
2020,NYK,0,0.313,0.64,1997.8477,0.694,0.318,98.6,89.9,0.6290215766459972
2020,NYK,1,0.159,0.364,1014.8811,0.694,0.318,98.6,89.9,0.3886891474100415
2020,NYK,2,0.091,0.401,580.8439000000001,0.694,0.318,98.6,89.9,0.3953077229409142
2020,NYK,3,0.119,0.382,759.5651,0.694,0.318,98.6,89.9,0.3866558952766032
2020,NYK,4,0.063918,0.374,407.9822022000001,0.694,0.318,98.6,89.9,0.3768002774834832
2020,NYK,5,0.254082,0.3276921151439299,1621.7799978,0.694,0.318,98.6,89.9,0.3312979660519164
2020,OKC,0,0.2597402597402597,0.68,1582.2857142857144,0.796,0.353,98.8,85.8,0.6717716293524958
2020,OKC,1,0.1728271728271728,0.386,1052.8285714285714,0.796,0.353,98.8,85.8,0.4185019817307345
2020,OKC,2,0.1278721278721279,0.455,778.9714285714288,0.796,0.353,98.8,85.8,0.4469008372098754
2020,OKC,3,0.0869130869130869,0.474,529.4571428571428,0.796,0.353,98.8,85.8,0.4031732490172938
2020,OKC,4,0.0687662337662337,0.357,418.9101428571428,0.796,0.353,98.8,85.8,0.3984413855189935
2020,OKC,5,0.2838811188811188,0.3545155279503106,1729.3469999999993,0.796,0.353,98.8,85.8,0.347012786760323
2020,ORL,0,0.2517482517482518,0.664,1601.5216783216783,0.774,0.364,98.6,89.6,0.6708766552257994
2020,ORL,1,0.1688311688311688,0.406,1074.0363636363638,0.774,0.364,98.6,89.6,0.4128011135248471
2020,ORL,2,0.1208791208791209,0.392,768.9846153846154,0.774,0.364,98.6,89.6,0.4376260254101999
2020,ORL,3,0.0949050949050949,0.381,603.7482517482517,0.774,0.364,98.6,89.6,0.4010532032315423
2020,ORL,4,0.0516363636363635,0.395,328.4898909090903,0.774,0.364,98.6,89.6,0.4011901881720575
2020,ORL,5,0.312,0.3343939393939394,1984.8192,0.774,0.364,98.6,89.6,0.3383387780133557
2020,PHI,0,0.266,0.688,1669.5224000000007,0.755,0.36,99.0,88.4,0.6633270934911906
2020,PHI,1,0.173,0.41,1085.8172000000002,0.755,0.36,99.0,88.4,0.4126634372455455
2020,PHI,2,0.114,0.408,715.5096000000002,0.755,0.36,99.0,88.4,0.4305196349773484
2020,PHI,3,0.087,0.399,546.0468000000001,0.755,0.36,99.0,88.4,0.3972882885761971
2020,PHI,4,0.06948,0.409,436.0842720000001,0.755,0.36,99.0,88.4,0.3920874120149318
2020,PHI,5,0.2905199999999999,0.3581945477075589,1823.419728,0.755,0.36,99.0,88.4,0.3397435815292536
2020,PHO,0,0.296,0.659,1817.884,0.834,0.361,101.3,86.5,0.6692375762419005
2020,PHO,1,0.146,0.404,896.6590000000001,0.834,0.361,101.3,86.5,0.4195728947154111
2020,PHO,2,0.116,0.444,712.4140000000002,0.834,0.361,101.3,86.5,0.4493994522079576
2020,PHO,3,0.081,0.405,497.4615000000001,0.834,0.361,101.3,86.5,0.4128989246976731
2020,PHO,4,0.08664,0.374,532.09956,0.834,0.361,101.3,86.5,0.3977665478439276
2020,PHO,5,0.27436,0.3529473684210526,1684.9819400000003,0.834,0.361,101.3,86.5,0.3607461840588593
2020,POR,0,0.2722722722722723,0.634,1743.686086086086,0.804,0.374,100.7,90.2,0.6718760463996609
2020,POR,1,0.1391391391391391,0.399,891.074874874875,0.804,0.374,100.7,90.2,0.4106672272177956
2020,POR,2,0.1171171171171171,0.428,750.0414414414415,0.804,0.374,100.7,90.2,0.444029871706467
2020,POR,3,0.0970970970970971,0.446,621.8292292292293,0.804,0.374,100.7,90.2,0.4108621031505839
2020,POR,4,0.0692592592592592,0.418,443.55014814814825,0.804,0.374,100.7,90.2,0.4033184579501297
2020,POR,5,0.3051151151151151,0.3676932515337423,1954.01822022022,0.804,0.374,100.7,90.2,0.3484807576123153
2020,SAC,0,0.253,0.689,1587.9292,0.77,0.395,98.9,88.4,0.6723935251975052
2020,SAC,1,0.187,0.4,1173.6868,0.77,0.395,98.9,88.4,0.4224150947993229
2020,SAC,2,0.09,0.416,564.876,0.77,0.395,98.9,88.4,0.4169580075511322
2020,SAC,3,0.075,0.426,470.73,0.77,0.395,98.9,88.4,0.3973648474473084
2020,SAC,4,0.083345,0.392,523.1065580000001,0.77,0.395,98.9,88.4,0.3864483129824081
2020,SAC,5,0.311655,0.3565120405576679,1956.071442,0.77,0.395,98.9,88.4,0.3403956006746109
2020,SAS,0,0.233,0.666,1457.4383,0.81,0.318,100.5,88.1,0.6825628812826005
2020,SAS,1,0.158,0.435,988.3058,0.81,0.318,100.5,88.1,0.4129964846242521
2020,SAS,2,0.144,0.458,900.7344,0.81,0.318,100.5,88.1,0.4567876455062685
2020,SAS,3,0.147,0.422,919.4996999999998,0.81,0.318,100.5,88.1,0.4189138713928113
2020,SAS,4,0.065826,0.4,411.74821259999993,0.81,0.318,100.5,88.1,0.400452276374407
2020,SAS,5,0.252174,0.3697351828499369,1577.3735874,0.81,0.318,100.5,88.1,0.3566602869673188
2020,TOR,0,0.3106893106893106,0.645,1910.3042957042956,0.796,0.421,100.9,86.6,0.6609726462705712
2020,TOR,1,0.1548451548451548,0.381,952.0809190809188,0.796,0.421,100.9,86.6,0.4186113065171986
2020,TOR,2,0.0559440559440559,0.367,343.9776223776223,0.796,0.421,100.9,86.6,0.3993539420295984
2020,TOR,3,0.0579420579420579,0.351,356.2625374625374,0.796,0.421,100.9,86.6,0.3982276810933303
2020,TOR,4,0.0912657342657342,0.382,561.1564937062936,0.796,0.421,100.9,86.6,0.3906024630745379
2020,TOR,5,0.3293136863136863,0.3717828863346104,2024.8181316683315,0.796,0.421,100.9,86.6,0.3479917194413923
2020,UTA,0,0.2557442557442558,0.692,1559.758641358642,0.779,0.414,98.6,85.9,0.6742243918355209
2020,UTA,1,0.1958041958041958,0.407,1194.19020979021,0.779,0.414,98.6,85.9,0.4294617768767668
2020,UTA,2,0.0869130869130869,0.42,530.0742257742257,0.779,0.414,98.6,85.9,0.4177963836682474
2020,UTA,3,0.0479520479520479,0.428,292.4547452547453,0.779,0.414,98.6,85.9,0.3846550632486976
2020,UTA,4,0.102983016983017,0.418,628.0831222777225,0.779,0.414,98.6,85.9,0.3795374201489881
2020,UTA,5,0.3106033966033965,0.3674007989347536,1894.339055544455,0.779,0.414,98.6,85.9,0.3434494641975834
2020,WAS,0,0.259,0.688,1620.0709,0.788,0.358,102.7,88.1,0.6701508936850269
2020,WAS,1,0.16,0.363,1000.816,0.788,0.358,102.7,88.1,0.4115719904442306
2020,WAS,2,0.111,0.41,694.3161,0.788,0.358,102.7,88.1,0.4321840666383804
2020,WAS,3,0.112,0.387,700.5712,0.788,0.358,102.7,88.1,0.4073428594541945
2020,WAS,4,0.059786,0.388,373.9674086,0.788,0.358,102.7,88.1,0.4012302132037151
2020,WAS,5,0.298214,0.3639903961584633,1865.3583914,0.788,0.358,102.7,88.1,0.3423884259001326
2019,ATL,0,0.3323323323323323,0.64,2387.2096096096097,0.752,0.403,103.9,87.6,0.6503802431895228
2019,ATL,1,0.1341341341341341,0.356,963.5123123123122,0.752,0.403,103.9,87.6,0.4017497973610371
2019,ATL,2,0.083083083083083,0.374,596.8024024024024,0.752,0.403,103.9,87.6,0.4126036395480643
2019,ATL,3,0.047047047047047,0.374,337.9483483483483,0.752,0.403,103.9,87.6,0.3813097455715467
2019,ATL,4,0.0988338338338338,0.393,709.9431951951951,0.752,0.403,103.9,87.6,0.3781871167354441
2019,ATL,5,0.3045695695695695,0.3386953642384105,2187.784132132132,0.752,0.403,103.9,87.6,0.3416409649666407
2019,BOS,0,0.2482482482482483,0.677,1840.214614614615,0.802,0.381,99.6,90.4,0.6804965436501929
2019,BOS,1,0.1471471471471471,0.42,1090.7723723723725,0.802,0.381,99.6,90.4,0.4127090264020683
2019,BOS,2,0.1141141141141141,0.448,845.9051051051053,0.802,0.381,99.6,90.4,0.4406313179505541
2019,BOS,3,0.1091091091091091,0.41,808.8040040040041,0.802,0.381,99.6,90.4,0.4126511458507409
2019,BOS,4,0.0747507507507507,0.355,554.1123651651653,0.802,0.381,99.6,90.4,0.3986204661067539
2019,BOS,5,0.3066306306306307,0.3674378109452736,2272.99153873874,0.802,0.381,99.6,90.4,0.3472117969054931
2019,BRK,0,0.299,0.639,2147.7768,0.745,0.403,100.8,87.6,0.6547751353461357
2019,BRK,1,0.166,0.373,1192.4112,0.745,0.403,100.8,87.6,0.4136963762623582
2019,BRK,2,0.084,0.423,603.3888,0.745,0.403,100.8,87.6,0.4128576659912375
2019,BRK,3,0.048,0.366,344.7936,0.745,0.403,100.8,87.6,0.3817479054803405
2019,BRK,4,0.074555,0.377,535.5434759999999,0.745,0.403,100.8,87.6,0.3925325264774368
2019,BRK,5,0.328445,0.3475521472392638,2359.286124,0.745,0.403,100.8,87.6,0.3388618265501637
2019,CHI,0,0.3096903096903097,0.627,2229.6463536463534,0.783,0.295,99.0,87.8,0.6404347693986638
2019,CHI,1,0.1908091908091908,0.408,1373.7498501498503,0.783,0.295,99.0,87.8,0.4125852410388296
2019,CHI,2,0.1038961038961039,0.392,748.0103896103897,0.783,0.295,99.0,87.8,0.4150688044955947
2019,CHI,3,0.1008991008991009,0.368,726.4331668331669,0.783,0.295,99.0,87.8,0.3928979454609483
2019,CHI,4,0.0642457542457541,0.4,462.5437322677315,0.783,0.295,99.0,87.8,0.3873847257250142
2019,CHI,5,0.2304595404595404,0.3373401534526853,1659.2165074925076,0.783,0.295,99.0,87.8,0.3504586003489326
2019,CHO,0,0.2892892892892893,0.625,2142.071471471472,0.797,0.378,98.7,90.3,0.661832556619132
2019,CHO,1,0.1651651651651652,0.387,1222.9819819819822,0.797,0.378,98.7,90.3,0.4172060567589867
2019,CHO,2,0.0830830830830831,0.44,615.1969969969971,0.797,0.378,98.7,90.3,0.4160597625354863
2019,CHO,3,0.0840840840840841,0.401,622.6090090090091,0.797,0.378,98.7,90.3,0.4041205105259569
2019,CHO,4,0.0734054054054054,0.415,543.5376648648648,0.797,0.378,98.7,90.3,0.397149467193864
2019,CHO,5,0.304972972972973,0.3355955334987593,2258.202875675676,0.797,0.378,98.7,90.3,0.3450424101797776
2019,CLE,0,0.2772772772772772,0.619,2053.127327327327,0.792,0.332,96.6,90.3,0.6591884585043147
2019,CLE,1,0.1711711711711711,0.39,1267.454054054054,0.792,0.332,96.6,90.3,0.4123457564212781
2019,CLE,2,0.1141141141141141,0.411,844.9693693693692,0.792,0.332,96.6,90.3,0.4310233491890526
2019,CLE,3,0.1051051051051051,0.387,778.2612612612612,0.792,0.332,96.6,90.3,0.4020632008655634
2019,CLE,4,0.0687927927927927,0.36,509.3831135135134,0.792,0.332,96.6,90.3,0.3929319356781434
2019,CLE,5,0.2635395395395395,0.3536948297604035,1951.4048744744744,0.792,0.332,96.6,90.3,0.347029006666382
2019,DAL,0,0.268,0.677,1918.5048,0.742,0.422,99.0,87.3,0.6670097807007783
2019,DAL,1,0.157,0.4,1123.9002,0.742,0.422,99.0,87.3,0.4109339023405557
2019,DAL,2,0.088,0.397,629.9567999999999,0.742,0.422,99.0,87.3,0.416280484602644
2019,DAL,3,0.065,0.371,465.309,0.742,0.422,99.0,87.3,0.3937188475637931
2019,DAL,4,0.081868,0.383,586.0602647999999,0.742,0.422,99.0,87.3,0.3881407397209108
2019,DAL,5,0.340132,0.3296501240694788,2434.8689352,0.742,0.422,99.0,87.3,0.3388573459807599
2019,DEN,0,0.2772772772772773,0.674,2089.506106106107,0.755,0.348,97.7,91.9,0.6560940230492869
2019,DEN,1,0.2032032032032032,0.407,1531.2986986986991,0.755,0.348,97.7,91.9,0.4237191080005275
2019,DEN,2,0.1011011011011011,0.457,761.8776776776779,0.755,0.348,97.7,91.9,0.4181231195146715
2019,DEN,3,0.07007007007007,0.394,528.0340340340342,0.755,0.348,97.7,91.9,0.3889085332985093
2019,DEN,4,0.0637477477477476,0.406,480.3902774774768,0.755,0.348,97.7,91.9,0.3927221116685244
2019,DEN,5,0.2846006006006005,0.3386805385556916,2144.6932060060058,0.755,0.348,97.7,91.9,0.3382682412324742
2019,DET,0,0.2627372627372628,0.638,1936.8465534465536,0.747,0.394,97.4,89.9,0.6651738385404049
2019,DET,1,0.1968031968031968,0.396,1450.7938061938064,0.747,0.394,97.4,89.9,0.4237227182752991
2019,DET,2,0.0739260739260739,0.365,544.9682317682319,0.747,0.394,97.4,89.9,0.402388652375638
2019,DET,3,0.0729270729270729,0.419,537.6037962037963,0.747,0.394,97.4,89.9,0.3932849391022499
2019,DET,4,0.0991888111888112,0.38,731.2000783216786,0.747,0.394,97.4,89.9,0.3744038574229949
2019,DET,5,0.2944175824175824,0.3372192513368983,2170.3875340659342,0.747,0.394,97.4,89.9,0.3395568243665949
2019,GSW,0,0.25,0.703,1812.2,0.801,0.384,100.9,88.4,0.6803730094186904
2019,GSW,1,0.107,0.433,775.6216000000001,0.801,0.384,100.9,88.4,0.3957537244836024
2019,GSW,2,0.121,0.477,877.1048000000001,0.801,0.384,100.9,88.4,0.4465165819053825
2019,GSW,3,0.138,0.458,1000.3344,0.801,0.384,100.9,88.4,0.420901162206038
2019,GSW,4,0.07488,0.427,542.790144,0.801,0.384,100.9,88.4,0.3991047119530692
2019,GSW,5,0.30912,0.3748260869565217,2240.749056,0.801,0.384,100.9,88.4,0.3474732567972163
2019,HOU,0,0.261,0.67,1896.2172,0.791,0.519,97.9,88.6,0.6874604818225065
2019,HOU,1,0.145,0.4,1053.4539999999995,0.791,0.519,97.9,88.6,0.4239669696182924
2019,HOU,2,0.05,0.415,363.26,0.791,0.519,97.9,88.6,0.4021348350497359
2019,HOU,3,0.025,0.452,181.63,0.791,0.519,97.9,88.6,0.3733205843822495
2019,HOU,4,0.125598,0.372,912.4945895999998,0.791,0.519,97.9,88.6,0.3987502725293703
2019,HOU,5,0.393402,0.3508918205804749,2858.1442104,0.791,0.519,97.9,88.6,0.3542612927877491
2019,IND,0,0.3113113113113113,0.651,2261.738938938938,0.752,0.292,98.1,88.6,0.634797910393558
2019,IND,1,0.1581581581581581,0.407,1149.0506506506506,0.752,0.292,98.1,88.6,0.3938228450611011
2019,IND,2,0.086086086086086,0.416,625.4326326326325,0.752,0.292,98.1,88.6,0.3974266319098369
2019,IND,3,0.1521521521521521,0.414,1105.4158158158157,0.752,0.292,98.1,88.6,0.4010429080395425
2019,IND,4,0.0669349349349349,0.432,486.29568928928927,0.752,0.292,98.1,88.6,0.38058001188328
2019,IND,5,0.2253573573573573,0.3567730220492866,1637.2662726726724,0.752,0.292,98.1,88.6,0.3468474350727513
2019,LAC,0,0.312,0.638,2184.873600000001,0.792,0.295,101.7,85.4,0.642909548246021
2019,LAC,1,0.182,0.397,1274.5096000000003,0.792,0.295,101.7,85.4,0.4115909971937168
2019,LAC,2,0.113,0.426,791.3164000000002,0.792,0.295,101.7,85.4,0.4249318952964783
2019,LAC,3,0.098,0.385,686.2744000000002,0.792,0.295,101.7,85.4,0.3951682458454835
2019,LAC,4,0.0619499999999999,0.409,433.8234599999994,0.792,0.295,101.7,85.4,0.3914784258501429
2019,LAC,5,0.23305,0.3824177215189873,1632.0025400000004,0.792,0.295,101.7,85.4,0.3525124487373242
2019,LAL,0,0.345,0.677,2469.717,0.699,0.342,103.2,87.3,0.6361576258519843
2019,LAL,1,0.155,0.387,1109.583,0.699,0.342,103.2,87.3,0.3936368793589654
2019,LAL,2,0.078,0.372,558.3708,0.699,0.342,103.2,87.3,0.3928092219778701
2019,LAL,3,0.08,0.419,572.6880000000001,0.699,0.342,103.2,87.3,0.3832162916607714
2019,LAL,4,0.071136,0.348,509.2341696000001,0.699,0.342,103.2,87.3,0.3789824380548344
2019,LAL,5,0.270864,0.329060606060606,1939.0070304000003,0.699,0.342,103.2,87.3,0.3323420775546217
2019,MEM,0,0.278,0.643,1971.854,0.772,0.342,96.6,86.5,0.6560724558335125
2019,MEM,1,0.184,0.419,1305.112,0.772,0.342,96.6,86.5,0.4148560242908238
2019,MEM,2,0.101,0.39,716.3930000000001,0.772,0.342,96.6,86.5,0.4183164679806895
2019,MEM,3,0.095,0.393,673.8349999999999,0.772,0.342,96.6,86.5,0.39686424016129
2019,MEM,4,0.079344,0.359,562.7869919999999,0.772,0.342,96.6,86.5,0.382988623089378
2019,MEM,5,0.262656,0.3368645833333334,1863.019008,0.772,0.342,96.6,86.5,0.3444858007630559
2019,MIA,0,0.291,0.637,2133.2628000000004,0.695,0.368,98.2,89.4,0.6411048094868573
2019,MIA,1,0.175,0.427,1282.8900000000003,0.695,0.368,98.2,89.4,0.4009872129457796
2019,MIA,2,0.102,0.375,747.7416000000002,0.695,0.368,98.2,89.4,0.4089599084510967
2019,MIA,3,0.064,0.364,469.1712000000001,0.695,0.368,98.2,89.4,0.376225010563405
2019,MIA,4,0.094208,0.375,690.6200064000002,0.695,0.368,98.2,89.4,0.3635446300346631
2019,MIA,5,0.273792,0.3400537634408602,2007.1143936000003,0.695,0.368,98.2,89.4,0.3310842849052543
2019,MIL,0,0.34,0.698,2447.864,0.773,0.419,103.3,87.8,0.6526591041825123
2019,MIL,1,0.122,0.346,878.3512,0.773,0.419,103.3,87.8,0.3979702900196422
2019,MIL,2,0.066,0.424,475.1736,0.773,0.419,103.3,87.8,0.4011488822366478
2019,MIL,3,0.053,0.389,381.5788,0.773,0.419,103.3,87.8,0.3874403613836471
2019,MIL,4,0.081705,0.386,588.243318,0.773,0.419,103.3,87.8,0.3893189602465003
2019,MIL,5,0.3372949999999999,0.3450062111801242,2428.3890819999992,0.773,0.419,103.3,87.8,0.3400713784310837
2019,MIN,0,0.2882882882882883,0.66,2137.0234234234235,0.787,0.315,100.2,90.4,0.6534955912435336
2019,MIN,1,0.1761761761761761,0.391,1305.958758758759,0.787,0.315,100.2,90.4,0.4128926796461941
2019,MIN,2,0.0990990990990991,0.395,734.6018018018019,0.787,0.315,100.2,90.4,0.4183221091703762
2019,MIN,3,0.1211211211211211,0.388,897.8466466466466,0.787,0.315,100.2,90.4,0.4046674997609319
2019,MIN,4,0.0677927927927927,0.387,502.5344144144143,0.787,0.315,100.2,90.4,0.3920647410399984
2019,MIN,5,0.2475225225225225,0.341140127388535,1834.834954954955,0.787,0.315,100.2,90.4,0.3510862117372807
2019,NOP,0,0.315,0.674,2298.87,0.761,0.324,103.3,89.0,0.6421687338989013
2019,NOP,1,0.199,0.423,1452.302,0.761,0.324,103.3,89.0,0.4192581931764915
2019,NOP,2,0.094,0.447,686.012,0.761,0.324,103.3,89.0,0.4108381610158232
2019,NOP,3,0.068,0.344,496.26400000000007,0.761,0.324,103.3,89.0,0.3856463602101432
2019,NOP,4,0.066744,0.351,487.097712,0.761,0.324,103.3,89.0,0.3887272647136001
2019,NOP,5,0.257256,0.342183879093199,1877.454288,0.761,0.324,103.3,89.0,0.3436853405529982
2019,NYK,0,0.3113113113113113,0.603,2251.527927927928,0.759,0.334,99.6,88.2,0.6454130440523865
2019,NYK,1,0.1291291291291291,0.345,933.9135135135132,0.759,0.334,99.6,88.2,0.393059228808436
2019,NYK,2,0.103103103103103,0.386,745.6828828828828,0.759,0.334,99.6,88.2,0.4198024407521517
2019,NYK,3,0.1221221221221221,0.385,883.236036036036,0.759,0.334,99.6,88.2,0.4035546211178843
2019,NYK,4,0.0554994994994994,0.342,401.3945801801802,0.759,0.334,99.6,88.2,0.3962419551238312
2019,NYK,5,0.2788348348348348,0.3396019184652278,2016.64505945946,0.759,0.334,99.6,88.2,0.3398325810903634
2019,OKC,0,0.339,0.637,2518.4988,0.713,0.347,102.8,90.6,0.6420493273835755
2019,OKC,1,0.132,0.362,980.6544,0.713,0.347,102.8,90.6,0.3918174680798172
2019,OKC,2,0.102,0.372,757.7783999999999,0.713,0.347,102.8,90.6,0.4165665191062205
2019,OKC,3,0.08,0.393,594.3359999999999,0.713,0.347,102.8,90.6,0.390378096329875
2019,OKC,4,0.088832,0.376,659.9506944,0.713,0.347,102.8,90.6,0.3741741277327986
2019,OKC,5,0.2581679999999999,0.3383655913978494,1917.981705599999,0.713,0.347,102.8,90.6,0.3435154058699359
2019,ORL,0,0.2462462462462462,0.674,1825.3741741741744,0.782,0.36,98.1,90.4,0.6733668241753766
2019,ORL,1,0.1611611611611612,0.422,1194.6554554554557,0.782,0.36,98.1,90.4,0.4101290595570753
2019,ORL,2,0.1041041041041041,0.384,771.702902902903,0.782,0.36,98.1,90.4,0.425078623676677
2019,ORL,3,0.1281281281281281,0.401,949.7881881881884,0.782,0.36,98.1,90.4,0.4097162022593694
2019,ORL,4,0.0688288288288288,0.38,510.2143423423424,0.782,0.36,98.1,90.4,0.3945952957540138
2019,ORL,5,0.2915315315315314,0.3503337453646477,2161.064936936936,0.782,0.36,98.1,90.4,0.3416539456189501
2019,PHI,0,0.2852852852852853,0.696,2016.5105105105108,0.771,0.342,101.6,86.2,0.6558021917885754
2019,PHI,1,0.1661661661661662,0.401,1174.5289289289292,0.771,0.342,101.6,86.2,0.4100946992787909
2019,PHI,2,0.1051051051051051,0.401,742.9249249249249,0.771,0.342,101.6,86.2,0.4238525665773025
2019,PHI,3,0.1011011011011011,0.401,714.623023023023,0.771,0.342,101.6,86.2,0.4008357310323084
2019,PHI,4,0.0609369369369369,0.367,430.7266450450451,0.771,0.342,101.6,86.2,0.3968872658815895
2019,PHI,5,0.2814054054054054,0.3572676399026763,1989.085967567568,0.771,0.342,101.6,86.2,0.3417983141350259
2019,PHO,0,0.3006993006993007,0.656,2120.531468531469,0.779,0.335,100.5,86.0,0.651247617450531
2019,PHO,1,0.1578421578421578,0.407,1113.1028971028973,0.779,0.335,100.5,86.0,0.4075365788049025
2019,PHO,2,0.1138861138861139,0.44,803.1248751248753,0.779,0.335,100.5,86.0,0.431207379958283
2019,PHO,3,0.0929070929070929,0.4,655.1808191808192,0.779,0.335,100.5,86.0,0.3995551553019872
2019,PHO,4,0.0783116883116883,0.339,552.254025974026,0.779,0.335,100.5,86.0,0.3869002483020229
2019,PHO,5,0.2563536463536464,0.3259451697127937,1807.8059140859143,0.779,0.335,100.5,86.0,0.3497948991241061
2019,POR,0,0.329,0.621,2444.2068,0.814,0.339,99.1,90.6,0.6552667932327972
2019,POR,1,0.133,0.404,988.0836,0.814,0.339,99.1,90.6,0.4062887394139479
2019,POR,2,0.09,0.454,668.628,0.814,0.339,99.1,90.6,0.4223227117631868
2019,POR,3,0.109,0.428,809.7828,0.814,0.339,99.1,90.6,0.4117811237729029
2019,POR,4,0.051189,0.366,380.2933188,0.814,0.339,99.1,90.6,0.4086139845548879
2019,POR,5,0.287811,0.3577550058892815,2138.2054812,0.814,0.339,99.1,90.6,0.349455500439672
2019,SAC,0,0.2775551102204409,0.674,2050.632665330661,0.726,0.321,103.1,90.1,0.6519964730604584
2019,SAC,1,0.1993987975951903,0.375,1473.1981963927856,0.726,0.321,103.1,90.1,0.41781243602021
2019,SAC,2,0.0971943887775551,0.404,718.0915831663326,0.726,0.321,103.1,90.1,0.4113902661113458
2019,SAC,3,0.1042084168336673,0.395,769.9126252505009,0.726,0.321,103.1,90.1,0.3947668585359338
2019,SAC,4,0.0643286573146292,0.39,475.2729859719438,0.726,0.321,103.1,90.1,0.388430538677768
2019,SAC,5,0.257314629258517,0.3749999999999999,1901.0919438877752,0.726,0.321,103.1,90.1,0.3420212230496159
2019,SAS,0,0.214,0.68,1568.7912,0.819,0.286,98.3,89.4,0.681745717476806
2019,SAS,1,0.179,0.457,1312.2132000000004,0.819,0.286,98.3,89.4,0.4136870730692701
2019,SAS,2,0.156,0.436,1143.6048000000003,0.819,0.286,98.3,89.4,0.4527721480497886
2019,SAS,3,0.165,0.431,1209.5820000000003,0.819,0.286,98.3,89.4,0.4158865623213162
2019,SAS,4,0.0560559999999999,0.456,410.9353247999993,0.819,0.286,98.3,89.4,0.3970924314736938
2019,SAS,5,0.2299439999999999,0.3763980099502487,1685.6734751999995,0.819,0.286,98.3,89.4,0.3569480167289542
2019,TOR,0,0.279,0.659,2015.5518,0.804,0.379,100.2,88.1,0.6689405252977918
2019,TOR,1,0.169,0.452,1220.8898,0.804,0.379,100.2,88.1,0.4219197222838157
2019,TOR,2,0.09,0.431,650.178,0.804,0.379,100.2,88.1,0.4239921615113048
2019,TOR,3,0.083,0.432,599.6085999999999,0.804,0.379,100.2,88.1,0.4070223042600094
2019,TOR,4,0.104604,0.425,755.6802167999999,0.804,0.379,100.2,88.1,0.383341241940723
2019,TOR,5,0.274396,0.3435082872928177,1982.2915832,0.804,0.379,100.2,88.1,0.3542587807997411
2019,UTA,0,0.3153153153153153,0.684,2218.4324324324325,0.736,0.394,100.3,85.8,0.6499390234524661
2019,UTA,1,0.1531531531531531,0.369,1077.5243243243244,0.736,0.394,100.3,85.8,0.4077750235267148
2019,UTA,2,0.073073073073073,0.398,514.1129129129129,0.736,0.394,100.3,85.8,0.4040201360020282
2019,UTA,3,0.064064064064064,0.412,450.7291291291292,0.736,0.394,100.3,85.8,0.3915434221152438
2019,UTA,4,0.1092472472472472,0.374,768.6199327327328,0.736,0.394,100.3,85.8,0.3750099309152818
2019,UTA,5,0.2851471471471472,0.349103734439834,2006.1812684684687,0.736,0.394,100.3,85.8,0.3436279581358096
2019,WAS,0,0.306,0.698,2203.0776,0.768,0.37,101.4,87.8,0.6514601591225251
2019,WAS,1,0.137,0.403,986.3452,0.768,0.37,101.4,87.8,0.4011411934476357
2019,WAS,2,0.086,0.386,619.1655999999999,0.768,0.37,101.4,87.8,0.4128417112211457
2019,WAS,3,0.101,0.393,727.1596000000001,0.768,0.37,101.4,87.8,0.4030934022526433
2019,WAS,4,0.0788099999999999,0.36,567.4004759999992,0.768,0.37,101.4,87.8,0.3881914952710693
2019,WAS,5,0.29119,0.3358576874205844,2096.451524,0.768,0.37,101.4,87.8,0.3420327333409925
2018,ATL,0,0.279,0.635,1990.386,0.785,0.363,98.3,87.0,0.6607776297420767
2018,ATL,1,0.131,0.351,934.554,0.785,0.363,98.3,87.0,0.3989708888706735
2018,ATL,2,0.105,0.399,749.0699999999999,0.785,0.363,98.3,87.0,0.4263267201183505
2018,ATL,3,0.122,0.411,870.348,0.785,0.363,98.3,87.0,0.4086516330095592
2018,ATL,4,0.088209,0.426,629.2830059999999,0.785,0.363,98.3,87.0,0.382127366553165
2018,ATL,5,0.274791,0.3388137384412153,1960.358994,0.785,0.363,98.3,87.0,0.3459909215759759
2018,BOS,0,0.259,0.628,1868.944,0.771,0.357,96.0,88.0,0.6645562914020915
2018,BOS,1,0.158,0.364,1140.128,0.771,0.357,96.0,88.0,0.4052141377953154
2018,BOS,2,0.106,0.419,764.896,0.771,0.357,96.0,88.0,0.4227793827347327
2018,BOS,3,0.12,0.426,865.9199999999998,0.771,0.357,96.0,88.0,0.4038265606278957
2018,BOS,4,0.076041,0.408,548.711856,0.771,0.357,96.0,88.0,0.3861003032330988
2018,BOS,5,0.280959,0.3686099110546378,2027.400144,0.771,0.357,96.0,88.0,0.3401612728073873
2018,BRK,0,0.2690000000000001,0.643,1919.0460000000005,0.772,0.411,98.9,87.0,0.6667406363608347
2018,BRK,1,0.175,0.379,1248.45,0.772,0.411,98.9,87.0,0.4181048702134553
2018,BRK,2,0.083,0.4,592.1220000000002,0.772,0.411,98.9,87.0,0.4129982559337483
2018,BRK,3,0.062,0.354,442.3080000000001,0.772,0.411,98.9,87.0,0.3922672660244506
2018,BRK,4,0.082611,0.376,589.3468740000002,0.772,0.411,98.9,87.0,0.3877655893106934
2018,BRK,5,0.3283889999999999,0.3509687108886108,2342.727126,0.772,0.411,98.9,87.0,0.3396956363203659
2018,CHI,0,0.2542542542542542,0.624,1868.0568568568567,0.759,0.35,98.3,89.6,0.6658325713320992
2018,CHI,1,0.1651651651651651,0.39,1213.5015015015017,0.759,0.35,98.3,89.6,0.4073289271418926
2018,CHI,2,0.095095095095095,0.388,698.6826826826825,0.759,0.35,98.3,89.6,0.4143674677351999
2018,CHI,3,0.1351351351351351,0.377,992.8648648648648,0.759,0.35,98.3,89.6,0.4072815181184965
2018,CHI,4,0.0644644644644644,0.372,473.6333133133132,0.759,0.35,98.3,89.6,0.392782291895574
2018,CHI,5,0.2858858858858858,0.3511666666666666,2100.4607807807806,0.759,0.35,98.3,89.6,0.3384305287295606
2018,CHO,0,0.2732732732732733,0.642,1962.976576576577,0.747,0.314,98.4,87.6,0.6523918275601963
2018,CHO,1,0.1601601601601602,0.38,1150.4624624624626,0.747,0.314,98.4,87.6,0.3996576372411424
2018,CHO,2,0.1141141141141141,0.408,819.7045045045046,0.747,0.314,98.4,87.6,0.4226208061645158
2018,CHO,3,0.1381381381381381,0.37,992.273873873874,0.747,0.314,98.4,87.6,0.4023552400036251
2018,CHO,4,0.0484044044044043,0.369,347.698517717717,0.747,0.314,98.4,87.6,0.3914947468300312
2018,CHO,5,0.2659099099099099,0.369,1910.084064864865,0.747,0.314,98.4,87.6,0.337876349841859
2018,CLE,0,0.297,0.706,2101.7501999999995,0.779,0.379,98.0,86.3,0.6539422072899808
2018,CLE,1,0.113,0.368,799.6557999999999,0.779,0.379,98.0,86.3,0.390549862325012
2018,CLE,2,0.092,0.413,651.0472,0.779,0.379,98.0,86.3,0.4168496639722872
2018,CLE,3,0.119,0.387,842.1153999999999,0.779,0.379,98.0,86.3,0.4075192246701855
2018,CLE,4,0.095508,0.417,675.8719128,0.779,0.379,98.0,86.3,0.3777517036316526
2018,CLE,5,0.283492,0.3568395721925133,2006.1594872,0.779,0.379,98.0,86.3,0.3435412158240605
2018,DAL,0,0.241,0.652,1762.7704,0.763,0.382,95.6,89.2,0.6728161076608072
2018,DAL,1,0.135,0.4,987.4440000000002,0.763,0.382,95.6,89.2,0.3974158224290037
2018,DAL,2,0.105,0.385,768.012,0.763,0.382,95.6,89.2,0.4231338359446195
2018,DAL,3,0.137,0.405,1002.0728,0.763,0.382,95.6,89.2,0.4095263485794478
2018,DAL,4,0.064558,0.416,472.2030352000001,0.763,0.382,95.6,89.2,0.394468381202081
2018,DAL,5,0.317442,0.3486113116726835,2321.8977648,0.763,0.382,95.6,89.2,0.3354675701050398
2018,DEN,0,0.2750000000000001,0.664,1997.9300000000003,0.767,0.357,96.8,88.6,0.6577159837836363
2018,DEN,1,0.204,0.424,1482.1008000000004,0.767,0.357,96.8,88.6,0.424838928001896
2018,DEN,2,0.09,0.441,653.868,0.767,0.357,96.8,88.6,0.4111745746021617
2018,DEN,3,0.074,0.391,537.6248,0.767,0.357,96.8,88.6,0.3912075750643096
2018,DEN,4,0.059619,0.417,433.14395880000006,0.767,0.357,96.8,88.6,0.395341764538309
2018,DEN,5,0.2973809999999999,0.3617779111644658,2160.5324411999995,0.767,0.357,96.8,88.6,0.3365663699734399
2018,DET,0,0.2597402597402597,0.657,1912.6233766233768,0.745,0.333,96.2,89.8,0.6599082881698758
2018,DET,1,0.1848151848151848,0.346,1360.905094905095,0.745,0.333,96.2,89.8,0.411672393865637
2018,DET,2,0.1068931068931069,0.433,787.118081918082,0.745,0.333,96.2,89.8,0.4191021471497767
2018,DET,3,0.1158841158841159,0.388,853.3242757242758,0.745,0.333,96.2,89.8,0.3983974770676813
2018,DET,4,0.0755154845154845,0.392,556.0658217782218,0.745,0.333,96.2,89.8,0.3821153397279325
2018,DET,5,0.2571518481518481,0.3674204398447606,1893.563349050949,0.745,0.333,96.2,89.8,0.3427883111155909
2018,GSW,0,0.267,0.708,1867.5582,0.815,0.339,99.6,85.3,0.6723255161780745
2018,GSW,1,0.111,0.424,776.4005999999999,0.815,0.339,99.6,85.3,0.396612244367074
2018,GSW,2,0.139,0.485,972.2494,0.815,0.339,99.6,85.3,0.4575016121692077
2018,GSW,3,0.144,0.463,1007.2224,0.815,0.339,99.6,85.3,0.421336686853232
2018,GSW,4,0.053562,0.405,374.6447652,0.815,0.339,99.6,85.3,0.4085205007189715
2018,GSW,5,0.285438,0.3883729216152019,1996.5246348000005,0.815,0.339,99.6,85.3,0.3501718568463569
2018,HOU,0,0.288,0.669,2030.9760000000003,0.781,0.502,97.6,86.0,0.6723059815393657
2018,HOU,1,0.104,0.369,733.408,0.781,0.502,97.6,86.0,0.4011984579369742
2018,HOU,2,0.062,0.454,437.2240000000001,0.781,0.502,97.6,86.0,0.4097583241430111
2018,HOU,3,0.044,0.43,310.288,0.781,0.502,97.6,86.0,0.3920132979644579
2018,HOU,4,0.114456,0.4,807.1437120000002,0.781,0.502,97.6,86.0,0.3904488267484778
2018,HOU,5,0.387544,0.3507772020725388,2732.9602880000007,0.781,0.502,97.6,86.0,0.3501260856788777
2018,IND,0,0.293,0.638,2152.7296,0.779,0.284,96.0,89.6,0.6390445466639392
2018,IND,1,0.136,0.42,999.2192000000002,0.779,0.284,96.0,89.6,0.384467196537226
2018,IND,2,0.096,0.449,705.3312000000001,0.779,0.284,96.0,89.6,0.4033738552224596
2018,IND,3,0.191,0.422,1403.3152000000005,0.779,0.284,96.0,89.6,0.4087041120500512
2018,IND,4,0.0624799999999999,0.425,459.0530559999993,0.779,0.284,96.0,89.6,0.3821792622322529
2018,IND,5,0.22152,0.3532051282051281,1627.5517440000003,0.779,0.284,96.0,89.6,0.3472496528718136
2018,LAC,0,0.3473473473473473,0.659,2460.886486486487,0.743,0.314,98.7,86.4,0.6410988989990014
2018,LAC,1,0.1641641641641641,0.378,1163.0702702702704,0.743,0.314,98.7,86.4,0.4014160370579583
2018,LAC,2,0.0830830830830831,0.424,588.6270270270272,0.743,0.314,98.7,86.4,0.4006572807701841
2018,LAC,3,0.091091091091091,0.378,645.3621621621622,0.743,0.314,98.7,86.4,0.3905682692705348
2018,LAC,4,0.0688348348348348,0.338,487.681037837838,0.743,0.314,98.7,86.4,0.384723109803038
2018,LAC,5,0.2454794794794795,0.3584865556978232,1739.1730162162166,0.743,0.314,98.7,86.4,0.3451189193087846
2018,LAL,0,0.321,0.67,2292.6462,0.714,0.329,100.3,87.1,0.6406644393575978
2018,LAL,1,0.168,0.39,1199.8896,0.714,0.329,100.3,87.1,0.4049164533484115
2018,LAL,2,0.086,0.354,614.2291999999999,0.714,0.329,100.3,87.1,0.4046655627717082
2018,LAL,3,0.096,0.378,685.6511999999999,0.714,0.329,100.3,87.1,0.3937529471013639
2018,LAL,4,0.052311,0.372,373.6156242,0.714,0.329,100.3,87.1,0.3935535134843446
2018,LAL,5,0.276689,0.3398953626634958,1976.1681758,0.714,0.329,100.3,87.1,0.3370506543587835
2018,MEM,0,0.312,0.62,2228.3664,0.786,0.317,94.9,87.1,0.6439261490725156
2018,MEM,1,0.139,0.352,992.7658,0.786,0.317,94.9,87.1,0.3957247720422433
2018,MEM,2,0.1,0.372,714.2199999999999,0.786,0.317,94.9,87.1,0.4162249303045409
2018,MEM,3,0.132,0.398,942.7704,0.786,0.317,94.9,87.1,0.4048734567916601
2018,MEM,4,0.059913,0.35,427.9106286,0.786,0.317,94.9,87.1,0.3933948434609514
2018,MEM,5,0.257087,0.3524660912453761,1836.1667714,0.786,0.317,94.9,87.1,0.3449706509936801
2018,MIA,0,0.28,0.657,2022.776,0.755,0.358,95.6,88.1,0.6548666219595362
2018,MIA,1,0.163,0.416,1177.5446,0.755,0.358,95.6,88.1,0.405903423098351
2018,MIA,2,0.095,0.383,686.299,0.755,0.358,95.6,88.1,0.4137134142642004
2018,MIA,3,0.104,0.366,751.3167999999998,0.755,0.358,95.6,88.1,0.3985524115908381
2018,MIA,4,0.091648,0.388,662.0834815999998,0.755,0.358,95.6,88.1,0.3745639248074847
2018,MIA,5,0.266352,0.3503655913978495,1924.1801184,0.755,0.358,95.6,88.1,0.3428955313589382
2018,MIL,0,0.31,0.685,2175.952,0.783,0.297,96.3,85.6,0.6385612870765507
2018,MIL,1,0.152,0.373,1066.9183999999998,0.783,0.297,96.3,85.6,0.3949745928952434
2018,MIL,2,0.114,0.463,800.1888,0.783,0.297,96.3,85.6,0.4209559551732917
2018,MIL,3,0.127,0.406,891.4384,0.783,0.297,96.3,85.6,0.397745997442836
2018,MIL,4,0.078111,0.405,548.2767312,0.783,0.297,96.3,85.6,0.3767006957423073
2018,MIL,5,0.218889,0.3371573948439619,1536.4256687999998,0.783,0.297,96.3,85.6,0.3523259666858966
2018,MIN,0,0.264,0.69,1931.0016000000005,0.804,0.261,96.0,89.2,0.6505681704526904
2018,MIN,1,0.196,0.433,1433.6224,0.804,0.261,96.0,89.2,0.4092379876083243
2018,MIN,2,0.129,0.432,943.5576,0.804,0.261,96.0,89.2,0.4282163579661466
2018,MIN,3,0.15,0.403,1097.16,0.804,0.261,96.0,89.2,0.39996501432028
2018,MIN,4,0.058986,0.403,431.44719839999993,0.804,0.261,96.0,89.2,0.3839880616596096
2018,MIN,5,0.202014,0.3435684754521964,1477.6112016,0.804,0.261,96.0,89.2,0.3522515189823393
2018,NOP,0,0.2947052947052947,0.667,2092.761238761239,0.772,0.319,100.5,86.6,0.6488080742585582
2018,NOP,1,0.1788211788211788,0.475,1269.8449550449552,0.772,0.319,100.5,86.6,0.4115300350750473
2018,NOP,2,0.0989010989010989,0.441,702.3164835164835,0.772,0.319,100.5,86.6,0.4157226447112437
2018,NOP,3,0.1088911088911089,0.396,773.2575424575425,0.772,0.319,100.5,86.6,0.3990501946546271
2018,NOP,4,0.0742527472527472,0.399,527.2836087912088,0.772,0.319,100.5,86.6,0.3854147954052032
2018,NOP,5,0.2444285714285714,0.3507601043024771,1735.7361714285714,0.772,0.319,100.5,86.6,0.3497425753521456
2018,NYK,0,0.2782782782782783,0.656,2051.411811811812,0.787,0.266,96.8,89.9,0.6417010787583983
2018,NYK,1,0.1561561561561561,0.398,1151.1519519519518,0.787,0.266,96.8,89.9,0.3894437006185041
2018,NYK,2,0.1401401401401401,0.442,1033.0850850850852,0.787,0.266,96.8,89.9,0.4320395826925388
2018,NYK,3,0.1591591591591591,0.399,1173.2894894894896,0.787,0.266,96.8,89.9,0.3992225507098789
2018,NYK,4,0.0516556556556556,0.406,380.7951623623624,0.787,0.266,96.8,89.9,0.3827157026669134
2018,NYK,5,0.2146106106106106,0.3390024813895781,1582.0664992992995,0.787,0.266,96.8,89.9,0.346402889623027
2018,OKC,0,0.3153153153153153,0.639,2337.36936936937,0.716,0.345,96.7,90.4,0.6411805281555099
2018,OKC,1,0.0960960960960961,0.367,712.3411411411413,0.716,0.345,96.7,90.4,0.3731081004836517
2018,OKC,2,0.1051051051051051,0.404,779.1231231231233,0.716,0.345,96.7,90.4,0.4177576958019781
2018,OKC,3,0.1381381381381381,0.375,1023.9903903903906,0.716,0.345,96.7,90.4,0.404382317147775
2018,OKC,4,0.0825375375375374,0.372,611.8342582582577,0.716,0.345,96.7,90.4,0.3772249582066317
2018,OKC,5,0.2628078078078078,0.34834691195795,1948.141717717718,0.716,0.345,96.7,90.4,0.3408899577809342
2018,ORL,0,0.2587412587412587,0.688,1854.346853146853,0.757,0.342,98.1,87.4,0.6628721322113921
2018,ORL,1,0.1798201798201797,0.398,1288.7352647352643,0.757,0.342,98.1,87.4,0.4120789008680418
2018,ORL,2,0.1078921078921078,0.347,773.2411588411588,0.757,0.342,98.1,87.4,0.4224187832414283
2018,ORL,3,0.1118881118881118,0.403,801.8797202797202,0.757,0.342,98.1,87.4,0.3999311675875179
2018,ORL,4,0.0608151848151848,0.374,435.85026653346654,0.757,0.342,98.1,87.4,0.3934112309869227
2018,ORL,5,0.2808431568431568,0.3460194647201946,2012.7467364635363,0.757,0.342,98.1,87.4,0.3383997028411342
2018,PHI,0,0.272,0.702,1924.8352,0.752,0.344,99.8,86.3,0.6590383445300187
2018,PHI,1,0.168,0.401,1188.8688,0.752,0.344,99.8,86.3,0.4088212762438907
2018,PHI,2,0.109,0.383,771.3494,0.752,0.344,99.8,86.3,0.4248031514511289
2018,PHI,3,0.107,0.421,757.1962,0.752,0.344,99.8,86.3,0.4002522342286509
2018,PHI,4,0.051944,0.397,367.5869104,0.752,0.344,99.8,86.3,0.3975036384180593
2018,PHI,5,0.292056,0.3640200235571261,2066.7634896,0.752,0.344,99.8,86.3,0.3376005373983428
2018,PHO,0,0.313,0.618,2225.2422,0.741,0.32,100.3,86.7,0.6422520764324895
2018,PHO,1,0.145,0.387,1030.863,0.741,0.32,100.3,86.7,0.3965780873832042
2018,PHO,2,0.115,0.399,817.5810000000001,0.741,0.32,100.3,86.7,0.42601375894875
2018,PHO,3,0.107,0.369,760.7058,0.741,0.32,100.3,86.7,0.3968255339669986
2018,PHO,4,0.06688,0.366,475.476672,0.741,0.32,100.3,86.7,0.3883879647701097
2018,PHO,5,0.25312,0.3255448798988622,1799.5313280000005,0.741,0.32,100.3,86.7,0.344867261439918
2018,POR,0,0.283,0.609,2083.8988000000004,0.8,0.324,96.5,89.8,0.6572648354413736
2018,POR,1,0.155,0.383,1141.3580000000002,0.8,0.324,96.5,89.8,0.406409241413922
2018,POR,2,0.111,0.434,817.3596,0.8,0.324,96.5,89.8,0.4289261444260622
2018,POR,3,0.127,0.418,935.1772000000002,0.8,0.324,96.5,89.8,0.4080399267685837
2018,POR,4,0.0567,0.386,417.51612,0.8,0.324,96.5,89.8,0.3990756046679782
2018,POR,5,0.2673,0.3617575757575758,1968.29028,0.8,0.324,96.5,89.8,0.3461661549931801
2018,SAC,0,0.2422422422422422,0.642,1795.6932932932937,0.735,0.278,94.9,90.4,0.6546477605111019
2018,SAC,1,0.2052052052052052,0.395,1521.1451451451453,0.735,0.278,94.9,90.4,0.4092382424757311
2018,SAC,2,0.1151151151151151,0.385,853.3253253253255,0.735,0.278,94.9,90.4,0.4131948253669667
2018,SAC,3,0.1591591591591591,0.407,1179.8150150150152,0.735,0.278,94.9,90.4,0.3977069601688094
2018,SAC,4,0.0556556556556556,0.409,412.5642442442443,0.735,0.278,94.9,90.4,0.3804531532546408
2018,SAC,5,0.2226226226226226,0.3665,1650.2569769769773,0.735,0.278,94.9,90.4,0.3425784147767634
2018,SAS,0,0.2612612612612612,0.66,1919.5387387387384,0.772,0.282,95.0,89.6,0.6499919465945583
2018,SAS,1,0.1691691691691692,0.406,1242.9197197197198,0.772,0.282,95.0,89.6,0.395880655690413
2018,SAS,2,0.1431431431431431,0.416,1051.701301301301,0.772,0.282,95.0,89.6,0.4349613493162484
2018,SAS,3,0.1441441441441441,0.4,1059.0558558558555,0.772,0.282,95.0,89.6,0.3967152579605228
2018,SAS,4,0.0663363363363363,0.4,487.3863303303302,0.772,0.282,95.0,89.6,0.3787295308718593
2018,SAS,5,0.2159459459459458,0.3372549019607843,1586.5980540540531,0.772,0.282,95.0,89.6,0.3474628203981301
2018,TOR,0,0.291,0.681,2126.1042,0.794,0.377,97.4,89.1,0.6587819578707507
2018,TOR,1,0.16,0.414,1168.9920000000002,0.794,0.377,97.4,89.1,0.4127740485748288
2018,TOR,2,0.098,0.428,716.0076000000001,0.794,0.377,97.4,89.1,0.4238067432646539
2018,TOR,3,0.074,0.419,540.6588,0.794,0.377,97.4,89.1,0.3983657424025408
2018,TOR,4,0.091611,0.396,669.3282882000001,0.794,0.377,97.4,89.1,0.3826061018601684
2018,TOR,5,0.285389,0.3458018494055482,2085.1091118000004,0.794,0.377,97.4,89.1,0.3459683649307783
2018,UTA,0,0.284,0.674,2009.7544000000005,0.779,0.357,95.7,86.3,0.6559455625882409
2018,UTA,1,0.151,0.37,1068.5666,0.779,0.357,95.7,86.3,0.4039501846213796
2018,UTA,2,0.1,0.398,707.6600000000001,0.779,0.357,95.7,86.3,0.4198126615542108
2018,UTA,3,0.108,0.408,764.2728000000001,0.779,0.357,95.7,86.3,0.4021459281942925
2018,UTA,4,0.095676,0.418,677.0607816,0.779,0.357,95.7,86.3,0.3751155239535874
2018,UTA,5,0.261324,0.3469617486338797,1849.2854184000005,0.779,0.357,95.7,86.3,0.3471287567257587
2018,WAS,0,0.243,0.673,1749.5028,0.772,0.31,96.6,87.8,0.6642345322937898
2018,WAS,1,0.159,0.418,1144.7364,0.772,0.31,96.6,87.8,0.3988942614626201
2018,WAS,2,0.139,0.436,1000.7444,0.772,0.31,96.6,87.8,0.4397898289408956
2018,WAS,3,0.149,0.405,1072.7404,0.772,0.31,96.6,87.8,0.4049628404664755
2018,WAS,4,0.05952,0.376,428.520192,0.772,0.31,96.6,87.8,0.3890417767088068
2018,WAS,5,0.25048,0.3747623762376237,1803.355808,0.772,0.31,96.6,87.8,0.3427800417557752
2017,WAS,0,0.3006012024048096,0.629,2183.927855711423,0.784,0.284,97.4,88.6,0.6368091847001274
2017,WAS,1,0.1372745490981964,0.429,997.3270541082164,0.784,0.284,97.4,88.6,0.3851442402582679
2017,WAS,2,0.1082164328657314,0.426,786.2140280561122,0.784,0.284,97.4,88.6,0.4123698824884371
2017,WAS,3,0.1693386773547094,0.442,1230.2793587174351,0.784,0.284,97.4,88.6,0.4046514999138256
2017,WAS,4,0.0722805611222443,0.351,525.1327326653299,0.784,0.284,97.4,88.6,0.37657901882188
2017,WAS,5,0.2122885771543085,0.3791501340482573,1542.3189707414822,0.784,0.284,97.4,88.6,0.3499832828515533
2017,UTA,0,0.2972972972972973,0.651,2108.72972972973,0.747,0.327,91.6,86.5,0.6410507758122164
2017,UTA,1,0.1521521521521521,0.413,1079.2152152152153,0.747,0.327,91.6,86.5,0.3941487729829205
2017,UTA,2,0.1051051051051051,0.427,745.5105105105106,0.747,0.327,91.6,86.5,0.4132706478717365
2017,UTA,3,0.1181181181181181,0.363,837.8118118118119,0.747,0.327,91.6,86.5,0.3944890745865888
2017,UTA,4,0.0916516516516516,0.385,650.0851651651652,0.747,0.327,91.6,86.5,0.3669456413483097
2017,UTA,5,0.2356756756756757,0.3669444444444444,1671.647567567568,0.747,0.327,91.6,86.5,0.3459572348439907
2017,TOR,0,0.2537462537462537,0.631,1843.5172827172828,0.796,0.289,94.7,88.6,0.6588669450319176
2017,TOR,1,0.1848151848151848,0.45,1342.7192807192807,0.796,0.289,94.7,88.6,0.4082157666622751
2017,TOR,2,0.1198801198801198,0.449,870.953046953047,0.796,0.289,94.7,88.6,0.4256538746523168
2017,TOR,3,0.1528471528471528,0.407,1110.4651348651348,0.796,0.289,94.7,88.6,0.404870516925189
2017,TOR,4,0.0788181818181818,0.381,572.6298545454545,0.796,0.289,94.7,88.6,0.3763581510580624
2017,TOR,5,0.2098931068931068,0.3562407152682255,1524.9154001997997,0.796,0.289,94.7,88.6,0.3548376451334109
2017,SAS,0,0.2544910179640718,0.644,1842.6676646706585,0.797,0.281,94.2,88.3,0.6568330376899906
2017,SAS,1,0.1586826347305389,0.429,1148.95748502994,0.797,0.281,94.2,88.3,0.3959340824807167
2017,SAS,2,0.1157684630738522,0.391,838.2331337325347,0.797,0.281,94.2,88.3,0.4207456756104143
2017,SAS,3,0.1906187624750498,0.431,1380.194211576846,0.797,0.281,94.2,88.3,0.4113557134773958
2017,SAS,4,0.0751576846307385,0.433,544.1867313373252,0.797,0.281,94.2,88.3,0.3771707297267477
2017,SAS,5,0.2052814371257484,0.3756229508196721,1486.3607736526944,0.797,0.281,94.2,88.3,0.3540864697891182
2017,SAC,0,0.2582582582582583,0.642,1814.8840840840844,0.775,0.291,94.9,85.7,0.6528079023516685
2017,SAC,1,0.1951951951951952,0.421,1371.714714714715,0.775,0.291,94.9,85.7,0.4087644436085139
2017,SAC,2,0.1001001001001001,0.412,703.4434434434436,0.775,0.291,94.9,85.7,0.4064364994389644
2017,SAC,3,0.1551551551551551,0.402,1090.3373373373377,0.775,0.291,94.9,85.7,0.4012257130228724
2017,SAC,4,0.0690360360360359,0.416,485.143839639639,0.775,0.291,94.9,85.7,0.3787112472636102
2017,SAC,5,0.2222552552552552,0.3635753604193971,1561.8765807807804,0.775,0.291,94.9,85.7,0.3472279247174389
2017,POR,0,0.2987012987012987,0.596,2152.979220779221,0.78,0.322,96.7,87.9,0.6453177474721955
2017,POR,1,0.1408591408591408,0.418,1015.2845154845156,0.78,0.322,96.7,87.9,0.394504418307423
2017,POR,2,0.0909090909090909,0.441,655.2545454545456,0.78,0.322,96.7,87.9,0.4080118167734298
2017,POR,3,0.1478521478521478,0.417,1065.6887112887116,0.78,0.322,96.7,87.9,0.4072183293782917
2017,POR,4,0.064013986013986,0.375,461.4000083916085,0.78,0.322,96.7,87.9,0.3895158724788954
2017,POR,5,0.2576643356643356,0.375,1857.1929986013988,0.78,0.322,96.7,87.9,0.3428207406691606
2017,PHO,0,0.306,0.629,2198.0592,0.776,0.255,100.3,87.6,0.6290108025214631
2017,PHO,1,0.154,0.412,1106.2128,0.776,0.255,100.3,87.6,0.3852652582053324
2017,PHO,2,0.12,0.402,861.9839999999999,0.776,0.255,100.3,87.6,0.4151238980258374
2017,PHO,3,0.165,0.373,1185.228,0.776,0.255,100.3,87.6,0.3972946316075224
2017,PHO,4,0.068595,0.329,492.731604,0.776,0.255,100.3,87.6,0.3726054389786608
2017,PHO,5,0.186405,0.3331039671682627,1338.9843959999998,0.776,0.255,100.3,87.6,0.34710638159752
2017,PHI,0,0.3093093093093094,0.638,2178.712912912913,0.771,0.349,98.5,85.9,0.6459614255820609
2017,PHI,1,0.1491491491491492,0.376,1050.5767767767773,0.771,0.349,98.5,85.9,0.4011400213366004
2017,PHI,2,0.0920920920920921,0.384,648.6782782782785,0.771,0.349,98.5,85.9,0.4122497634460181
2017,PHI,3,0.1001001001001001,0.344,705.0850850850854,0.771,0.349,98.5,85.9,0.3981562014035813
2017,PHI,4,0.0537997997997997,0.406,378.9550298298293,0.771,0.349,98.5,85.9,0.396759574217585
2017,PHI,5,0.2955495495495495,0.3279858156028369,2081.791917117117,0.771,0.349,98.5,85.9,0.336526662627109
2017,ORL,0,0.266,0.616,1947.8116,0.747,0.3,96.8,89.3,0.6495301084479354
2017,ORL,1,0.168,0.427,1230.1968,0.747,0.3,96.8,89.3,0.3968798311727373
2017,ORL,2,0.109,0.413,798.1633999999999,0.747,0.3,96.8,89.3,0.4128617063799755
2017,ORL,3,0.157,0.39,1149.6482,0.747,0.3,96.8,89.3,0.4015552018299173
2017,ORL,4,0.0545999999999999,0.297,399.81395999999927,0.747,0.3,96.8,89.3,0.3851065718800986
2017,ORL,5,0.2454,0.3348973105134474,1796.96604,0.747,0.3,96.8,89.3,0.3391182882569096
2017,OKC,0,0.346,0.614,2519.4336000000003,0.745,0.295,97.8,88.8,0.633970095168878
2017,OKC,1,0.146,0.418,1063.1136,0.745,0.295,97.8,88.8,0.387743786685902
2017,OKC,2,0.104,0.391,757.2864000000001,0.745,0.295,97.8,88.8,0.4083995960996591
2017,OKC,3,0.109,0.379,793.6944000000001,0.745,0.295,97.8,88.8,0.3880992621384481
2017,OKC,4,0.07434,0.345,541.3141440000002,0.745,0.295,97.8,88.8,0.3743771731660255
2017,OKC,5,0.22066,0.3209358288770054,1606.7578560000002,0.745,0.295,97.8,88.8,0.3468653695380911
2017,NYK,0,0.291,0.591,2180.9868,0.788,0.279,96.0,91.4,0.6390096017014317
2017,NYK,1,0.126,0.381,944.3448000000002,0.788,0.279,96.0,91.4,0.3795861231122781
2017,NYK,2,0.132,0.44,989.3136000000004,0.788,0.279,96.0,91.4,0.4292457202356982
2017,NYK,3,0.172,0.419,1289.1056,0.788,0.279,96.0,91.4,0.4043586267970459
2017,NYK,4,0.063891,0.425,478.85026680000016,0.788,0.279,96.0,91.4,0.3807449578279127
2017,NYK,5,0.215109,0.3251297016861219,1612.1989332000005,0.788,0.279,96.0,91.4,0.3483630882632477
2017,NOP,0,0.279,0.627,2006.4006,0.75,0.308,98.0,87.7,0.647126188135898
2017,NOP,1,0.17,0.417,1222.538,0.75,0.308,98.0,87.7,0.4005005463053094
2017,NOP,2,0.094,0.427,675.9916000000001,0.75,0.308,98.0,87.7,0.4048958704892349
2017,NOP,3,0.149,0.38,1071.5186,0.75,0.308,98.0,87.7,0.4023057787077689
2017,NOP,4,0.067452,0.373,485.0743128,0.75,0.308,98.0,87.7,0.3823674771017474
2017,NOP,5,0.240548,0.3435505761843789,1729.8768872,0.75,0.308,98.0,87.7,0.3437016339649497
2017,MIN,0,0.304,0.645,2208.6208,0.799,0.249,94.6,88.6,0.6313512515111115
2017,MIN,1,0.164,0.437,1191.4928000000002,0.799,0.249,94.6,88.6,0.3909150885789922
2017,MIN,2,0.097,0.392,704.7244000000002,0.799,0.249,94.6,88.6,0.3997168154034231
2017,MIN,3,0.186,0.402,1351.3272000000002,0.799,0.249,94.6,88.6,0.4035295558517278
2017,MIN,4,0.066732,0.393,484.8213264000001,0.799,0.249,94.6,88.6,0.3755514936641855
2017,MIN,5,0.1822679999999999,0.3328907103825136,1324.2134735999994,0.799,0.249,94.6,88.6,0.3488159072834023
2017,MIL,0,0.351,0.644,2481.0084,0.768,0.29,94.5,86.2,0.6353403678604618
2017,MIL,1,0.174,0.402,1229.9016,0.768,0.29,94.5,86.2,0.3983035131386848
2017,MIL,2,0.077,0.377,544.2668000000001,0.768,0.29,94.5,86.2,0.3893661511482427
2017,MIL,3,0.108,0.387,763.3872000000002,0.768,0.29,94.5,86.2,0.3875893680914489
2017,MIL,4,0.08004,0.388,565.7547360000001,0.768,0.29,94.5,86.2,0.3701524421061884
2017,MIL,5,0.2099599999999999,0.3631381215469613,1484.081264,0.768,0.29,94.5,86.2,0.3494699899680589
2017,MIA,0,0.2905811623246493,0.63,2137.3406813627257,0.706,0.314,95.2,89.7,0.6384536038436592
2017,MIA,1,0.1693386773547094,0.412,1245.55370741483,0.706,0.314,95.2,89.7,0.3959185257318677
2017,MIA,2,0.094188376753507,0.387,692.7931863727456,0.706,0.314,95.2,89.7,0.4007040521047396
2017,MIA,3,0.1312625250501002,0.389,965.4883767535072,0.706,0.314,95.2,89.7,0.3931824956682596
2017,MIA,4,0.0947034068136272,0.4,696.5814384769541,0.706,0.314,95.2,89.7,0.3605008864072677
2017,MIA,5,0.2199258517034068,0.3499284692417739,1617.6426096192386,0.706,0.314,95.2,89.7,0.346300555937883
2017,MEM,0,0.2885771543086172,0.58,2120.2340681362725,0.784,0.316,92.3,89.6,0.6472781253043312
2017,MEM,1,0.158316633266533,0.416,1163.1839679358718,0.784,0.316,92.3,89.6,0.3997652829313801
2017,MEM,2,0.0921843687374749,0.385,677.296993987976,0.784,0.316,92.3,89.6,0.407448341452065
2017,MEM,3,0.1442885771543086,0.38,1060.1170340681365,0.784,0.316,92.3,89.6,0.4048343419770117
2017,MEM,4,0.0607935871743487,0.409,446.6626436873747,0.784,0.316,92.3,89.6,0.389639857098092
2017,MEM,5,0.2558396793587175,0.3409306930693069,1879.705292184369,0.784,0.316,92.3,89.6,0.3420208843145552
2017,LAL,0,0.2984031936127744,0.633,2167.958882235529,0.754,0.295,98.5,88.6,0.6375030631571437
2017,LAL,1,0.186626746506986,0.397,1355.8806387225547,0.754,0.295,98.5,88.6,0.4047795564082823
2017,LAL,2,0.1027944111776447,0.379,746.8219560878242,0.754,0.295,98.5,88.6,0.4083683700134912
2017,LAL,3,0.1177644710578842,0.39,855.5824351297405,0.754,0.295,98.5,88.6,0.3911910273239447
2017,LAL,4,0.0638872255489022,0.368,464.1534710578842,0.754,0.295,98.5,88.6,0.3816764542685388
2017,LAL,5,0.2305239520958083,0.3399029374201788,1674.8026167664668,0.754,0.295,98.5,88.6,0.3445402385970564
2017,LAC,0,0.2752752752752753,0.661,1948.013013013013,0.745,0.329,96.1,86.3,0.6516835759969634
2017,LAC,1,0.118118118118118,0.419,835.8746746746746,0.745,0.329,96.1,86.3,0.382751242373237
2017,LAC,2,0.081081081081081,0.423,573.7783783783783,0.745,0.329,96.1,86.3,0.399143619071852
2017,LAC,3,0.1961961961961962,0.439,1388.4020020020018,0.745,0.329,96.1,86.3,0.4154117301614585
2017,LAC,4,0.0652072072072072,0.423,461.4453225225224,0.745,0.329,96.1,86.3,0.3867316431411186
2017,LAC,5,0.264122122122122,0.3631496259351621,1869.0866094094088,0.745,0.329,96.1,86.3,0.3385373989600148
2017,IND,0,0.241,0.625,1727.1988,0.81,0.272,95.9,87.4,0.6627594563143382
2017,IND,1,0.186,0.464,1333.0248,0.81,0.272,95.9,87.4,0.4075895066201065
2017,IND,2,0.107,0.417,766.8476,0.81,0.272,95.9,87.4,0.4145752679301102
2017,IND,3,0.194,0.418,1390.3592,0.81,0.272,95.9,87.4,0.4124423566078062
2017,IND,4,0.070176,0.403,502.9373568,0.81,0.272,95.9,87.4,0.3810825105203471
2017,IND,5,0.201824,0.3666118598382749,1446.4322432,0.81,0.272,95.9,87.4,0.3552901503293443
2017,HOU,0,0.321,0.667,2284.7496,0.766,0.462,100.0,86.8,0.6563274098808595
2017,HOU,1,0.125,0.391,889.6999999999999,0.766,0.462,100.0,86.8,0.4036372391461907
2017,HOU,2,0.041,0.375,291.8216,0.766,0.462,100.0,86.8,0.3787746741153236
2017,HOU,3,0.051,0.373,362.9975999999999,0.766,0.462,100.0,86.8,0.3902780555525827
2017,HOU,4,0.093324,0.391,664.2429023999999,0.766,0.462,100.0,86.8,0.3863875809383978
2017,HOU,5,0.368676,0.3483934837092731,2624.0882976,0.766,0.462,100.0,86.8,0.3431668556875421
2017,GSW,0,0.303,0.69,2156.6328000000003,0.788,0.359,99.8,86.8,0.65289064319391
2017,GSW,1,0.102,0.408,725.9952000000001,0.788,0.359,99.8,86.8,0.3855222924496833
2017,GSW,2,0.107,0.43,761.5832000000001,0.788,0.359,99.8,86.8,0.4282039881453065
2017,GSW,3,0.129,0.469,918.1704000000002,0.788,0.359,99.8,86.8,0.4109180140615381
2017,GSW,4,0.0746719999999999,0.409,531.4854271999994,0.788,0.359,99.8,86.8,0.3917173606159648
2017,GSW,5,0.2843280000000001,0.3761717171717172,2023.7329728000004,0.788,0.359,99.8,86.8,0.3440727324995439
2017,DET,0,0.25,0.646,1904.45,0.719,0.263,95.0,92.9,0.6454512540599682
2017,DET,1,0.189,0.384,1439.7642,0.719,0.263,95.0,92.9,0.3951810867858583
2017,DET,2,0.141,0.445,1074.1098,0.719,0.263,95.0,92.9,0.4248378367766237
2017,DET,3,0.157,0.416,1195.9946,0.719,0.263,95.0,92.9,0.3910265679157352
2017,DET,4,0.053389,0.384,406.7067242,0.719,0.263,95.0,92.9,0.3748219398681622
2017,DET,5,0.209611,0.316245922208281,1596.7746758,0.719,0.263,95.0,92.9,0.3399888514206699
2017,DEN,0,0.3296703296703297,0.626,2403.230769230769,0.774,0.329,98.3,88.9,0.6415388180820207
2017,DEN,1,0.1558441558441558,0.441,1136.0727272727274,0.774,0.329,98.3,88.9,0.4014417684855489
2017,DEN,2,0.0779220779220779,0.386,568.0363636363637,0.774,0.329,98.3,88.9,0.4002371788170145
2017,DEN,3,0.1078921078921079,0.397,786.5118881118882,0.774,0.329,98.3,88.9,0.3977685617477114
2017,DEN,4,0.0631048951048951,0.387,460.0220643356644,0.774,0.329,98.3,88.9,0.3911705734143923
2017,DEN,5,0.2655664335664336,0.3634851485148514,1935.926187412588,0.774,0.329,98.3,88.9,0.3414126932143171
2017,DAL,0,0.2012012012012012,0.637,1465.0666666666664,0.801,0.366,92.2,88.8,0.6904989207087262
2017,DAL,1,0.1271271271271271,0.444,925.6888888888888,0.801,0.366,92.2,88.8,0.3978954481078554
2017,DAL,2,0.1161161161161161,0.441,845.5111111111111,0.801,0.366,92.2,88.8,0.435404883836468
2017,DAL,3,0.1891891891891891,0.391,1377.5999999999997,0.801,0.366,92.2,88.8,0.4255170831318748
2017,DAL,4,0.0718078078078078,0.371,522.8757333333332,0.801,0.366,92.2,88.8,0.3938261481148846
2017,DAL,5,0.2945585585585585,0.3510995024875621,2144.8576,0.801,0.366,92.2,88.8,0.3422514931006948
2017,CLE,0,0.284,0.666,2035.3712,0.748,0.399,96.2,87.4,0.6548166373000985
2017,CLE,1,0.11,0.362,788.3480000000001,0.748,0.399,96.2,87.4,0.3853678110836053
2017,CLE,2,0.092,0.427,659.3456000000001,0.748,0.399,96.2,87.4,0.4131627135618728
2017,CLE,3,0.115,0.425,824.1820000000001,0.748,0.399,96.2,87.4,0.4027871628286552
2017,CLE,4,0.116907,0.412,837.8490876,0.748,0.399,96.2,87.4,0.372042359127015
2017,CLE,5,0.282093,0.3723960396039604,2021.7041124,0.748,0.399,96.2,87.4,0.3401692227895392
2017,CHO,0,0.2817182817182816,0.61,2044.42957042957,0.815,0.335,95.7,88.5,0.662245628160401
2017,CHO,1,0.1328671328671328,0.4,964.2167832167833,0.815,0.335,95.7,88.5,0.4022713926251967
2017,CHO,2,0.0989010989010989,0.419,717.7252747252746,0.815,0.335,95.7,88.5,0.4244635925005438
2017,CHO,3,0.1518481518481518,0.38,1101.9620379620378,0.815,0.335,95.7,88.5,0.4192386071577611
2017,CHO,4,0.0445104895104895,0.377,323.01262237762234,0.815,0.335,95.7,88.5,0.4041160691376242
2017,CHO,5,0.2901548451548451,0.3470115340253748,2105.6537112887117,0.815,0.335,95.7,88.5,0.3450306716783264
2017,CHI,0,0.2802802802802803,0.6,2089.153153153153,0.798,0.256,95.3,90.9,0.6401593539197544
2017,CHI,1,0.1671671671671671,0.449,1246.0306306306306,0.798,0.256,95.3,90.9,0.3929219706664728
2017,CHI,2,0.1171171171171171,0.393,872.9675675675676,0.798,0.256,95.3,90.9,0.4155088642732722
2017,CHI,3,0.1791791791791791,0.377,1335.5657657657655,0.798,0.256,95.3,90.9,0.4030251679935651
2017,CHI,4,0.0738018018018017,0.415,550.1038702702702,0.798,0.256,95.3,90.9,0.3718171168956078
2017,CHI,5,0.1824544544544544,0.3096629213483147,1359.979012612613,0.798,0.256,95.3,90.9,0.3496015666698673
2017,BRK,0,0.309,0.613,2123.3244,0.788,0.371,101.3,83.8,0.6527318168983731
2017,BRK,1,0.173,0.418,1188.7868,0.788,0.371,101.3,83.8,0.4170541003556914
2017,BRK,2,0.077,0.391,529.1132,0.788,0.371,101.3,83.8,0.4085208101101682
2017,BRK,3,0.07,0.374,481.01200000000006,0.788,0.371,101.3,83.8,0.3959483738209768
2017,BRK,4,0.079765,0.375,548.113174,0.788,0.371,101.3,83.8,0.3894990285679007
2017,BRK,5,0.291235,0.3278662420382165,2001.250426,0.788,0.371,101.3,83.8,0.3439991738048938
2017,BOS,0,0.296,0.632,2126.2272,0.807,0.393,96.8,87.6,0.6601473885851202
2017,BOS,1,0.129,0.395,926.6328,0.807,0.393,96.8,87.6,0.4036849630558178
2017,BOS,2,0.071,0.417,510.0071999999999,0.807,0.393,96.8,87.6,0.407866783764696
2017,BOS,3,0.111,0.405,797.3352,0.807,0.393,96.8,87.6,0.4113389183187474
2017,BOS,4,0.08646,0.41,621.0594719999999,0.807,0.393,96.8,87.6,0.3887930786697235
2017,BOS,5,0.30654,0.3446153846153846,2201.938128,0.807,0.393,96.8,87.6,0.3454376883442346
2017,ATL,0,0.331,0.616,2328.7836,0.728,0.309,97.4,85.8,0.6346073467004267
2017,ATL,1,0.117,0.349,823.1652,0.728,0.309,97.4,85.8,0.3785895406274738
2017,ATL,2,0.092,0.394,647.2751999999999,0.728,0.309,97.4,85.8,0.4029699284890913
2017,ATL,3,0.151,0.429,1062.3756,0.728,0.309,97.4,85.8,0.4022695905137279
2017,ATL,4,0.072306,0.388,508.7160936,0.728,0.309,97.4,85.8,0.3787236740878114
2017,ATL,5,0.236694,0.3266422976501305,1665.2843064,0.728,0.309,97.4,85.8,0.3445150723406823
2016,ATL,0,0.3263263263263263,0.623,2309.2808808808804,0.783,0.336,97.1,86.3,0.6408922766350893
2016,ATL,1,0.1211211211211211,0.377,857.1257257257256,0.783,0.336,97.1,86.3,0.3868015314245952
2016,ATL,2,0.078078078078078,0.431,552.5273273273272,0.783,0.336,97.1,86.3,0.3996931618139172
2016,ATL,3,0.1381381381381381,0.415,977.5483483483484,0.783,0.336,97.1,86.3,0.405128466697832
2016,ATL,4,0.082066066066066,0.36,580.7487231231231,0.783,0.336,97.1,86.3,0.3782956574331106
2016,ATL,5,0.2542702702702702,0.3467724867724867,1799.3689945945944,0.783,0.336,97.1,86.3,0.3445304323186634
2016,BOS,0,0.318,0.624,2352.0552,0.788,0.293,98.5,90.2,0.6348529314705454
2016,BOS,1,0.141,0.355,1042.8924,0.788,0.293,98.5,90.2,0.3884026420241818
2016,BOS,2,0.094,0.378,695.2615999999999,0.788,0.293,98.5,90.2,0.4039566201058938
2016,BOS,3,0.154,0.373,1139.0456,0.788,0.293,98.5,90.2,0.4026779580916199
2016,BOS,4,0.067976,0.345,502.7776864,0.788,0.293,98.5,90.2,0.3811132811745676
2016,BOS,5,0.225024,0.3319791666666666,1664.3675136000002,0.788,0.293,98.5,90.2,0.3481085063688857
2016,BRK,0,0.284,0.608,2056.3304,0.757,0.218,95.2,88.3,0.6249039623534587
2016,BRK,1,0.211,0.425,1527.7666,0.757,0.218,95.2,88.3,0.3992366985654608
2016,BRK,2,0.106,0.404,767.5036,0.757,0.218,95.2,88.3,0.3931367772999406
2016,BRK,3,0.181,0.392,1310.5486,0.757,0.218,95.2,88.3,0.3895626977932883
2016,BRK,4,0.067362,0.391,487.7412972,0.757,0.218,95.2,88.3,0.3621367224871307
2016,BRK,5,0.150638,0.33456005788712,1090.7095028,0.757,0.218,95.2,88.3,0.3332906430921162
2016,CHI,0,0.2912912912912913,0.573,2156.895495495496,0.787,0.244,95.7,90.3,0.6285121999721153
2016,CHI,1,0.1621621621621622,0.391,1200.7459459459462,0.787,0.244,95.7,90.3,0.383434528448319
2016,CHI,2,0.1171171171171171,0.4,867.2054054054056,0.787,0.244,95.7,90.3,0.4079597598547664
2016,CHI,3,0.1851851851851852,0.398,1371.2222222222224,0.787,0.244,95.7,90.3,0.396612739123258
2016,CHI,4,0.0547107107107107,0.397,405.1109285285286,0.787,0.244,95.7,90.3,0.3739005346882383
2016,CHI,5,0.1895335335335335,0.3634948453608247,1403.4200024024024,0.787,0.244,95.7,90.3,0.3421180930781981
2016,CHO,0,0.274,0.599,1965.95,0.79,0.348,95.6,87.5,0.6577018403004152
2016,CHO,1,0.129,0.394,925.575,0.79,0.348,95.6,87.5,0.3930633611488178
2016,CHO,2,0.093,0.383,667.275,0.79,0.348,95.6,87.5,0.4127945730287904
2016,CHO,3,0.156,0.397,1119.3,0.79,0.348,95.6,87.5,0.4127126329114901
2016,CHO,4,0.059508,0.409,426.9699,0.79,0.348,95.6,87.5,0.3949698505842855
2016,CHO,5,0.2884919999999999,0.3523051869722557,2069.9301,0.79,0.348,95.6,87.5,0.3377542826567885
2016,CLE,0,0.2797202797202797,0.658,2048.279720279721,0.748,0.352,93.3,89.3,0.6507418473622377
2016,CLE,1,0.1488511488511488,0.391,1089.9774225774224,0.748,0.352,93.3,89.3,0.3962724185891824
2016,CLE,2,0.0949050949050949,0.378,694.9520479520479,0.748,0.352,93.3,89.3,0.409413893334246
2016,CLE,3,0.1248751248751248,0.438,914.4105894105892,0.748,0.352,93.3,89.3,0.3996702641641028
2016,CLE,4,0.0914285714285714,0.391,669.4948571428571,0.748,0.352,93.3,89.3,0.370453167247412
2016,CLE,5,0.2602197802197802,0.3518108108108108,1905.4853626373624,0.748,0.352,93.3,89.3,0.3406374382643076
2016,DAL,0,0.2427572427572427,0.656,1747.7550449550447,0.794,0.339,94.3,87.8,0.6707552042528776
2016,DAL,1,0.1488511488511488,0.369,1071.668731268731,0.794,0.339,94.3,87.8,0.4014561597215254
2016,DAL,2,0.1108891108891108,0.431,798.3572427572427,0.794,0.339,94.3,87.8,0.426228432109244
2016,DAL,3,0.1588411588411588,0.412,1143.592807192807,0.794,0.339,94.3,87.8,0.4139357944770025
2016,DAL,4,0.0721348651348651,0.39,519.342175024975,0.794,0.339,94.3,87.8,0.3884847506925418
2016,DAL,5,0.2665264735264735,0.3315501905972045,1918.883998801199,0.794,0.339,94.3,87.8,0.3437909409662799
2016,DEN,0,0.3423423423423423,0.586,2484.3783783783783,0.766,0.277,95.7,88.5,0.6261464884924008
2016,DEN,1,0.1581581581581581,0.389,1147.7537537537537,0.766,0.277,95.7,88.5,0.385465480535797
2016,DEN,2,0.08008008008008,0.373,581.1411411411411,0.766,0.277,95.7,88.5,0.3849151574275182
2016,DEN,3,0.1421421421421421,0.397,1031.5255255255254,0.766,0.277,95.7,88.5,0.3900151360285949
2016,DEN,4,0.0582282282282282,0.34,422.5622522522522,0.766,0.277,95.7,88.5,0.3764233661613788
2016,DEN,5,0.219049049049049,0.3374683544303797,1589.6389489489488,0.766,0.277,95.7,88.5,0.3404277546966082
2016,DET,0,0.293,0.611,2162.34,0.668,0.303,95.1,90.0,0.6164308706804862
2016,DET,1,0.184,0.369,1357.92,0.668,0.303,95.1,90.0,0.380798500611489
2016,DET,2,0.104,0.41,767.5200000000001,0.668,0.303,95.1,90.0,0.3864299181922986
2016,DET,3,0.116,0.388,856.0800000000002,0.668,0.303,95.1,90.0,0.3679114672175984
2016,DET,4,0.076962,0.374,567.9795600000001,0.668,0.303,95.1,90.0,0.3505950612012141
2016,DET,5,0.226038,0.3351260053619303,1668.16044,0.668,0.303,95.1,90.0,0.3232141699933487
2016,GSW,0,0.301,0.66,2147.334,0.763,0.362,99.3,87.0,0.6466344615623721
2016,GSW,1,0.125,0.362,891.75,0.763,0.362,99.3,87.0,0.3899844247358427
2016,GSW,2,0.093,0.422,663.462,0.763,0.362,99.3,87.0,0.4114287097554475
2016,GSW,3,0.119,0.452,848.946,0.763,0.362,99.3,87.0,0.401418428542182
2016,GSW,4,0.082898,0.413,591.394332,0.763,0.362,99.3,87.0,0.3791878960956247
2016,GSW,5,0.279102,0.4168910505836576,1991.113668,0.763,0.362,99.3,87.0,0.3384601615648315
2016,HOU,0,0.3206793206793207,0.651,2232.505294705295,0.694,0.37,97.6,84.9,0.6286100510420427
2016,HOU,1,0.1638361638361638,0.356,1140.5946053946057,0.694,0.37,97.6,84.9,0.391211800706694
2016,HOU,2,0.0639360639360639,0.4,445.1100899100901,0.694,0.37,97.6,84.9,0.3759812600275952
2016,HOU,3,0.0819180819180819,0.379,570.2973026973028,0.694,0.37,97.6,84.9,0.3780062479907643
2016,HOU,4,0.1134765234765234,0.36,790.0008611388613,0.694,0.37,97.6,84.9,0.3547824084608377
2016,HOU,5,0.2561538461538462,0.3412409812409812,1783.2918461538468,0.694,0.37,97.6,84.9,0.3312427236209631
2016,IND,0,0.2700000000000001,0.635,1932.8220000000003,0.764,0.27,96.6,87.3,0.6382912387495285
2016,IND,1,0.133,0.435,952.0938000000002,0.764,0.27,96.6,87.3,0.3736955073483044
2016,IND,2,0.108,0.39,773.1288000000002,0.764,0.27,96.6,87.3,0.4024828931093026
2016,IND,3,0.219,0.381,1567.7334,0.764,0.27,96.6,87.3,0.4011498734774613
2016,IND,4,0.07371,0.398,527.6604060000001,0.764,0.27,96.6,87.3,0.3658951455144963
2016,IND,5,0.19629,0.3333507565337,1405.1615940000002,0.764,0.27,96.6,87.3,0.3431972337725975
2016,LAC,0,0.239,0.674,1673.6692000000005,0.692,0.324,95.8,85.4,0.6490999743657717
2016,LAC,1,0.129,0.438,903.3612000000004,0.692,0.324,95.8,85.4,0.3704505273701293
2016,LAC,2,0.093,0.425,651.2604000000001,0.692,0.324,95.8,85.4,0.3901817392501017
2016,LAC,3,0.215,0.417,1505.6020000000003,0.692,0.324,95.8,85.4,0.3996248340478778
2016,LAC,4,0.073224,0.405,512.7730272000001,0.692,0.324,95.8,85.4,0.3646400304851168
2016,LAC,5,0.250776,0.3520284237726098,1756.1341728000004,0.692,0.324,95.8,85.4,0.3259847714135606
2016,LAL,0,0.2547452547452547,0.59,1848.6863136863133,0.781,0.29,95.6,88.5,0.6523254890669268
2016,LAL,1,0.1628371628371628,0.403,1181.7092907092906,0.781,0.29,95.6,88.5,0.3931197659849621
2016,LAL,2,0.1248751248751248,0.369,906.2187812187811,0.781,0.29,95.6,88.5,0.4232723089722213
2016,LAL,3,0.1678321678321678,0.358,1217.9580419580418,0.781,0.29,95.6,88.5,0.402443180483568
2016,LAL,4,0.0556243756243756,0.33,403.6660939060939,0.781,0.29,95.6,88.5,0.3830998811802301
2016,LAL,5,0.234085914085914,0.3139108910891088,1698.7614785214782,0.781,0.29,95.6,88.5,0.3414111089592141
2016,MEM,0,0.313,0.583,2284.274,0.783,0.222,93.3,89.0,0.6200279499324358
2016,MEM,1,0.19,0.389,1386.62,0.783,0.222,93.3,89.0,0.3924600551219038
2016,MEM,2,0.103,0.416,751.694,0.783,0.222,93.3,89.0,0.3946639285341377
2016,MEM,3,0.172,0.392,1255.256,0.783,0.222,93.3,89.0,0.3914343863679496
2016,MEM,4,0.059496,0.324,434.201808,0.783,0.222,93.3,89.0,0.3698526142112617
2016,MEM,5,0.162504,0.3335628415300546,1185.954192,0.783,0.222,93.3,89.0,0.3376193974932473
2016,MIA,0,0.303,0.663,2151.6636000000003,0.744,0.221,93.6,86.6,0.618595344092544
2016,MIA,1,0.166,0.422,1178.7992000000002,0.744,0.221,93.6,86.6,0.3786661391351922
2016,MIA,2,0.128,0.407,908.9536,0.744,0.221,93.6,86.6,0.4098540038647236
2016,MIA,3,0.182,0.401,1292.4184,0.744,0.221,93.6,86.6,0.3897741171104361
2016,MIA,4,0.082212,0.358,583.8038544,0.744,0.221,93.6,86.6,0.3521798901741079
2016,MIA,5,0.138788,0.3229681528662421,985.5613456,0.744,0.221,93.6,86.6,0.3346005067653843
2016,MIL,0,0.3653653653653654,0.617,2594.5325325325325,0.747,0.189,94.2,86.6,0.6269291101199895
2016,MIL,1,0.1901901901901902,0.402,1350.5785785785786,0.747,0.189,94.2,86.6,0.3897373559593946
2016,MIL,2,0.1061061061061061,0.397,753.4806806806807,0.747,0.189,94.2,86.6,0.3941483813026455
2016,MIL,3,0.1491491491491491,0.387,1059.137937937938,0.747,0.189,94.2,86.6,0.3829930566656376
2016,MIL,4,0.0533513513513513,0.353,378.8586162162162,0.747,0.189,94.2,86.6,0.3688372294914682
2016,MIL,5,0.1358378378378378,0.341857938718663,964.611654054054,0.747,0.189,94.2,86.6,0.336264829564519
2016,MIN,0,0.298,0.661,2064.842000000001,0.792,0.202,95.2,84.5,0.6257756268654114
2016,MIN,1,0.16,0.41,1108.6400000000003,0.792,0.202,95.2,84.5,0.3820798622131228
2016,MIN,2,0.101,0.372,699.8290000000001,0.792,0.202,95.2,84.5,0.3952263276586704
2016,MIN,3,0.239,0.4,1656.0310000000002,0.792,0.202,95.2,84.5,0.3964451671108269
2016,MIN,4,0.042016,0.386,291.1288640000001,0.792,0.202,95.2,84.5,0.3725823859085524
2016,MIN,5,0.159984,0.3253939393939394,1108.529136,0.792,0.202,95.2,84.5,0.3393999059905573
2016,NOP,0,0.304,0.597,2201.1424,0.776,0.277,96.8,88.3,0.6296157584909802
2016,NOP,1,0.144,0.38,1042.6464,0.776,0.277,96.8,88.3,0.3815333545704121
2016,NOP,2,0.101,0.385,731.3006000000001,0.776,0.277,96.8,88.3,0.4007896292314077
2016,NOP,3,0.174,0.419,1259.8644,0.776,0.277,96.8,88.3,0.3994370918721128
2016,NOP,4,0.063433,0.332,459.2929798000001,0.776,0.277,96.8,88.3,0.3756223321380716
2016,NOP,5,0.213567,0.3683164721141375,1546.3532202000006,0.776,0.277,96.8,88.3,0.3434096263195637
2016,NYK,0,0.2452452452452452,0.585,1795.8328328328323,0.805,0.256,93.4,89.3,0.6539631846778313
2016,NYK,1,0.1541541541541541,0.425,1128.809209209209,0.805,0.256,93.4,89.3,0.3876598608826248
2016,NYK,2,0.1431431431431431,0.407,1048.1799799799796,0.805,0.256,93.4,89.3,0.4325199072098961
2016,NYK,3,0.2012012012012012,0.412,1473.315915915916,0.805,0.256,93.4,89.3,0.4061812297623683
2016,NYK,4,0.0591951951951951,0.405,433.4627363363363,0.805,0.256,93.4,89.3,0.3797799213113276
2016,NYK,5,0.197061061061061,0.3282769830949284,1442.9993257257256,0.805,0.256,93.4,89.3,0.3488255867464449
2016,OKC,0,0.3303303303303303,0.626,2399.915915915916,0.782,0.275,96.7,88.6,0.6267673465488679
2016,OKC,1,0.1261261261261261,0.438,916.3315315315314,0.782,0.275,96.7,88.6,0.3748765504155238
2016,OKC,2,0.1221221221221221,0.478,887.2416416416414,0.782,0.275,96.7,88.6,0.4174246539776177
2016,OKC,3,0.1461461461461461,0.41,1061.7809809809808,0.782,0.275,96.7,88.6,0.3931633380899908
2016,OKC,4,0.0801051051051051,0.357,581.9796096096095,0.782,0.275,96.7,88.6,0.3655248959409197
2016,OKC,5,0.1951701701701701,0.3457165021156558,1417.95032032032,0.782,0.275,96.7,88.6,0.3473795209135427
2016,ORL,0,0.296,0.609,2169.9168000000004,0.757,0.255,96.0,89.4,0.6244695307133723
2016,ORL,1,0.15,0.422,1099.6200000000003,0.757,0.255,96.0,89.4,0.376335946903389
2016,ORL,2,0.093,0.409,681.7644000000001,0.757,0.255,96.0,89.4,0.3877383170640422
2016,ORL,3,0.206,0.409,1510.1448000000005,0.757,0.255,96.0,89.4,0.3968487568227927
2016,ORL,4,0.0614549999999999,0.37,450.5143139999994,0.757,0.255,96.0,89.4,0.3690792090611036
2016,ORL,5,0.193545,0.3436495388669301,1418.8396860000005,0.757,0.255,96.0,89.4,0.3394284868000509
2016,PHI,0,0.3113113113113113,0.628,2174.9453453453457,0.694,0.327,97.9,85.2,0.625636158467034
2016,PHI,1,0.1661661661661662,0.341,1160.9033033033036,0.694,0.327,97.9,85.2,0.3877404200641102
2016,PHI,2,0.0960960960960961,0.361,671.3657657657659,0.694,0.327,97.9,85.2,0.3950779595632226
2016,PHI,3,0.0990990990990991,0.338,692.3459459459461,0.694,0.327,97.9,85.2,0.3780156774338664
2016,PHI,4,0.0765945945945946,0.366,535.1204756756758,0.694,0.327,97.9,85.2,0.3651024496143678
2016,PHI,5,0.2507327327327327,0.3307519582245431,1751.719163963964,0.694,0.327,97.9,85.2,0.3287776460871964
2016,PHO,0,0.3,0.614,2135.28,0.751,0.302,98.5,86.8,0.6362652770689563
2016,PHO,1,0.151,0.349,1074.7576,0.751,0.302,98.5,86.8,0.3897470211250582
2016,PHO,2,0.092,0.396,654.8192,0.751,0.302,98.5,86.8,0.4000884753536937
2016,PHO,3,0.155,0.362,1103.2279999999998,0.751,0.302,98.5,86.8,0.400429588950581
2016,PHO,4,0.068252,0.368,485.79043519999993,0.751,0.302,98.5,86.8,0.3784387881578054
2016,PHO,5,0.233748,0.3421602067183462,1663.7247648,0.751,0.302,98.5,86.8,0.3426706614213958
2016,POR,0,0.282,0.607,2055.7236000000003,0.754,0.332,96.0,88.9,0.6472635342837689
2016,POR,1,0.137,0.361,998.7026,0.754,0.332,96.0,88.9,0.389069542437609
2016,POR,2,0.092,0.436,670.6616,0.754,0.332,96.0,88.9,0.404843209170781
2016,POR,3,0.157,0.423,1144.4986,0.754,0.332,96.0,88.9,0.4056963214450023
2016,POR,4,0.079016,0.388,576.0108368,0.754,0.332,96.0,88.9,0.3759758272681761
2016,POR,5,0.252984,0.3643779527559055,1844.2027632,0.754,0.332,96.0,88.9,0.3405416782231432
2016,SAC,0,0.2967032967032966,0.65,2089.918681318681,0.725,0.26,100.0,85.9,0.6272249834275649
2016,SAC,1,0.2227772227772227,0.404,1569.1982017982016,0.725,0.26,100.0,85.9,0.4125491263152987
2016,SAC,2,0.0659340659340659,0.411,464.4263736263737,0.725,0.26,100.0,85.9,0.3710732987123054
2016,SAC,3,0.1548451548451548,0.389,1090.6983016983015,0.725,0.26,100.0,85.9,0.3903398167253851
2016,SAC,4,0.0597402597402597,0.418,420.7984415584416,0.725,0.26,100.0,85.9,0.3728001864376475
2016,SAC,5,0.1999999999999999,0.3413766233766233,1408.7599999999998,0.725,0.26,100.0,85.9,0.3416752803608598
2016,SAS,0,0.264,0.667,1911.5184,0.803,0.223,93.8,88.3,0.6419270005509989
2016,SAS,1,0.175,0.452,1267.1049999999998,0.803,0.223,93.8,88.3,0.3912628072537549
2016,SAS,2,0.137,0.44,991.9622,0.803,0.223,93.8,88.3,0.4247467381149358
2016,SAS,3,0.201,0.421,1455.3606,0.803,0.223,93.8,88.3,0.4016470830728627
2016,SAS,4,0.063109,0.373,456.9470254,0.803,0.223,93.8,88.3,0.3735154006082629
2016,SAS,5,0.159891,0.37578940027894,1157.7067746,0.803,0.223,93.8,88.3,0.3426850852866266
2016,TOR,0,0.2767232767232768,0.624,1976.4129870129875,0.777,0.287,92.9,87.1,0.6417767096987309
2016,TOR,1,0.1868131868131868,0.409,1334.257142857143,0.777,0.287,92.9,87.1,0.401298374873448
2016,TOR,2,0.1108891108891109,0.394,791.9922077922079,0.777,0.287,92.9,87.1,0.41089298964994
2016,TOR,3,0.1388611388611388,0.374,991.774025974026,0.777,0.287,92.9,87.1,0.3933221874234508
2016,TOR,4,0.083146853146853,0.413,593.8514545454539,0.777,0.287,92.9,87.1,0.3655506214081879
2016,TOR,5,0.2035664335664334,0.3524366197183098,1453.912181818181,0.777,0.287,92.9,87.1,0.3483365632570447
2016,UTA,0,0.2817182817182817,0.633,2012.0883116883117,0.744,0.297,91.0,87.1,0.6368928471742961
2016,UTA,1,0.1768231768231768,0.394,1262.9064935064937,0.744,0.297,91.0,87.1,0.3940869522992632
2016,UTA,2,0.1188811188811189,0.401,849.0727272727273,0.744,0.297,91.0,87.1,0.4141634457133409
2016,UTA,3,0.1258741258741259,0.378,899.0181818181819,0.744,0.297,91.0,87.1,0.3868697869451015
2016,UTA,4,0.0931648351648351,0.389,665.4018857142856,0.744,0.297,91.0,87.1,0.356433121285262
2016,UTA,5,0.2035384615384614,0.3394373177842565,1453.7123999999992,0.744,0.297,91.0,87.1,0.3454234117353923
2016,WAS,0,0.2907092907092907,0.638,2069.152447552448,0.73,0.282,98.5,86.8,0.6336960733717081
2016,WAS,1,0.1288711288711289,0.41,917.253146853147,0.73,0.282,98.5,86.8,0.375395755841941
2016,WAS,2,0.1108891108891109,0.415,789.2643356643357,0.73,0.282,98.5,86.8,0.4081127173319953
2016,WAS,3,0.1878121878121878,0.4,1336.772027972028,0.73,0.282,98.5,86.8,0.4020486672890103
2016,WAS,4,0.0693026973026972,0.382,493.2688783216776,0.73,0.282,98.5,86.8,0.3722012828206196
2016,WAS,5,0.2124155844155843,0.3501697612732095,1511.889163636363,0.73,0.282,98.5,86.8,0.3436447500064201
2015,ATL,0,0.291,0.635,2068.8354000000004,0.778,0.321,93.9,86.7,0.6439981593701956
2015,ATL,1,0.157,0.393,1116.1758000000002,0.778,0.321,93.9,86.7,0.3968461635804155
2015,ATL,2,0.08,0.386,568.7520000000002,0.778,0.321,93.9,86.7,0.3966804813582735
2015,ATL,3,0.151,0.441,1073.5194,0.778,0.321,93.9,86.7,0.4042051679876402
2015,ATL,4,0.088275,0.421,627.5822850000002,0.778,0.321,93.9,86.7,0.3698058394151875
2015,ATL,5,0.232725,0.3644482758620689,1654.5351150000004,0.778,0.321,93.9,86.7,0.3478433644655974
2015,BOS,0,0.2800000000000001,0.621,2084.7680000000005,0.754,0.28,95.8,90.8,0.6348606248499538
2015,BOS,1,0.144,0.384,1072.1664,0.754,0.28,95.8,90.8,0.3786368574129994
2015,BOS,2,0.103,0.407,766.8968000000001,0.754,0.28,95.8,90.8,0.3993331431861713
2015,BOS,3,0.193,0.416,1437.0008000000005,0.754,0.28,95.8,90.8,0.400024965049141
2015,BOS,4,0.05712,0.374,425.292672,0.754,0.28,95.8,90.8,0.3753770768652721
2015,BOS,5,0.22288,0.3149547738693468,1659.475328,0.754,0.28,95.8,90.8,0.33785197466851
2015,BRK,0,0.2690000000000001,0.615,1949.9272000000008,0.748,0.24,92.7,88.4,0.630189320562278
2015,BRK,1,0.213,0.444,1543.9944000000005,0.748,0.24,92.7,88.4,0.3996448046721654
2015,BRK,2,0.115,0.408,833.6120000000002,0.748,0.24,92.7,88.4,0.3993754221323373
2015,BRK,3,0.163,0.397,1181.5544000000002,0.748,0.24,92.7,88.4,0.3849256011870116
2015,BRK,4,0.0683999999999999,0.389,495.81791999999945,0.748,0.24,92.7,88.4,0.36083827710812
2015,BRK,5,0.1716,0.3078811188811189,1243.8940800000005,0.748,0.24,92.7,88.4,0.3341782105373242
2015,CHI,0,0.312,0.586,2261.6256,0.783,0.269,92.8,88.4,0.625454871432562
2015,CHI,1,0.156,0.392,1130.8128,0.783,0.269,92.8,88.4,0.3837928051723735
2015,CHI,2,0.1,0.372,724.8800000000001,0.783,0.269,92.8,88.4,0.3977536526645873
2015,CHI,3,0.163,0.401,1181.5544000000002,0.783,0.269,92.8,88.4,0.3945797335986187
2015,CHI,4,0.058642,0.388,425.0841296,0.783,0.269,92.8,88.4,0.3754214451640265
2015,CHI,5,0.210358,0.3432429667519181,1524.8430704000002,0.783,0.269,92.8,88.4,0.3418746409920215
2015,CHO,0,0.263,0.572,1938.7834000000005,0.748,0.226,93.0,89.9,0.6317927731195392
2015,CHO,1,0.153,0.382,1127.8854,0.748,0.226,93.0,89.9,0.3721676825195803
2015,CHO,2,0.124,0.389,914.1032,0.748,0.226,93.0,89.9,0.4054262967940153
2015,CHO,3,0.234,0.39,1725.0012000000004,0.748,0.226,93.0,89.9,0.3902505444890271
2015,CHO,4,0.039776,0.389,293.2207168,0.748,0.226,93.0,89.9,0.3642889118010243
2015,CHO,5,0.186224,0.3028349514563107,1372.8060832,0.748,0.226,93.0,89.9,0.3343878457546431
2015,CLE,0,0.295,0.647,2143.234,0.751,0.334,92.3,88.6,0.6403932335640717
2015,CLE,1,0.155,0.36,1126.1060000000002,0.751,0.334,92.3,88.6,0.3938373376138859
2015,CLE,2,0.092,0.387,668.3984,0.751,0.334,92.3,88.6,0.402657420320606
2015,CLE,3,0.124,0.432,900.8848,0.751,0.334,92.3,88.6,0.3946588549343807
2015,CLE,4,0.096526,0.365,701.2806952000001,0.751,0.334,92.3,88.6,0.3630980647011745
2015,CLE,5,0.237474,0.3678129395218002,1725.2961048,0.751,0.334,92.3,88.6,0.3439253130489117
2015,DAL,0,0.288,0.659,2108.9088,0.752,0.296,95.2,89.3,0.6362508611197628
2015,DAL,1,0.14,0.382,1025.1640000000002,0.752,0.296,95.2,89.3,0.3815014872749909
2015,DAL,2,0.094,0.42,688.3244000000001,0.752,0.296,95.2,89.3,0.397447864260834
2015,DAL,3,0.182,0.417,1332.7132,0.752,0.296,95.2,89.3,0.4025907836822263
2015,DAL,4,0.067784,0.393,496.3551184000001,0.752,0.296,95.2,89.3,0.3747204947273632
2015,DAL,5,0.228216,0.3398223086900129,1671.1344816,0.752,0.296,95.2,89.3,0.3405569513253568
2015,DEN,0,0.2987012987012988,0.622,2201.966233766235,0.734,0.284,96.1,89.9,0.6289296750677738
2015,DEN,1,0.1758241758241758,0.351,1296.1406593406598,0.734,0.284,96.1,89.9,0.3916762008227731
2015,DEN,2,0.0899100899100899,0.396,662.799200799201,0.734,0.284,96.1,89.9,0.3909465024386273
2015,DEN,3,0.1518481518481519,0.379,1119.3942057942063,0.734,0.284,96.1,89.9,0.3918862704164589
2015,DEN,4,0.0669570429570428,0.344,493.5939292707287,0.734,0.284,96.1,89.9,0.3714899669228455
2015,DEN,5,0.2167592407592407,0.319130890052356,1597.9057710289708,0.734,0.284,96.1,89.9,0.3403598455327329
2015,DET,0,0.3243243243243244,0.6,2441.383783783785,0.703,0.29,92.8,91.8,0.6192220960247319
2015,DET,1,0.1921921921921922,0.329,1446.745945945946,0.703,0.29,92.8,91.8,0.3940266178578187
2015,DET,2,0.065065065065065,0.382,489.78378378378375,0.703,0.29,92.8,91.8,0.3678364478930898
2015,DET,3,0.1281281281281281,0.386,964.4972972972976,0.703,0.29,92.8,91.8,0.3806536929717029
2015,DET,4,0.0696696696696696,0.396,524.4454054054054,0.703,0.29,92.8,91.8,0.3650059350844697
2015,DET,5,0.2206206206206205,0.3275789473684209,1660.743783783783,0.703,0.29,92.8,91.8,0.3344171419745362
2015,GSW,0,0.288,0.673,2085.2928,0.768,0.311,98.3,88.3,0.6420289933721369
2015,GSW,1,0.143,0.372,1035.4058,0.768,0.311,98.3,88.3,0.3884518033282803
2015,GSW,2,0.104,0.442,753.0224,0.768,0.311,98.3,88.3,0.4102666963443114
2015,GSW,3,0.154,0.397,1115.0523999999998,0.768,0.311,98.3,88.3,0.4019473344989342
2015,GSW,4,0.068731,0.459,497.6536786,0.768,0.311,98.3,88.3,0.3799204933169209
2015,GSW,5,0.242269,0.3806944801026958,1754.1729214,0.768,0.311,98.3,88.3,0.3414116590875996
2015,HOU,0,0.31,0.635,2181.036,0.715,0.392,96.5,85.8,0.6405524627903979
2015,HOU,1,0.183,0.392,1287.5148,0.715,0.392,96.5,85.8,0.4092619417265714
2015,HOU,2,0.047,0.351,330.67319999999995,0.715,0.392,96.5,85.8,0.3689616893113569
2015,HOU,3,0.068,0.328,478.4208,0.715,0.392,96.5,85.8,0.3830962533197197
2015,HOU,4,0.128576,0.394,904.6093056,0.715,0.392,96.5,85.8,0.3705485557475442
2015,HOU,5,0.263424,0.325547619047619,1853.3458944,0.715,0.392,96.5,85.8,0.3390785607445821
2015,IND,0,0.2452452452452452,0.604,1779.7447447447446,0.756,0.255,93.2,88.5,0.6431458518583733
2015,IND,1,0.1721721721721721,0.399,1249.4534534534532,0.756,0.255,93.2,88.5,0.3838158692456465
2015,IND,2,0.1051051051051051,0.378,762.7477477477477,0.756,0.255,93.2,88.5,0.3952031320336486
2015,IND,3,0.2222222222222222,0.418,1612.6666666666663,0.756,0.255,93.2,88.5,0.3958980496715313
2015,IND,4,0.0678978978978979,0.383,492.735045045045,0.756,0.255,93.2,88.5,0.3645495681281324
2015,IND,5,0.1873573573573573,0.3407656675749318,1359.6523423423423,0.756,0.255,93.2,88.5,0.3386244193617905
2015,LAC,0,0.2422422422422422,0.68,1742.0608608608609,0.71,0.322,94.7,87.7,0.6571547377075615
2015,LAC,1,0.1191191191191191,0.408,856.6332332332332,0.71,0.322,94.7,87.7,0.3754202459046096
2015,LAC,2,0.0970970970970971,0.437,698.2640640640642,0.71,0.322,94.7,87.7,0.4023056677291967
2015,LAC,3,0.2192192192192192,0.437,1576.4930930930934,0.71,0.322,94.7,87.7,0.4088721114811844
2015,LAC,4,0.0854154154154154,0.396,614.2564184184185,0.71,0.322,94.7,87.7,0.3655574474293175
2015,LAC,5,0.2369069069069069,0.3687891156462585,1703.6923303303304,0.71,0.322,94.7,87.7,0.3402850789255735
2015,LAL,0,0.265,0.651,1953.5270000000005,0.741,0.22,94.0,89.9,0.6311457303804225
2015,LAL,1,0.15,0.348,1105.7700000000002,0.741,0.22,94.0,89.9,0.3711895115758046
2015,LAL,2,0.132,0.374,973.0776000000004,0.741,0.22,94.0,89.9,0.4112408117667528
2015,LAL,3,0.233,0.366,1717.6294000000005,0.741,0.22,94.0,89.9,0.3905908566726226
2015,LAL,4,0.04026,0.396,296.78866800000003,0.741,0.22,94.0,89.9,0.3647053227196727
2015,LAL,5,0.1797399999999999,0.3323525091799266,1325.0073319999997,0.741,0.22,94.0,89.9,0.3342792900099071
2015,MEM,0,0.3083083083083083,0.621,2242.449649649649,0.773,0.184,92.0,88.7,0.6169543787650494
2015,MEM,1,0.1991991991991992,0.405,1448.8554554554555,0.773,0.184,92.0,88.7,0.3928377897775297
2015,MEM,2,0.1291291291291291,0.42,939.207807807808,0.773,0.184,92.0,88.7,0.4103347897911273
2015,MEM,3,0.1791791791791791,0.386,1303.2418418418415,0.773,0.184,92.0,88.7,0.3889121128576988
2015,MEM,4,0.0482562562562562,0.383,350.9870542542543,0.773,0.184,92.0,88.7,0.3679325604026932
2015,MEM,5,0.1359279279279279,0.323379403794038,988.6581909909912,0.773,0.184,92.0,88.7,0.3350140874030939
2015,MIA,0,0.2947052947052947,0.629,2046.846153846154,0.741,0.262,90.9,84.7,0.6216834324018363
2015,MIA,1,0.1418581418581418,0.438,985.2615384615384,0.741,0.262,90.9,84.7,0.3699936217663903
2015,MIA,2,0.1178821178821178,0.424,818.7384615384616,0.741,0.262,90.9,84.7,0.4028806218874896
2015,MIA,3,0.1838161838161838,0.385,1276.6769230769232,0.741,0.262,90.9,84.7,0.3906943977020807
2015,MIA,4,0.0834945054945055,0.374,579.9027384615385,0.741,0.262,90.9,84.7,0.3518827230046034
2015,MIA,5,0.1782437562437562,0.3167312775330396,1237.974184615385,0.741,0.262,90.9,84.7,0.3361029573836739
2015,MIL,0,0.338,0.608,2383.576,0.757,0.223,94.1,86.0,0.6147094248051772
2015,MIL,1,0.136,0.352,959.072,0.757,0.223,94.1,86.0,0.3662581666000596
2015,MIL,2,0.11,0.438,775.72,0.757,0.223,94.1,86.0,0.3953589039578934
2015,MIL,3,0.193,0.394,1361.0359999999998,0.757,0.223,94.1,86.0,0.3907954233227876
2015,MIL,4,0.070468,0.403,496.94033600000006,0.757,0.223,94.1,86.0,0.3593910769321591
2015,MIL,5,0.152532,0.3445204678362573,1075.655664,0.757,0.223,94.1,86.0,0.332471555609986
2015,MIN,0,0.2872872872872872,0.622,2061.286286286286,0.776,0.179,94.4,87.5,0.6264714083861231
2015,MIN,1,0.1761761761761761,0.361,1264.064064064064,0.776,0.179,94.4,87.5,0.3855030099163788
2015,MIN,2,0.1221221221221221,0.41,876.2262262262262,0.776,0.179,94.4,87.5,0.408317960755684
2015,MIN,3,0.2352352352352352,0.365,1687.8128128128128,0.776,0.179,94.4,87.5,0.394315368395791
2015,MIN,4,0.0392402402402402,0.366,281.5487237237237,0.776,0.179,94.4,87.5,0.3682901715138565
2015,MIN,5,0.1399389389389389,0.3224660691421255,1004.0618868868868,0.776,0.179,94.4,87.5,0.3371363070858234
2015,NOP,0,0.348,0.591,2573.9472,0.751,0.233,91.4,90.2,0.6142039541647505
2015,NOP,1,0.152,0.383,1124.2528,0.751,0.233,91.4,90.2,0.3696726264436577
2015,NOP,2,0.098,0.406,724.8472,0.751,0.233,91.4,90.2,0.3837508671444041
2015,NOP,3,0.169,0.398,1249.9916,0.751,0.233,91.4,90.2,0.3833990979360912
2015,NOP,4,0.055687,0.412,411.8833268000001,0.751,0.233,91.4,90.2,0.3637696771293665
2015,NOP,5,0.177313,0.3568094612352168,1311.4778732,0.751,0.233,91.4,90.2,0.3318066047423356
2015,NYK,0,0.2407592407592407,0.587,1761.009390609391,0.769,0.24,91.2,89.2,0.6403657513152375
2015,NYK,1,0.1468531468531468,0.363,1074.1426573426572,0.769,0.24,91.2,89.2,0.3695231125224586
2015,NYK,2,0.1258741258741259,0.393,920.6937062937064,0.769,0.24,91.2,89.2,0.4065058777989001
2015,NYK,3,0.2467532467532467,0.41,1804.8519480519485,0.769,0.24,91.2,89.2,0.3866706035238679
2015,NYK,4,0.0448351648351647,0.351,327.942329670329,0.769,0.24,91.2,89.2,0.3659284052751102
2015,NYK,5,0.1949250749250749,0.346079950799508,1425.759968031968,0.769,0.24,91.2,89.2,0.3336990662444633
2015,OKC,0,0.304,0.615,2243.5200000000004,0.754,0.262,95.7,90.0,0.6221989908503258
2015,OKC,1,0.156,0.385,1151.2800000000002,0.754,0.262,95.7,90.0,0.3787018272459172
2015,OKC,2,0.113,0.436,833.9400000000002,0.754,0.262,95.7,90.0,0.402386240556563
2015,OKC,3,0.165,0.377,1217.7000000000005,0.754,0.262,95.7,90.0,0.3899707800617123
2015,OKC,4,0.064714,0.373,477.58932,0.754,0.262,95.7,90.0,0.3675331297070988
2015,OKC,5,0.197286,0.3278472775564409,1455.9706800000004,0.754,0.262,95.7,90.0,0.3391391631923153
2015,ORL,0,0.317,0.611,2284.8726,0.729,0.235,93.8,87.9,0.6150810606018451
2015,ORL,1,0.182,0.386,1311.8196,0.729,0.235,93.8,87.9,0.3845932474433056
2015,ORL,2,0.094,0.383,677.5332000000001,0.729,0.235,93.8,87.9,0.3840510406400979
2015,ORL,3,0.172,0.415,1239.7416,0.729,0.235,93.8,87.9,0.3871312355262458
2015,ORL,4,0.0611,0.373,440.39658,0.729,0.235,93.8,87.9,0.364870730784162
2015,ORL,5,0.1739,0.3378648648648648,1253.4364200000002,0.729,0.235,93.8,87.9,0.3345343416008904
2015,PHI,0,0.3206793206793207,0.593,2256.171428571429,0.676,0.319,95.7,85.8,0.6108274289471547
2015,PHI,1,0.1738261738261738,0.316,1222.9714285714283,0.676,0.319,95.7,85.8,0.3773692891977477
2015,PHI,2,0.0689310689310689,0.326,484.9714285714287,0.676,0.319,95.7,85.8,0.3623664789746387
2015,PHI,3,0.1178821178821178,0.322,829.3714285714285,0.676,0.319,95.7,85.8,0.3692466879682788
2015,PHI,4,0.0576813186813186,0.342,405.82268571428574,0.676,0.319,95.7,85.8,0.3624015013997392
2015,PHI,5,0.2609999999999999,0.3151379731379731,1836.2916,0.676,0.319,95.7,85.8,0.3118155909297688
2015,PHO,0,0.294,0.643,2128.7364,0.76,0.291,96.3,88.3,0.6329804912888526
2015,PHO,1,0.138,0.374,999.2028,0.76,0.291,96.3,88.3,0.3795385569032128
2015,PHO,2,0.124,0.429,897.8344,0.76,0.291,96.3,88.3,0.4185920794183553
2015,PHO,3,0.153,0.383,1107.8118,0.76,0.291,96.3,88.3,0.3947370069001841
2015,PHO,4,0.084099,0.361,608.9272193999999,0.76,0.291,96.3,88.3,0.3625362286269831
2015,PHO,5,0.206901,0.3328706047819972,1498.0873806,0.76,0.291,96.3,88.3,0.3453221247375571
2015,POR,0,0.248,0.652,1838.3744000000004,0.801,0.316,94.2,90.4,0.6654826797391478
2015,POR,1,0.134,0.411,993.3152000000002,0.801,0.316,94.2,90.4,0.3924272975835718
2015,POR,2,0.112,0.402,830.2336000000001,0.801,0.316,94.2,90.4,0.4238795752360201
2015,POR,3,0.19,0.393,1408.4320000000005,0.801,0.316,94.2,90.4,0.4173155068737205
2015,POR,4,0.078684,0.391,583.2687552000002,0.801,0.316,94.2,90.4,0.3807745454204238
2015,POR,5,0.237316,0.3523848202396804,1759.1760448000002,0.801,0.316,94.2,90.4,0.3507339482850632
2015,SAC,0,0.3026973026973027,0.651,2082.496903096903,0.762,0.204,95.4,83.9,0.6176419564219999
2015,SAC,1,0.2187812187812188,0.356,1505.1710289710293,0.762,0.204,95.4,83.9,0.4024870025007149
2015,SAC,2,0.0939060939060939,0.416,646.055144855145,0.762,0.204,95.4,83.9,0.3835309341832187
2015,SAC,3,0.1808191808191808,0.395,1243.9998001998003,0.762,0.204,95.4,83.9,0.3885111731788611
2015,SAC,4,0.0609350649350648,0.367,419.2210597402592,0.762,0.204,95.4,83.9,0.3644880410747313
2015,SAC,5,0.1428611388611388,0.3299101283880171,982.8560631368632,0.762,0.204,95.4,83.9,0.332835025017872
2015,SAS,0,0.278,0.634,2003.7684,0.78,0.269,93.8,87.9,0.6363656891679353
2015,SAS,1,0.202,0.462,1455.9756,0.78,0.269,93.8,87.9,0.4036652155639926
2015,SAS,2,0.103,0.404,742.4034,0.78,0.269,93.8,87.9,0.4000497124272889
2015,SAS,3,0.148,0.395,1066.7544,0.78,0.269,93.8,87.9,0.3908841211147568
2015,SAS,4,0.077472,0.423,558.4026816,0.78,0.269,93.8,87.9,0.3645901356478241
2015,SAS,5,0.191528,0.3443483146067416,1380.4955184000005,0.78,0.269,93.8,87.9,0.344885712315418
2015,TOR,0,0.254,0.644,1851.6092,0.787,0.302,92.8,88.9,0.6554975841576354
2015,TOR,1,0.195,0.446,1421.5110000000002,0.787,0.302,92.8,88.9,0.4096454552703204
2015,TOR,2,0.104,0.393,758.1392,0.787,0.302,92.8,88.9,0.4102218959992035
2015,TOR,3,0.145,0.395,1057.021,0.787,0.302,92.8,88.9,0.399522431964787
2015,TOR,4,0.079728,0.408,581.2011744,0.787,0.302,92.8,88.9,0.3724548374495873
2015,TOR,5,0.222272,0.3319130434782608,1620.3184256000002,0.787,0.302,92.8,88.9,0.348197825963079
2015,UTA,0,0.299,0.669,2145.325,0.721,0.274,90.4,87.5,0.6228442773151186
2015,UTA,1,0.17,0.333,1219.7500000000002,0.721,0.274,90.4,87.5,0.3833352526012673
2015,UTA,2,0.096,0.395,688.8000000000001,0.721,0.274,90.4,87.5,0.3891015376630042
2015,UTA,3,0.161,0.363,1155.175,0.721,0.274,90.4,87.5,0.3882257918161619
2015,UTA,4,0.07535,0.376,540.63625,0.721,0.274,90.4,87.5,0.3600548515875971
2015,UTA,5,0.19865,0.3304827586206897,1425.31375,0.721,0.274,90.4,87.5,0.338194438327278
2015,WAS,0,0.287,0.658,2052.1648,0.742,0.203,93.7,87.2,0.6225020814610485
2015,WAS,1,0.142,0.385,1015.3568,0.742,0.203,93.7,87.2,0.3681694311169087
2015,WAS,2,0.138,0.409,986.7552000000002,0.742,0.203,93.7,87.2,0.4150087239091815
2015,WAS,3,0.23,0.389,1644.592,0.742,0.203,93.7,87.2,0.391113875048636
2015,WAS,4,0.05684,0.37,406.428736,0.742,0.203,93.7,87.2,0.3657745103224836
2015,WAS,5,0.14616,0.356111111111111,1045.102464,0.742,0.203,93.7,87.2,0.3322145236558466
2014,ATL,0,0.263,0.643,1843.893,0.781,0.316,94.6,85.5,0.6596266638216429
2014,ATL,1,0.174,0.409,1219.914,0.781,0.316,94.6,85.5,0.4081504496400143
2014,ATL,2,0.102,0.419,715.122,0.781,0.316,94.6,85.5,0.4165297676199325
2014,ATL,3,0.145,0.413,1016.595,0.781,0.316,94.6,85.5,0.4072847346618458
2014,ATL,4,0.084688,0.386,593.747568,0.781,0.316,94.6,85.5,0.3768083039218111
2014,ATL,5,0.231312,0.3545792349726776,1621.728432,0.781,0.316,94.6,85.5,0.3530067025665181
2014,BOS,0,0.273,0.608,2008.0242000000003,0.777,0.251,93.3,89.7,0.6387942373174553
2014,BOS,1,0.148,0.348,1088.5992,0.777,0.251,93.3,89.7,0.3813172713271965
2014,BOS,2,0.109,0.424,801.7386,0.777,0.251,93.3,89.7,0.4049633464611614
2014,BOS,3,0.219,0.402,1610.8326000000002,0.777,0.251,93.3,89.7,0.4028675608936342
2014,BOS,4,0.060742,0.39,446.78170680000005,0.777,0.251,93.3,89.7,0.3751430340005157
2014,BOS,5,0.190258,0.3148021108179419,1399.4236932,0.777,0.251,93.3,89.7,0.3453734079599862
2014,BRK,0,0.256,0.642,1771.7248,0.753,0.301,91.4,84.4,0.6526758182661138
2014,BRK,1,0.171,0.413,1183.4568000000002,0.753,0.301,91.4,84.4,0.3971653768620459
2014,BRK,2,0.112,0.427,775.1296000000001,0.753,0.301,91.4,84.4,0.4142717810869095
2014,BRK,3,0.16,0.405,1107.3280000000002,0.753,0.301,91.4,84.4,0.4014105606837858
2014,BRK,4,0.073143,0.391,506.2080744,0.753,0.301,91.4,84.4,0.3749947945608356
2014,BRK,5,0.227857,0.3619379128137384,1576.9527256,0.753,0.301,91.4,84.4,0.3443918025117568
2014,CHO,0,0.29,0.607,2087.8840000000005,0.737,0.219,92.4,87.8,0.6250411258955864
2014,CHO,1,0.151,0.414,1087.1396000000002,0.737,0.219,92.4,87.8,0.3752545171033373
2014,CHO,2,0.122,0.409,878.3512000000001,0.737,0.219,92.4,87.8,0.407775463764754
2014,CHO,3,0.218,0.352,1569.5128000000002,0.737,0.219,92.4,87.8,0.3956874456062177
2014,CHO,4,0.045771,0.371,329.5328916,0.737,0.219,92.4,87.8,0.3702725357816153
2014,CHO,5,0.173229,0.3457155499367888,1247.1795084,0.737,0.219,92.4,87.8,0.3373707020921385
2014,CHI,0,0.2967032967032967,0.597,2136.145054945055,0.779,0.222,90.2,87.8,0.6244965751236538
2014,CHI,1,0.1478521478521478,0.334,1064.4763236763238,0.779,0.222,90.2,87.8,0.3757671450417042
2014,CHI,2,0.1118881118881119,0.373,805.5496503496504,0.779,0.222,90.2,87.8,0.4016933617833473
2014,CHI,3,0.2217782217782218,0.392,1596.7144855144857,0.779,0.222,90.2,87.8,0.3972503747679456
2014,CHI,4,0.0487912087912087,0.383,351.27718681318686,0.779,0.222,90.2,87.8,0.3723086994596107
2014,CHI,5,0.172987012987013,0.3381282051282051,1245.437298701299,0.779,0.222,90.2,87.8,0.3390593319919456
2014,CLE,0,0.269,0.583,1985.22,0.751,0.236,93.1,90.0,0.6355389012098305
2014,CLE,1,0.17,0.388,1254.6,0.751,0.236,93.1,90.0,0.3848942376290695
2014,CLE,2,0.128,0.394,944.64,0.751,0.236,93.1,90.0,0.4145123679886746
2014,CLE,3,0.197,0.402,1453.86,0.751,0.236,93.1,90.0,0.3968327530305384
2014,CLE,4,0.059472,0.373,438.90336,0.751,0.236,93.1,90.0,0.3707975447610496
2014,CLE,5,0.176528,0.3502727272727273,1302.7766399999998,0.751,0.236,93.1,90.0,0.3400306720859628
2014,DAL,0,0.262,0.655,1905.6308000000004,0.795,0.274,93.5,88.7,0.6527228365051544
2014,DAL,1,0.156,0.418,1134.6504,0.795,0.274,93.5,88.7,0.3938331750764439
2014,DAL,2,0.135,0.426,981.909,0.795,0.274,93.5,88.7,0.4335252001449701
2014,DAL,3,0.173,0.428,1258.2982,0.795,0.274,93.5,88.7,0.406934592385218
2014,DAL,4,0.054526,0.412,396.5894084,0.795,0.274,93.5,88.7,0.3866940766578115
2014,DAL,5,0.219474,0.3770436953807741,1596.3221916000002,0.795,0.274,93.5,88.7,0.3494928111377758
2014,DEN,0,0.3093093093093093,0.634,2211.6852852852853,0.726,0.278,98.1,87.2,0.6305198237047981
2014,DEN,1,0.1821821821821821,0.373,1302.6754754754757,0.726,0.278,98.1,87.2,0.3987276777410007
2014,DEN,2,0.08008008008008,0.351,572.6046046046046,0.726,0.278,98.1,87.2,0.3885770574928058
2014,DEN,3,0.1501501501501501,0.366,1073.6336336336335,0.726,0.278,98.1,87.2,0.3958213565822757
2014,DEN,4,0.0667867867867867,0.416,477.5522402402403,0.726,0.278,98.1,87.2,0.3759712417570662
2014,DEN,5,0.2114914914914915,0.3396842105263158,1512.248760760761,0.726,0.278,98.1,87.2,0.3461166529987202
2014,DET,0,0.356,0.64,2659.3912,0.67,0.222,94.9,91.1,0.6027894562865539
2014,DET,1,0.197,0.344,1471.6294,0.67,0.222,94.9,91.1,0.3738783208195993
2014,DET,2,0.068,0.369,507.9736,0.67,0.222,94.9,91.1,0.3478251308302594
2014,DET,3,0.157,0.348,1172.8214,0.67,0.222,94.9,91.1,0.3659352651629238
2014,DET,4,0.055722,0.396,416.2544844,0.67,0.222,94.9,91.1,0.349209016125298
2014,DET,5,0.166278,0.2958664886515354,1242.1299156,0.67,0.222,94.9,91.1,0.3160949771273253
2014,GSW,0,0.264,0.654,1907.1888,0.753,0.291,96.2,88.1,0.6493834013025999
2014,GSW,1,0.176,0.394,1271.4591999999998,0.753,0.291,96.2,88.1,0.3991285104453587
2014,GSW,2,0.1,0.396,722.4200000000001,0.753,0.291,96.2,88.1,0.4052651738434373
2014,GSW,3,0.169,0.412,1220.8898,0.753,0.291,96.2,88.1,0.403509820732024
2014,GSW,4,0.06984,0.413,504.538128,0.753,0.291,96.2,88.1,0.3771046795225053
2014,GSW,5,0.22116,0.369578947368421,1597.7040719999998,0.753,0.291,96.2,88.1,0.3464615681646003
2014,HOU,0,0.3413413413413413,0.663,2323.169169169169,0.712,0.33,96.3,83.0,0.6383855555233298
2014,HOU,1,0.2142142142142142,0.405,1457.941941941942,0.712,0.33,96.3,83.0,0.4232593157600341
2014,HOU,2,0.049049049049049,0.391,333.8278278278279,0.712,0.33,96.3,83.0,0.3699760743968983
2014,HOU,3,0.065065065065065,0.343,442.8328328328329,0.712,0.33,96.3,83.0,0.3802900652028088
2014,HOU,4,0.0759759759759759,0.389,517.0924924924924,0.712,0.33,96.3,83.0,0.3787844049146503
2014,HOU,5,0.2543543543543543,0.3487402597402597,1731.1357357357356,0.712,0.33,96.3,83.0,0.3407477190290003
2014,IND,0,0.2487512487512487,0.611,1758.273326673327,0.779,0.235,92.5,86.2,0.6456137996938538
2014,IND,1,0.1878121878121878,0.418,1327.5316683316685,0.779,0.235,92.5,86.2,0.3943060562753354
2014,IND,2,0.1238761238761238,0.382,875.6059940059941,0.779,0.235,92.5,86.2,0.4134252696922416
2014,IND,3,0.2047952047952048,0.425,1447.5744255744255,0.779,0.235,92.5,86.2,0.3995404759751036
2014,IND,4,0.0577522477522476,0.406,408.21598801198735,0.779,0.235,92.5,86.2,0.3733452451784383
2014,IND,5,0.177012987012987,0.3410132625994694,1251.1985974025974,0.779,0.235,92.5,86.2,0.3419857632055071
2014,LAC,0,0.267,0.707,1874.1264,0.73,0.291,95.9,85.6,0.6478210049171941
2014,LAC,1,0.137,0.408,961.6304,0.73,0.291,95.9,85.6,0.3836250538655431
2014,LAC,2,0.097,0.422,680.8624,0.73,0.291,95.9,85.6,0.4028216233074171
2014,LAC,3,0.208,0.415,1459.9935999999998,0.73,0.291,95.9,85.6,0.4093146775309155
2014,LAC,4,0.083226,0.401,584.1799391999999,0.73,0.291,95.9,85.6,0.3676135932882126
2014,LAC,5,0.207774,0.3323725490196078,1458.4072608,0.73,0.291,95.9,85.6,0.3496223120607277
2014,LAL,0,0.247,0.64,1745.8948000000005,0.757,0.291,98.7,86.2,0.6579632901062233
2014,LAL,1,0.177,0.407,1251.1068000000002,0.757,0.291,98.7,86.2,0.4012907622429918
2014,LAL,2,0.116,0.392,819.9344000000003,0.757,0.291,98.7,86.2,0.4190672228223018
2014,LAL,3,0.169,0.375,1194.5596000000005,0.757,0.291,98.7,86.2,0.4052599608885334
2014,LAL,4,0.0695489999999999,0.405,491.6001515999994,0.757,0.291,98.7,86.2,0.3790391137662322
2014,LAL,5,0.2214509999999999,0.3734625492772667,1565.3042483999998,0.757,0.291,98.7,86.2,0.3481235090362655
2014,MEM,0,0.3006993006993007,0.631,2236.420979020979,0.741,0.171,89.9,90.7,0.6235073361236076
2014,MEM,1,0.2227772227772227,0.411,1656.8833166833165,0.741,0.171,89.9,90.7,0.4100454689737028
2014,MEM,2,0.1148851148851148,0.42,854.4465534465534,0.741,0.171,89.9,90.7,0.4042426804063927
2014,MEM,3,0.1908091908091908,0.39,1419.1242757242755,0.741,0.171,89.9,90.7,0.3955680300288646
2014,MEM,4,0.0478321678321678,0.368,355.746965034965,0.741,0.171,89.9,90.7,0.372481626428597
2014,MEM,5,0.1229970029970029,0.3471666666666666,914.77791008991,0.741,0.171,89.9,90.7,0.3455614206847808
2014,MIA,0,0.3296703296703296,0.697,2243.7362637362635,0.76,0.292,91.2,83.0,0.6291922418679732
2014,MIA,1,0.1268731268731268,0.467,863.4985014985012,0.76,0.292,91.2,83.0,0.3776390764779329
2014,MIA,2,0.0839160839160839,0.433,571.1328671328671,0.76,0.292,91.2,83.0,0.3920942990393838
2014,MIA,3,0.1678321678321678,0.413,1142.2657342657342,0.76,0.292,91.2,83.0,0.4010905160108934
2014,MIA,4,0.1085154845154845,0.429,738.5563876123874,0.76,0.292,91.2,83.0,0.3552974799996664
2014,MIA,5,0.183192807192807,0.3254968152866241,1246.8102457542448,0.76,0.292,91.2,83.0,0.3501585621043636
2014,MIL,0,0.3136863136863136,0.584,2278.993806193806,0.747,0.231,91.8,88.6,0.6181019508364696
2014,MIL,1,0.1678321678321678,0.365,1219.3342657342655,0.747,0.231,91.8,88.6,0.3813010823018439
2014,MIL,2,0.1058941058941058,0.389,769.3418581418579,0.747,0.231,91.8,88.6,0.3949966066327615
2014,MIL,3,0.1818181818181818,0.392,1320.9454545454544,0.747,0.231,91.8,88.6,0.3916589629579466
2014,MIL,4,0.0419999999999999,0.375,305.13839999999993,0.747,0.231,91.8,88.6,0.3687700449156691
2014,MIL,5,0.1887692307692307,0.3481051344743275,1371.446215384615,0.747,0.231,91.8,88.6,0.3378077978120569
2014,MIN,0,0.3336663336663336,0.619,2437.8329670329667,0.778,0.245,97.3,89.1,0.6237452443765563
2014,MIN,1,0.1568431568431568,0.386,1145.9274725274724,0.778,0.245,97.3,89.1,0.3838325211447352
2014,MIN,2,0.0909090909090909,0.348,664.1999999999998,0.778,0.245,97.3,89.1,0.3912112973999666
2014,MIN,3,0.1738261738261738,0.358,1270.0087912087909,0.778,0.245,97.3,89.1,0.3967927045020983
2014,MIN,4,0.0548251748251748,0.332,400.5636923076922,0.778,0.245,97.3,89.1,0.3763042243844126
2014,MIN,5,0.1899300699300699,0.3435979381443299,1387.6670769230768,0.778,0.245,97.3,89.1,0.3445342920893316
2014,NOP,0,0.3323323323323323,0.598,2417.185985985986,0.769,0.193,92.2,88.7,0.6190153627638049
2014,NOP,1,0.1831831831831831,0.37,1332.3645645645645,0.769,0.193,92.2,88.7,0.3897277556669065
2014,NOP,2,0.1071071071071071,0.419,779.0328328328328,0.769,0.193,92.2,88.7,0.3980328015539514
2014,NOP,3,0.1841841841841841,0.409,1339.6452452452452,0.769,0.193,92.2,88.7,0.3942238449788289
2014,NOP,4,0.0446276276276276,0.382,324.59458678678675,0.769,0.193,92.2,88.7,0.3717420495021524
2014,NOP,5,0.1485655655655655,0.370296488946684,1080.5767845845844,0.769,0.193,92.2,88.7,0.3374101265213406
2014,NYK,0,0.2522522522522523,0.628,1865.758558558559,0.761,0.302,90.3,90.2,0.6549352500447144
2014,NYK,1,0.1121121121121121,0.355,829.2260260260263,0.761,0.302,90.3,90.2,0.3738197031259549
2014,NYK,2,0.1111111111111111,0.412,821.8222222222223,0.761,0.302,90.3,90.2,0.4143394271168189
2014,NYK,3,0.2222222222222222,0.417,1643.6444444444446,0.761,0.302,90.3,90.2,0.4104707203567123
2014,NYK,4,0.0625765765765765,0.394,462.84139099099104,0.761,0.302,90.3,90.2,0.3820477348600305
2014,NYK,5,0.2397257257257257,0.3662572509457755,1773.107357757758,0.761,0.302,90.3,90.2,0.3410195491325938
2014,OKC,0,0.282,0.668,1990.9764,0.806,0.271,95.4,86.1,0.6465288117899008
2014,OKC,1,0.149,0.391,1051.9698,0.806,0.271,95.4,86.1,0.39300433347898
2014,OKC,2,0.131,0.434,924.8862,0.806,0.271,95.4,86.1,0.4327689150398315
2014,OKC,3,0.167,0.418,1179.0534,0.806,0.271,95.4,86.1,0.4074106671404536
2014,OKC,4,0.064769,0.353,457.2820938,0.806,0.271,95.4,86.1,0.384470230671262
2014,OKC,5,0.206231,0.3635124835742444,1456.0321062,0.806,0.271,95.4,86.1,0.35465418148101
2014,ORL,0,0.2772772772772773,0.601,1980.3697697697696,0.763,0.235,93.6,87.1,0.6330977010553479
2014,ORL,1,0.1521521521521521,0.385,1086.701101101101,0.763,0.235,93.6,87.1,0.3789205293445821
2014,ORL,2,0.1031031031031031,0.434,736.3829829829829,0.763,0.235,93.6,87.1,0.3965696720375756
2014,ORL,3,0.2322322322322322,0.399,1658.649049049049,0.763,0.235,93.6,87.1,0.39763021978612
2014,ORL,4,0.0668068068068068,0.359,477.1475755755754,0.763,0.235,93.6,87.1,0.368037380503147
2014,ORL,5,0.1684284284284284,0.3506201117318436,1202.949521521521,0.763,0.235,93.6,87.1,0.3400722735724018
2014,PHI,0,0.3533533533533534,0.601,2526.6178178178184,0.71,0.258,99.2,87.2,0.6264527409544849
2014,PHI,1,0.1901901901901902,0.356,1359.9359359359362,0.71,0.258,99.2,87.2,0.3954715778145333
2014,PHI,2,0.0870870870870871,0.374,622.7075075075076,0.71,0.258,99.2,87.2,0.3865834134443874
2014,PHI,3,0.1111111111111111,0.373,794.4888888888889,0.71,0.258,99.2,87.2,0.3785469520011729
2014,PHI,4,0.0498438438438438,0.331,356.4034210210211,0.71,0.258,99.2,87.2,0.3749200776309078
2014,PHI,5,0.2084144144144144,0.307456009913259,1490.246428828829,0.71,0.258,99.2,87.2,0.3400006140019211
2014,PHO,0,0.29,0.648,2064.1040000000003,0.758,0.3,95.8,86.8,0.6418246318585836
2014,PHO,1,0.149,0.374,1060.5224,0.758,0.3,95.8,86.8,0.3912753240970371
2014,PHO,2,0.118,0.43,839.8768,0.758,0.3,95.8,86.8,0.4215003524748688
2014,PHO,3,0.143,0.403,1017.8168000000002,0.758,0.3,95.8,86.8,0.399542977181384
2014,PHO,4,0.0819,0.404,582.9314400000001,0.758,0.3,95.8,86.8,0.3715048690133745
2014,PHO,5,0.2181,0.3599834938101788,1552.34856,0.758,0.3,95.8,86.8,0.3499973336259169
2014,POR,0,0.2582582582582583,0.628,1925.0054054054056,0.815,0.29,94.9,90.9,0.6637985497581469
2014,POR,1,0.1331331331331331,0.368,992.347747747748,0.815,0.29,94.9,90.9,0.3944992457008314
2014,POR,2,0.1101101101101101,0.387,820.738738738739,0.815,0.29,94.9,90.9,0.4248464925286331
2014,POR,3,0.2082082082082082,0.422,1551.9423423423425,0.815,0.29,94.9,90.9,0.4217627254950212
2014,POR,4,0.073153153153153,0.39,545.2689729729723,0.815,0.29,94.9,90.9,0.3870212308668633
2014,POR,5,0.2171371371371371,0.3659358288770053,1618.4967927927923,0.815,0.29,94.9,90.9,0.3597256817261413
2014,SAC,0,0.249,0.665,1772.2823999999998,0.759,0.218,94.4,86.8,0.6432115047711936
2014,SAC,1,0.239,0.391,1701.1063999999997,0.759,0.218,94.4,86.8,0.4195991994726534
2014,SAC,2,0.106,0.412,754.4655999999999,0.759,0.218,94.4,86.8,0.3974224635035882
2014,SAC,3,0.188,0.382,1338.1088,0.759,0.218,94.4,86.8,0.395114484658083
2014,SAC,4,0.04469,0.374,318.085544,0.759,0.218,94.4,86.8,0.3719802159284626
2014,SAC,5,0.17331,0.3224276729559748,1233.551256,0.759,0.218,94.4,86.8,0.339318985026275
2014,SAS,0,0.287,0.673,2059.2250000000004,0.785,0.257,95.0,87.5,0.6360864961315434
2014,SAS,1,0.185,0.437,1327.3750000000002,0.785,0.257,95.0,87.5,0.3987656590003449
2014,SAS,2,0.09,0.389,645.7500000000001,0.785,0.257,95.0,87.5,0.3941990928742268
2014,SAS,3,0.181,0.413,1298.6750000000002,0.785,0.257,95.0,87.5,0.4018683145754475
2014,SAS,4,0.076843,0.41,551.348525,0.785,0.257,95.0,87.5,0.3682058778901697
2014,SAS,5,0.180157,0.3914550641940086,1292.6264750000005,0.785,0.257,95.0,87.5,0.347952062122393
2014,TOR,0,0.2257742257742258,0.642,1629.186813186814,0.782,0.285,91.8,88.0,0.6641822917437769
2014,TOR,1,0.2057942057942058,0.417,1485.0109890109893,0.782,0.285,91.8,88.0,0.4128536681713795
2014,TOR,2,0.1028971028971029,0.402,742.5054945054947,0.782,0.285,91.8,88.0,0.4072146883095892
2014,TOR,3,0.1808191808191808,0.372,1304.791208791209,0.782,0.285,91.8,88.0,0.4058958670355265
2014,TOR,4,0.0737412587412586,0.388,532.1169230769225,0.782,0.285,91.8,88.0,0.3744061197703034
2014,TOR,5,0.2109740259740259,0.3664075573549257,1522.3885714285711,0.782,0.285,91.8,88.0,0.3491141535746715
2014,UTA,0,0.281,0.653,2034.6086,0.747,0.237,91.4,88.3,0.6279428411255504
2014,UTA,1,0.177,0.367,1281.5862,0.747,0.237,91.4,88.3,0.3849311792062903
2014,UTA,2,0.106,0.374,767.5036,0.747,0.237,91.4,88.3,0.3950214469437572
2014,UTA,3,0.199,0.372,1440.8794,0.747,0.237,91.4,88.3,0.3942782018972479
2014,UTA,4,0.057828,0.393,418.7094168,0.747,0.237,91.4,88.3,0.3686148202719553
2014,UTA,5,0.179172,0.3281851851851851,1297.3127832,0.747,0.237,91.4,88.3,0.3374601435286782
2014,WAS,0,0.2732732732732733,0.676,1989.8666666666663,0.731,0.246,93.2,88.8,0.6349511883714909
2014,WAS,1,0.1431431431431431,0.374,1042.3111111111111,0.731,0.246,93.2,88.8,0.3757138835687284
2014,WAS,2,0.1161161161161161,0.366,845.5111111111112,0.731,0.246,93.2,88.8,0.4067339992697475
2014,WAS,3,0.2212212212212212,0.384,1610.8444444444444,0.731,0.246,93.2,88.8,0.3990416147340332
2014,WAS,4,0.0753513513513513,0.401,548.6783999999999,0.731,0.246,93.2,88.8,0.3627558440239929
2014,WAS,5,0.1708948948948948,0.3707406340057637,1244.3882666666664,0.731,0.246,93.2,88.8,0.3405933945381971
